0 verbose cli /usr/bin/node /usr/bin/npm
1 info using npm@10.8.2
2 info using node@v20.19.5
3 silly config load:file:/usr/lib/node_modules/npm/npmrc
4 silly config load:file:/home/david/Documents/M-Fix-back-office/.npmrc
5 silly config load:file:/home/david/.npmrc
6 silly config load:file:/usr/etc/npmrc
7 verbose title npm install
8 verbose argv "install" "--cache" "./.npm-cache"
9 verbose logfile logs-max:10 dir:/home/david/Documents/M-Fix-back-office/.npm-cache/_logs/2025-11-12T15_14_01_422Z-
10 verbose logfile /home/david/Documents/M-Fix-back-office/.npm-cache/_logs/2025-11-12T15_14_01_422Z-debug-0.log
11 silly packumentCache heap:2197815296 maxSize:549453824 maxEntrySize:274726912
12 silly logfile done cleaning log files
13 silly idealTree buildDeps
14 silly reify moves {}
15 silly audit bulk request {
15 silly audit   '@ampproject/remapping': [ '2.2.0' ],
15 silly audit   '@angular-devkit/architect': [ '0.1502.11', '0.8.9' ],
15 silly audit   rxjs: [ '6.6.7', '6.2.2', '5.5.12', '7.8.0' ],
15 silly audit   tslib: [ '1.14.1', '2.3.0', '2.4.1', '2.5.0' ],
15 silly audit   '@angular-devkit/build-angular': [ '15.2.11' ],
15 silly audit   '@angular-devkit/build-webpack': [ '0.1502.11' ],
15 silly audit   '@angular-devkit/core': [ '15.2.11', '0.8.9' ],
15 silly audit   '@angular-devkit/schematics': [ '15.2.11', '0.8.9' ],
15 silly audit   '@angular/animations': [ '15.1.2' ],
15 silly audit   '@angular/cdk': [ '15.2.9' ],
15 silly audit   entities: [ '6.0.1', '2.2.0', '4.5.0' ],
15 silly audit   parse5: [ '7.3.0', '6.0.1', '7.2.1' ],
15 silly audit   '@angular/cli': [ '15.2.11', '6.2.9' ],
15 silly audit   '@angular/common': [ '15.1.2' ],
15 silly audit   '@angular/compiler': [ '15.1.2', '9.0.0' ],
15 silly audit   '@angular/compiler-cli': [ '15.1.2' ],
15 silly audit   '@babel/core': [ '7.19.3', '7.20.12' ],
15 silly audit   semver: [ '6.3.1', '5.6.0', '5.7.2', '7.5.3' ],
15 silly audit   'magic-string': [ '0.27.0', '0.29.0' ],
15 silly audit   '@angular/core': [ '15.1.2', '9.0.0' ],
15 silly audit   '@angular/forms': [ '15.1.2' ],
15 silly audit   '@angular/language-service': [ '15.1.2' ],
15 silly audit   '@angular/localize': [ '15.1.2' ],
15 silly audit   '@angular/material': [ '15.2.9' ],
15 silly audit   '@angular/platform-browser': [ '15.1.2' ],
15 silly audit   '@angular/platform-browser-dynamic': [ '15.1.2' ],
15 silly audit   '@angular/router': [ '15.1.2' ],
15 silly audit   '@assemblyscript/loader': [ '0.10.1' ],
15 silly audit   '@asymmetrik/ngx-leaflet': [ '15.0.1' ],
15 silly audit   '@auth0/angular-jwt': [ '5.2.0' ],
15 silly audit   '@babel/code-frame': [ '7.26.2' ],
15 silly audit   '@babel/compat-data': [ '7.20.14' ],
15 silly audit   '@babel/generator': [ '7.20.14', '7.26.5' ],
15 silly audit   '@jridgewell/gen-mapping': [ '0.3.2', '0.3.8', '0.1.1' ],
15 silly audit   '@babel/helper-annotate-as-pure': [ '7.18.6' ],
15 silly audit   '@babel/helper-builder-binary-assignment-operator-visitor': [ '7.18.9' ],
15 silly audit   '@babel/helper-compilation-targets': [ '7.20.7' ],
15 silly audit   '@babel/helper-create-class-features-plugin': [ '7.20.12' ],
15 silly audit   '@babel/helper-create-regexp-features-plugin': [ '7.20.5' ],
15 silly audit   '@babel/helper-define-polyfill-provider': [ '0.3.3' ],
15 silly audit   '@babel/helper-environment-visitor': [ '7.18.9' ],
15 silly audit   '@babel/helper-explode-assignable-expression': [ '7.18.6' ],
15 silly audit   '@babel/helper-function-name': [ '7.19.0' ],
15 silly audit   '@babel/helper-hoist-variables': [ '7.18.6' ],
15 silly audit   '@babel/helper-member-expression-to-functions': [ '7.20.7' ],
15 silly audit   '@babel/helper-module-imports': [ '7.18.6' ],
15 silly audit   '@babel/helper-module-transforms': [ '7.20.11' ],
15 silly audit   '@babel/helper-optimise-call-expression': [ '7.18.6' ],
15 silly audit   '@babel/helper-plugin-utils': [ '7.20.2' ],
15 silly audit   '@babel/helper-remap-async-to-generator': [ '7.18.9' ],
15 silly audit   '@babel/helper-replace-supers': [ '7.20.7' ],
15 silly audit   '@babel/helper-simple-access': [ '7.20.2' ],
15 silly audit   '@babel/helper-skip-transparent-expression-wrappers': [ '7.20.0' ],
15 silly audit   '@babel/helper-split-export-declaration': [ '7.18.6' ],
15 silly audit   '@babel/helper-string-parser': [ '7.25.9' ],
15 silly audit   '@babel/helper-validator-identifier': [ '7.25.9' ],
15 silly audit   '@babel/helper-validator-option': [ '7.18.6' ],
15 silly audit   '@babel/helper-wrap-function': [ '7.20.5' ],
15 silly audit   '@babel/helpers': [ '7.20.13' ],
15 silly audit   '@babel/parser': [ '7.26.5' ],
15 silly audit   '@babel/plugin-bugfix-safari-id-destructuring-collision-in-function-expression': [ '7.18.6' ],
15 silly audit   '@babel/plugin-bugfix-v8-spread-parameters-in-optional-chaining': [ '7.20.7' ],
15 silly audit   '@babel/plugin-proposal-async-generator-functions': [ '7.20.7' ],
15 silly audit   '@babel/plugin-proposal-class-properties': [ '7.18.6' ],
15 silly audit   '@babel/plugin-proposal-class-static-block': [ '7.20.7' ],
15 silly audit   '@babel/plugin-proposal-dynamic-import': [ '7.18.6' ],
15 silly audit   '@babel/plugin-proposal-export-namespace-from': [ '7.18.9' ],
15 silly audit   '@babel/plugin-proposal-json-strings': [ '7.18.6' ],
15 silly audit   '@babel/plugin-proposal-logical-assignment-operators': [ '7.20.7' ],
15 silly audit   '@babel/plugin-proposal-nullish-coalescing-operator': [ '7.18.6' ],
15 silly audit   '@babel/plugin-proposal-numeric-separator': [ '7.18.6' ],
15 silly audit   '@babel/plugin-proposal-object-rest-spread': [ '7.20.7' ],
15 silly audit   '@babel/plugin-proposal-optional-catch-binding': [ '7.18.6' ],
15 silly audit   '@babel/plugin-proposal-optional-chaining': [ '7.20.7' ],
15 silly audit   '@babel/plugin-proposal-private-methods': [ '7.18.6' ],
15 silly audit   '@babel/plugin-proposal-private-property-in-object': [ '7.20.5' ],
15 silly audit   '@babel/plugin-proposal-unicode-property-regex': [ '7.18.6' ],
15 silly audit   '@babel/plugin-syntax-async-generators': [ '7.8.4' ],
15 silly audit   '@babel/plugin-syntax-class-properties': [ '7.12.13' ],
15 silly audit   '@babel/plugin-syntax-class-static-block': [ '7.14.5' ],
15 silly audit   '@babel/plugin-syntax-dynamic-import': [ '7.8.3' ],
15 silly audit   '@babel/plugin-syntax-export-namespace-from': [ '7.8.3' ],
15 silly audit   '@babel/plugin-syntax-import-assertions': [ '7.20.0' ],
15 silly audit   '@babel/plugin-syntax-json-strings': [ '7.8.3' ],
15 silly audit   '@babel/plugin-syntax-logical-assignment-operators': [ '7.10.4' ],
15 silly audit   '@babel/plugin-syntax-nullish-coalescing-operator': [ '7.8.3' ],
15 silly audit   '@babel/plugin-syntax-numeric-separator': [ '7.10.4' ],
15 silly audit   '@babel/plugin-syntax-object-rest-spread': [ '7.8.3' ],
15 silly audit   '@babel/plugin-syntax-optional-catch-binding': [ '7.8.3' ],
15 silly audit   '@babel/plugin-syntax-optional-chaining': [ '7.8.3' ],
15 silly audit   '@babel/plugin-syntax-private-property-in-object': [ '7.14.5' ],
15 silly audit   '@babel/plugin-syntax-top-level-await': [ '7.14.5' ],
15 silly audit   '@babel/plugin-transform-arrow-functions': [ '7.20.7' ],
15 silly audit   '@babel/plugin-transform-async-to-generator': [ '7.20.7' ],
15 silly audit   '@babel/plugin-transform-block-scoped-functions': [ '7.18.6' ],
15 silly audit   '@babel/plugin-transform-block-scoping': [ '7.20.14' ],
15 silly audit   '@babel/plugin-transform-classes': [ '7.20.7' ],
15 silly audit   '@babel/plugin-transform-computed-properties': [ '7.20.7' ],
15 silly audit   '@babel/plugin-transform-destructuring': [ '7.20.7' ],
15 silly audit   '@babel/plugin-transform-dotall-regex': [ '7.18.6' ],
15 silly audit   '@babel/plugin-transform-duplicate-keys': [ '7.18.9' ],
15 silly audit   '@babel/plugin-transform-exponentiation-operator': [ '7.18.6' ],
15 silly audit   '@babel/plugin-transform-for-of': [ '7.18.8' ],
15 silly audit   '@babel/plugin-transform-function-name': [ '7.18.9' ],
15 silly audit   '@babel/plugin-transform-literals': [ '7.18.9' ],
15 silly audit   '@babel/plugin-transform-member-expression-literals': [ '7.18.6' ],
15 silly audit   '@babel/plugin-transform-modules-amd': [ '7.20.11' ],
15 silly audit   '@babel/plugin-transform-modules-commonjs': [ '7.20.11' ],
15 silly audit   '@babel/plugin-transform-modules-systemjs': [ '7.20.11' ],
15 silly audit   '@babel/plugin-transform-modules-umd': [ '7.18.6' ],
15 silly audit   '@babel/plugin-transform-named-capturing-groups-regex': [ '7.20.5' ],
15 silly audit   '@babel/plugin-transform-new-target': [ '7.18.6' ],
15 silly audit   '@babel/plugin-transform-object-super': [ '7.18.6' ],
15 silly audit   '@babel/plugin-transform-parameters': [ '7.20.7' ],
15 silly audit   '@babel/plugin-transform-property-literals': [ '7.18.6' ],
15 silly audit   '@babel/plugin-transform-regenerator': [ '7.20.5' ],
15 silly audit   '@babel/plugin-transform-reserved-words': [ '7.18.6' ],
15 silly audit   '@babel/plugin-transform-runtime': [ '7.19.6' ],
15 silly audit   '@babel/plugin-transform-shorthand-properties': [ '7.18.6' ],
15 silly audit   '@babel/plugin-transform-spread': [ '7.20.7' ],
15 silly audit   '@babel/plugin-transform-sticky-regex': [ '7.18.6' ],
15 silly audit   '@babel/plugin-transform-template-literals': [ '7.18.9' ],
15 silly audit   '@babel/plugin-transform-typeof-symbol': [ '7.18.9' ],
15 silly audit   '@babel/plugin-transform-unicode-escapes': [ '7.18.10' ],
15 silly audit   '@babel/plugin-transform-unicode-regex': [ '7.18.6' ],
15 silly audit   '@babel/preset-env': [ '7.20.2' ],
15 silly audit   '@babel/preset-modules': [ '0.1.5' ],
15 silly audit   '@babel/runtime': [ '7.20.13' ],
15 silly audit   '@babel/template': [ '7.20.7', '7.25.9' ],
15 silly audit   '@babel/traverse': [ '7.26.5' ],
15 silly audit   jsesc: [ '3.1.0', '2.5.2', '0.5.0' ],
15 silly audit   '@babel/types': [ '7.26.5' ],
15 silly audit   '@ckeditor/ckeditor5-adapter-ckfinder': [ '35.4.0' ],
15 silly audit   '@ckeditor/ckeditor5-angular': [ '4.0.0' ],
15 silly audit   '@ckeditor/ckeditor5-autoformat': [ '35.4.0' ],
15 silly audit   '@ckeditor/ckeditor5-basic-styles': [ '35.4.0' ],
15 silly audit   '@ckeditor/ckeditor5-block-quote': [ '35.4.0' ],
15 silly audit   '@ckeditor/ckeditor5-build-classic': [ '35.4.0' ],
15 silly audit   '@ckeditor/ckeditor5-ckbox': [ '35.4.0' ],
15 silly audit   '@ckeditor/ckeditor5-ckfinder': [ '35.4.0' ],
15 silly audit   '@ckeditor/ckeditor5-clipboard': [ '35.4.0' ],
15 silly audit   '@ckeditor/ckeditor5-cloud-services': [ '35.4.0' ],
15 silly audit   '@ckeditor/ckeditor5-core': [ '35.4.0' ],
15 silly audit   '@ckeditor/ckeditor5-easy-image': [ '35.4.0' ],
15 silly audit   '@ckeditor/ckeditor5-editor-classic': [ '35.4.0' ],
15 silly audit   '@ckeditor/ckeditor5-engine': [ '35.4.0' ],
15 silly audit   '@ckeditor/ckeditor5-enter': [ '35.4.0' ],
15 silly audit   '@ckeditor/ckeditor5-essentials': [ '35.4.0' ],
15 silly audit   '@ckeditor/ckeditor5-heading': [ '35.4.0' ],
15 silly audit   '@ckeditor/ckeditor5-image': [ '35.4.0' ],
15 silly audit   '@ckeditor/ckeditor5-indent': [ '35.4.0' ],
15 silly audit   '@ckeditor/ckeditor5-link': [ '35.4.0' ],
15 silly audit   '@ckeditor/ckeditor5-list': [ '35.4.0' ],
15 silly audit   '@ckeditor/ckeditor5-media-embed': [ '35.4.0' ],
15 silly audit   '@ckeditor/ckeditor5-paragraph': [ '35.4.0' ],
15 silly audit   '@ckeditor/ckeditor5-paste-from-office': [ '35.4.0' ],
15 silly audit   '@ckeditor/ckeditor5-select-all': [ '35.4.0' ],
15 silly audit   '@ckeditor/ckeditor5-table': [ '35.4.0' ],
15 silly audit   '@ckeditor/ckeditor5-typing': [ '35.4.0' ],
15 silly audit   '@ckeditor/ckeditor5-ui': [ '35.4.0' ],
15 silly audit   '@ckeditor/ckeditor5-undo': [ '35.4.0' ],
15 silly audit   '@ckeditor/ckeditor5-upload': [ '35.4.0' ],
15 silly audit   '@ckeditor/ckeditor5-utils': [ '35.4.0' ],
15 silly audit   '@ckeditor/ckeditor5-watchdog': [ '34.2.0' ],
15 silly audit   '@ckeditor/ckeditor5-widget': [ '35.4.0' ],
15 silly audit   '@colors/colors': [ '1.5.0' ],
15 silly audit   '@cspotcode/source-map-support': [ '0.8.1' ],
15 silly audit   '@jridgewell/trace-mapping': [ '0.3.9', '0.3.25' ],
15 silly audit   '@ctrl/ngx-emoji-mart': [ '7.1.0' ],
15 silly audit   '@discoveryjs/json-ext': [ '0.5.7' ],
15 silly audit   '@esbuild/android-arm': [ '0.17.8' ],
15 silly audit   '@esbuild/android-arm64': [ '0.17.8' ],
15 silly audit   '@esbuild/android-x64': [ '0.17.8' ],
15 silly audit   '@esbuild/darwin-arm64': [ '0.17.8' ],
15 silly audit   '@esbuild/darwin-x64': [ '0.17.8' ],
15 silly audit   '@esbuild/freebsd-arm64': [ '0.17.8' ],
15 silly audit   '@esbuild/freebsd-x64': [ '0.17.8' ],
15 silly audit   '@esbuild/linux-arm': [ '0.17.8' ],
15 silly audit   '@esbuild/linux-arm64': [ '0.17.8' ],
15 silly audit   '@esbuild/linux-ia32': [ '0.17.8' ],
15 silly audit   '@esbuild/linux-loong64': [ '0.17.8' ],
15 silly audit   '@esbuild/linux-mips64el': [ '0.17.8' ],
15 silly audit   '@esbuild/linux-ppc64': [ '0.17.8' ],
15 silly audit   '@esbuild/linux-riscv64': [ '0.17.8' ],
15 silly audit   '@esbuild/linux-s390x': [ '0.17.8' ],
15 silly audit   '@esbuild/linux-x64': [ '0.17.8' ],
15 silly audit   '@esbuild/netbsd-x64': [ '0.17.8' ],
15 silly audit   '@esbuild/openbsd-x64': [ '0.17.8' ],
15 silly audit   '@esbuild/sunos-x64': [ '0.17.8' ],
15 silly audit   '@esbuild/win32-arm64': [ '0.17.8' ],
15 silly audit   '@esbuild/win32-ia32': [ '0.17.8' ],
15 silly audit   '@esbuild/win32-x64': [ '0.17.8' ],
15 silly audit   '@firebase/analytics': [ '0.10.0' ],
15 silly audit   '@firebase/analytics-compat': [ '0.2.6' ],
15 silly audit   '@firebase/analytics-types': [ '0.8.0' ],
15 silly audit   '@firebase/app': [ '0.9.13' ],
15 silly audit   '@firebase/app-check': [ '0.8.0' ],
15 silly audit   '@firebase/app-check-compat': [ '0.3.7' ],
15 silly audit   '@firebase/app-check-interop-types': [ '0.3.0' ],
15 silly audit   '@firebase/app-check-types': [ '0.5.0' ],
15 silly audit   '@firebase/app-compat': [ '0.2.13' ],
15 silly audit   '@firebase/app-types': [ '0.9.0' ],
15 silly audit   '@firebase/auth': [ '0.23.2' ],
15 silly audit   '@firebase/auth-compat': [ '0.4.2' ],
15 silly audit   '@firebase/auth-interop-types': [ '0.2.1' ],
15 silly audit   '@firebase/auth-types': [ '0.12.0' ],
15 silly audit   '@firebase/component': [ '0.6.4' ],
15 silly audit   '@firebase/database': [ '0.14.4' ],
15 silly audit   '@firebase/database-compat': [ '0.3.4' ],
15 silly audit   '@firebase/database-types': [ '0.10.4' ],
15 silly audit   '@firebase/firestore': [ '3.13.0' ],
15 silly audit   '@firebase/firestore-compat': [ '0.3.12' ],
15 silly audit   '@firebase/firestore-types': [ '2.5.1' ],
15 silly audit   '@firebase/functions': [ '0.10.0' ],
15 silly audit   '@firebase/functions-compat': [ '0.3.5' ],
15 silly audit   '@firebase/functions-types': [ '0.6.0' ],
15 silly audit   '@firebase/installations': [ '0.6.4' ],
15 silly audit   '@firebase/installations-compat': [ '0.2.4' ],
15 silly audit   '@firebase/installations-types': [ '0.5.0' ],
15 silly audit   idb: [ '7.0.1', '7.1.1' ],
15 silly audit   '@firebase/logger': [ '0.4.0' ],
15 silly audit   '@firebase/messaging': [ '0.12.4' ],
15 silly audit   '@firebase/messaging-compat': [ '0.2.4' ],
15 silly audit   '@firebase/messaging-interop-types': [ '0.2.0' ],
15 silly audit   '@firebase/performance': [ '0.6.4' ],
15 silly audit   '@firebase/performance-compat': [ '0.2.4' ],
15 silly audit   '@firebase/performance-types': [ '0.2.0' ],
15 silly audit   '@firebase/remote-config': [ '0.4.4' ],
15 silly audit   '@firebase/remote-config-compat': [ '0.2.4' ],
15 silly audit   '@firebase/remote-config-types': [ '0.3.0' ],
15 silly audit   '@firebase/storage': [ '0.11.2' ],
15 silly audit   '@firebase/storage-compat': [ '0.3.2' ],
15 silly audit   '@firebase/storage-types': [ '0.8.0' ],
15 silly audit   '@firebase/util': [ '1.9.3' ],
15 silly audit   '@firebase/webchannel-wrapper': [ '0.10.1' ],
15 silly audit   '@fullcalendar/angular': [ '6.1.1' ],
15 silly audit   '@fullcalendar/core': [ '6.1.1' ],
15 silly audit   '@fullcalendar/daygrid': [ '6.1.1' ],
15 silly audit   '@fullcalendar/interaction': [ '6.1.1' ],
15 silly audit   '@fullcalendar/list': [ '6.1.1' ],
15 silly audit   '@fullcalendar/timegrid': [ '6.1.1' ],
15 silly audit   '@gar/promisify': [ '1.1.3' ],
15 silly audit   '@grpc/grpc-js': [ '1.7.3' ],
15 silly audit   '@grpc/proto-loader': [ '0.7.13', '0.6.13' ],
15 silly audit   long: [ '5.2.4', '4.0.0' ],
15 silly audit   protobufjs: [ '7.4.0', '6.11.4' ],
15 silly audit   yargs: [ '17.7.2', '16.2.0', '15.4.1', '17.6.2' ],
15 silly audit   cliui: [ '7.0.4', '8.0.1', '6.0.0' ],
15 silly audit   'yargs-parser': [ '20.2.9', '10.1.0', '18.1.3', '21.1.1' ],
15 silly audit   '@isaacs/cliui': [ '8.0.2' ],
15 silly audit   'ansi-regex': [ '6.1.0', '5.0.1', '2.1.1' ],
15 silly audit   'ansi-styles': [ '6.2.1', '4.3.0', '2.2.1', '3.2.1' ],
15 silly audit   'emoji-regex': [ '9.2.2', '8.0.0' ],
15 silly audit   'string-width': [ '5.1.2', '1.0.2', '4.2.3' ],
15 silly audit   'strip-ansi': [ '7.1.0', '3.0.1', '6.0.1' ],
15 silly audit   'wrap-ansi': [ '8.1.0', '6.2.0', '7.0.0' ],
15 silly audit   '@istanbuljs/load-nyc-config': [ '1.1.0' ],
15 silly audit   '@istanbuljs/schema': [ '0.1.3' ],
15 silly audit   '@jridgewell/resolve-uri': [ '3.1.0' ],
15 silly audit   '@jridgewell/set-array': [ '1.2.1' ],
15 silly audit   '@jridgewell/source-map': [ '0.3.6' ],
15 silly audit   '@jridgewell/sourcemap-codec': [ '1.4.14' ],
15 silly audit   '@juggle/resize-observer': [ '3.4.0' ],
15 silly audit   '@leichtgewicht/ip-codec': [ '2.0.4' ],
15 silly audit   '@material/animation': [ '15.0.0-canary.684e33d25.0' ],
15 silly audit   '@material/auto-init': [ '15.0.0-canary.684e33d25.0' ],
15 silly audit   '@material/banner': [ '15.0.0-canary.684e33d25.0' ],
15 silly audit   '@material/base': [ '15.0.0-canary.684e33d25.0' ],
15 silly audit   '@material/button': [ '15.0.0-canary.684e33d25.0' ],
15 silly audit   '@material/card': [ '15.0.0-canary.684e33d25.0' ],
15 silly audit   '@material/checkbox': [ '15.0.0-canary.684e33d25.0' ],
15 silly audit   '@material/chips': [ '15.0.0-canary.684e33d25.0' ],
15 silly audit   '@material/circular-progress': [ '15.0.0-canary.684e33d25.0' ],
15 silly audit   '@material/data-table': [ '15.0.0-canary.684e33d25.0' ],
15 silly audit   '@material/density': [ '15.0.0-canary.684e33d25.0' ],
15 silly audit   '@material/dialog': [ '15.0.0-canary.684e33d25.0' ],
15 silly audit   '@material/dom': [ '15.0.0-canary.684e33d25.0' ],
15 silly audit   '@material/drawer': [ '15.0.0-canary.684e33d25.0' ],
15 silly audit   '@material/elevation': [ '15.0.0-canary.684e33d25.0' ],
15 silly audit   '@material/fab': [ '15.0.0-canary.684e33d25.0' ],
15 silly audit   '@material/feature-targeting': [ '15.0.0-canary.684e33d25.0' ],
15 silly audit   '@material/floating-label': [ '15.0.0-canary.684e33d25.0' ],
15 silly audit   '@material/focus-ring': [ '15.0.0-canary.684e33d25.0' ],
15 silly audit   '@material/form-field': [ '15.0.0-canary.684e33d25.0' ],
15 silly audit   '@material/icon-button': [ '15.0.0-canary.684e33d25.0' ],
15 silly audit   '@material/image-list': [ '15.0.0-canary.684e33d25.0' ],
15 silly audit   '@material/layout-grid': [ '15.0.0-canary.684e33d25.0' ],
15 silly audit   '@material/line-ripple': [ '15.0.0-canary.684e33d25.0' ],
15 silly audit   '@material/linear-progress': [ '15.0.0-canary.684e33d25.0' ],
15 silly audit   '@material/list': [ '15.0.0-canary.684e33d25.0' ],
15 silly audit   '@material/menu': [ '15.0.0-canary.684e33d25.0' ],
15 silly audit   '@material/menu-surface': [ '15.0.0-canary.684e33d25.0' ],
15 silly audit   '@material/notched-outline': [ '15.0.0-canary.684e33d25.0' ],
15 silly audit   '@material/progress-indicator': [ '15.0.0-canary.684e33d25.0' ],
15 silly audit   '@material/radio': [ '15.0.0-canary.684e33d25.0' ],
15 silly audit   '@material/ripple': [ '15.0.0-canary.684e33d25.0' ],
15 silly audit   '@material/rtl': [ '15.0.0-canary.684e33d25.0' ],
15 silly audit   '@material/segmented-button': [ '15.0.0-canary.684e33d25.0' ],
15 silly audit   '@material/select': [ '15.0.0-canary.684e33d25.0' ],
15 silly audit   '@material/shape': [ '15.0.0-canary.684e33d25.0' ],
15 silly audit   '@material/slider': [ '15.0.0-canary.684e33d25.0' ],
15 silly audit   '@material/snackbar': [ '15.0.0-canary.684e33d25.0' ],
15 silly audit   '@material/switch': [ '15.0.0-canary.684e33d25.0' ],
15 silly audit   '@material/tab': [ '15.0.0-canary.684e33d25.0' ],
15 silly audit   '@material/tab-bar': [ '15.0.0-canary.684e33d25.0' ],
15 silly audit   '@material/tab-indicator': [ '15.0.0-canary.684e33d25.0' ],
15 silly audit   '@material/tab-scroller': [ '15.0.0-canary.684e33d25.0' ],
15 silly audit   '@material/textfield': [ '15.0.0-canary.684e33d25.0' ],
15 silly audit   '@material/theme': [ '15.0.0-canary.684e33d25.0' ],
15 silly audit   '@material/tokens': [ '15.0.0-canary.684e33d25.0' ],
15 silly audit   '@material/tooltip': [ '15.0.0-canary.684e33d25.0' ],
15 silly audit   '@material/top-app-bar': [ '15.0.0-canary.684e33d25.0' ],
15 silly audit   '@material/touch-target': [ '15.0.0-canary.684e33d25.0' ],
15 silly audit   '@material/typography': [ '15.0.0-canary.684e33d25.0' ],
15 silly audit   '@ng-select/ng-select': [ '10.0.3' ],
15 silly audit   '@ngrx/effects': [ '15.4.0' ],
15 silly audit   '@ngrx/store': [ '15.4.0' ],
15 silly audit   '@ngrx/store-devtools': [ '15.4.0' ],
15 silly audit   '@ngtools/webpack': [ '15.2.11' ],
15 silly audit   '@ngx-translate/core': [ '14.0.0' ],
15 silly audit   '@ngx-translate/http-loader': [ '7.0.0' ],
15 silly audit   '@nicky-lenaers/ngx-scroll-to': [ '14.0.0' ],
15 silly audit   '@nodelib/fs.scandir': [ '2.1.5' ],
15 silly audit   '@nodelib/fs.stat': [ '2.0.5' ],
15 silly audit   '@nodelib/fs.walk': [ '1.2.8' ],
15 silly audit   '@npmcli/fs': [ '3.1.0', '2.1.2' ],
15 silly audit   '@npmcli/git': [ '4.1.0' ],
15 silly audit   'lru-cache': [ '7.18.3', '5.1.1', '4.1.5', '10.4.3', '6.0.0' ],
15 silly audit   which: [ '3.0.1', '2.0.2', '1.3.1' ],
15 silly audit   '@npmcli/installed-package-contents': [ '2.1.0' ],
15 silly audit   '@npmcli/move-file': [ '2.0.1' ],
15 silly audit   mkdirp: [ '1.0.4', '0.5.6' ],
15 silly audit   '@npmcli/node-gyp': [ '3.0.0' ],
15 silly audit   '@npmcli/promise-spawn': [ '6.0.2' ],
15 silly audit   '@npmcli/run-script': [ '6.0.2' ],
15 silly audit   '@pkgjs/parseargs': [ '0.11.0' ],
15 silly audit   '@popperjs/core': [ '2.11.6' ],
15 silly audit   '@protobufjs/aspromise': [ '1.1.2' ],
15 silly audit   '@protobufjs/base64': [ '1.1.2' ],
15 silly audit   '@protobufjs/codegen': [ '2.0.4' ],
15 silly audit   '@protobufjs/eventemitter': [ '1.1.0' ],
15 silly audit   '@protobufjs/fetch': [ '1.1.0' ],
15 silly audit   '@protobufjs/float': [ '1.0.2' ],
15 silly audit   '@protobufjs/inquire': [ '1.1.0' ],
15 silly audit   '@protobufjs/path': [ '1.1.2' ],
15 silly audit   '@protobufjs/pool': [ '1.1.0' ],
15 silly audit   '@protobufjs/utf8': [ '1.1.0' ],
15 silly audit   '@schematics/angular': [ '15.2.11', '0.8.9' ],
15 silly audit   '@schematics/update': [ '0.8.9' ],
15 silly audit   ajv: [ '6.4.0', '8.12.0', '6.12.6' ],
15 silly audit   anymatch: [ '2.0.0', '3.1.3' ],
15 silly audit   'binary-extensions': [ '1.13.1', '2.2.0' ],
15 silly audit   braces: [ '2.3.2', '3.0.3' ],
15 silly audit   chokidar: [ '2.0.4', '3.5.3' ],
15 silly audit   'define-property': [ '2.0.2', '1.0.0', '0.2.5' ],
15 silly audit   'fast-deep-equal': [ '1.1.0', '3.1.3' ],
15 silly audit   'fill-range': [ '4.0.0', '7.1.1' ],
15 silly audit   fsevents: [ '1.2.13', '2.3.3' ],
15 silly audit   'glob-parent': [ '3.1.0', '6.0.2', '5.1.2' ],
15 silly audit   'is-glob': [ '3.1.0', '4.0.3' ],
15 silly audit   'is-binary-path': [ '1.0.1', '2.1.0' ],
15 silly audit   'is-descriptor': [ '1.0.3', '0.1.7' ],
15 silly audit   'is-extendable': [ '1.0.1', '0.1.1' ],
15 silly audit   'is-number': [ '3.0.0', '7.0.0' ],
15 silly audit   'kind-of': [ '3.2.2', '4.0.0', '6.0.3' ],
15 silly audit   'json-schema-traverse': [ '0.3.1', '0.4.1', '1.0.0' ],
15 silly audit   micromatch: [ '3.1.10', '4.0.8' ],
15 silly audit   'extend-shallow': [ '3.0.2', '2.0.1' ],
15 silly audit   'normalize-path': [ '2.1.1', '3.0.0' ],
15 silly audit   'readable-stream': [ '2.3.8', '2.3.7', '3.6.0' ],
15 silly audit   readdirp: [ '2.2.1', '3.6.0' ],
15 silly audit   'safe-buffer': [ '5.1.2', '5.2.1' ],
15 silly audit   'source-map': [ '0.5.7', '0.6.1', '0.7.4' ],
15 silly audit   string_decoder: [ '1.1.1', '1.3.0' ],
15 silly audit   'to-regex-range': [ '2.1.1', '5.0.1' ],
15 silly audit   'uri-js': [ '3.0.2', '4.4.1' ],
15 silly audit   '@sigstore/bundle': [ '1.1.0' ],
15 silly audit   '@sigstore/protobuf-specs': [ '0.2.1' ],
15 silly audit   '@sigstore/sign': [ '1.0.0' ],
15 silly audit   'make-fetch-happen': [ '11.1.1', '10.2.1', '4.0.2' ],
15 silly audit   minipass: [ '5.0.0', '7.1.2', '3.3.6', '4.0.1', '2.9.0' ],
15 silly audit   'minipass-fetch': [ '3.0.5', '2.1.2' ],
15 silly audit   '@sigstore/tuf': [ '1.0.3' ],
15 silly audit   '@socket.io/component-emitter': [ '3.1.2' ],
15 silly audit   '@tootallnate/once': [ '2.0.0' ],
15 silly audit   '@tsconfig/node10': [ '1.0.9' ],
15 silly audit   '@tsconfig/node12': [ '1.0.11' ],
15 silly audit   '@tsconfig/node14': [ '1.0.3' ],
15 silly audit   '@tsconfig/node16': [ '1.0.3' ],
15 silly audit   '@tufjs/canonical-json': [ '1.0.0' ],
15 silly audit   '@tufjs/models': [ '1.0.4' ],
15 silly audit   minimatch: [ '9.0.5', '3.1.2', '5.1.6' ],
15 silly audit   '@types/body-parser': [ '1.19.2' ],
15 silly audit   '@types/bonjour': [ '3.5.10' ],
15 silly audit   '@types/chart.js': [ '2.9.37' ],
15 silly audit   '@types/connect': [ '3.4.35' ],
15 silly audit   '@types/connect-history-api-fallback': [ '1.3.5' ],
15 silly audit   '@types/cookie': [ '0.4.1' ],
15 silly audit   '@types/cors': [ '2.8.17' ],
15 silly audit   '@types/eslint': [ '9.6.1' ],
15 silly audit   '@types/eslint-scope': [ '3.7.7' ],
15 silly audit   '@types/estree': [ '0.0.51' ],
15 silly audit   '@types/express': [ '4.17.16' ],
15 silly audit   '@types/express-serve-static-core': [ '4.17.33' ],
15 silly audit   '@types/geojson': [ '7946.0.10' ],
15 silly audit   '@types/grecaptcha': [ '3.0.9' ],
15 silly audit   '@types/http-proxy': [ '1.17.9' ],
15 silly audit   '@types/jasmine': [ '4.3.1' ],
15 silly audit   '@types/jasminewd2': [ '2.0.10' ],
15 silly audit   '@types/json-schema': [ '7.0.11' ],
15 silly audit   '@types/leaflet': [ '1.9.0' ],
15 silly audit   '@types/long': [ '4.0.2' ],
15 silly audit   '@types/mime': [ '3.0.1' ],
15 silly audit   '@types/node': [ '18.11.18' ],
15 silly audit   '@types/parse-json': [ '4.0.0' ],
15 silly audit   '@types/q': [ '0.0.32' ],
15 silly audit   '@types/qs': [ '6.9.7' ],
15 silly audit   '@types/range-parser': [ '1.2.4' ],
15 silly audit   '@types/retry': [ '0.12.0' ],
15 silly audit   '@types/selenium-webdriver': [ '3.0.20' ],
15 silly audit   '@types/serve-index': [ '1.9.1' ],
15 silly audit   '@types/serve-static': [ '1.15.0' ],
15 silly audit   '@types/sockjs': [ '0.3.33' ],
15 silly audit   '@types/ws': [ '8.5.4' ],
15 silly audit   '@types/youtube': [ '0.0.47', '0.0.46' ],
15 silly audit   '@webassemblyjs/ast': [ '1.11.1' ],
15 silly audit   '@webassemblyjs/floating-point-hex-parser': [ '1.11.1' ],
15 silly audit   '@webassemblyjs/helper-api-error': [ '1.11.1' ],
15 silly audit   '@webassemblyjs/helper-buffer': [ '1.11.1' ],
15 silly audit   '@webassemblyjs/helper-numbers': [ '1.11.1' ],
15 silly audit   '@webassemblyjs/helper-wasm-bytecode': [ '1.11.1' ],
15 silly audit   '@webassemblyjs/helper-wasm-section': [ '1.11.1' ],
15 silly audit   '@webassemblyjs/ieee754': [ '1.11.1' ],
15 silly audit   '@webassemblyjs/leb128': [ '1.11.1' ],
15 silly audit   '@webassemblyjs/utf8': [ '1.11.1' ],
15 silly audit   '@webassemblyjs/wasm-edit': [ '1.11.1' ],
15 silly audit   '@webassemblyjs/wasm-gen': [ '1.11.1' ],
15 silly audit   '@webassemblyjs/wasm-opt': [ '1.11.1' ],
15 silly audit   '@webassemblyjs/wasm-parser': [ '1.11.1' ],
15 silly audit   '@webassemblyjs/wast-printer': [ '1.11.1' ],
15 silly audit   '@xtuc/ieee754': [ '1.2.0' ],
15 silly audit   '@xtuc/long': [ '4.2.2' ],
15 silly audit   '@yarnpkg/lockfile': [ '1.1.0' ],
15 silly audit   abab: [ '2.0.6' ],
15 silly audit   abbrev: [ '1.1.1' ],
15 silly audit   accepts: [ '1.3.8' ],
15 silly audit   acorn: [ '8.8.2' ],
15 silly audit   'acorn-import-assertions': [ '1.9.0' ],
15 silly audit   'acorn-walk': [ '8.2.0' ],
15 silly audit   'adjust-sourcemap-loader': [ '4.0.0' ],
15 silly audit   'loader-utils': [ '2.0.4', '3.2.1' ],
15 silly audit   'adm-zip': [ '0.5.16' ],
15 silly audit   'agent-base': [ '6.0.2', '4.3.0', '4.2.1' ],
15 silly audit   agentkeepalive: [ '4.6.0', '3.5.3' ],
15 silly audit   'aggregate-error': [ '3.1.0' ],
15 silly audit   'ajv-formats': [ '2.1.1' ],
15 silly audit   'ajv-keywords': [ '5.1.0', '3.5.2' ],
15 silly audit   'angular-archwizard': [ '7.0.0' ],
15 silly audit   'angular-new-router': [ '0.5.3' ],
15 silly audit   angular2: [ '2.0.0-beta.16' ],
15 silly audit   'angularx-flatpickr': [ '7.0.0' ],
15 silly audit   'ansi-colors': [ '4.1.3' ],
15 silly audit   'ansi-escapes': [ '4.3.2' ],
15 silly audit   'ansi-html-community': [ '0.0.8' ],
15 silly audit   'color-convert': [ '2.0.1', '1.9.3' ],
15 silly audit   apexcharts: [ '3.36.3' ],
15 silly audit   'app-root-path': [ '3.1.0' ],
15 silly audit   aproba: [ '2.0.0', '1.2.0' ],
15 silly audit   'are-we-there-yet': [ '3.0.1', '1.1.7' ],
15 silly audit   arg: [ '4.1.3' ],
15 silly audit   argparse: [ '1.0.10' ],
15 silly audit   'sprintf-js': [ '1.0.3', '1.1.3' ],
15 silly audit   'aria-query': [ '3.0.0' ],
15 silly audit   'arr-diff': [ '4.0.0' ],
15 silly audit   'arr-flatten': [ '1.1.0' ],
15 silly audit   'arr-union': [ '3.1.0' ],
15 silly audit   'array-flatten': [ '2.1.2', '1.1.1' ],
15 silly audit   'array-union': [ '1.0.2' ],
15 silly audit   'array-uniq': [ '1.0.3' ],
15 silly audit   'array-unique': [ '0.3.2' ],
15 silly audit   arrify: [ '1.0.1' ],
15 silly audit   asn1: [ '0.2.6' ],
15 silly audit   'assert-plus': [ '1.0.0' ],
15 silly audit   'assign-symbols': [ '1.0.0' ],
15 silly audit   'ast-types-flow': [ '0.0.7' ],
15 silly audit   'async-each': [ '1.0.6' ],
15 silly audit   asynckit: [ '0.4.0' ],
15 silly audit   atob: [ '2.1.2' ],
15 silly audit   autoprefixer: [ '10.4.13' ],
15 silly audit   'aws-sign2': [ '0.7.0' ],
15 silly audit   aws4: [ '1.12.0' ],
15 silly audit   'axobject-query': [ '2.0.2' ],
15 silly audit   'babel-loader': [ '9.1.2' ],
15 silly audit   'babel-plugin-istanbul': [ '6.1.1' ],
15 silly audit   'babel-plugin-polyfill-corejs2': [ '0.3.3' ],
15 silly audit   'babel-plugin-polyfill-corejs3': [ '0.6.0' ],
15 silly audit   'babel-plugin-polyfill-regenerator': [ '0.4.1' ],
15 silly audit   'balanced-match': [ '1.0.2' ],
15 silly audit   base: [ '0.11.2' ],
15 silly audit   'base64-js': [ '1.5.1' ],
15 silly audit   base64id: [ '2.0.0' ],
15 silly audit   batch: [ '0.6.1' ],
15 silly audit   'bcrypt-pbkdf': [ '1.0.2' ],
15 silly audit   'big.js': [ '5.2.2' ],
15 silly audit   bindings: [ '1.5.0' ],
15 silly audit   bl: [ '4.1.0' ],
15 silly audit   'blocking-proxy': [ '1.0.1' ],
15 silly audit   bluebird: [ '3.7.2' ],
15 silly audit   'body-parser': [ '1.20.3' ],
15 silly audit   debug: [ '2.6.9', '3.2.7', '4.3.4', '3.1.0' ],
15 silly audit   ms: [ '2.0.0', '2.1.2', '2.1.3' ],
15 silly audit   'bonjour-service': [ '1.1.0' ],
15 silly audit   boolbase: [ '1.0.0' ],
15 silly audit   bootstrap: [ '5.2.3' ],
15 silly audit   'brace-expansion': [ '2.0.1', '1.1.11' ],
15 silly audit   browserslist: [ '4.21.5' ],
15 silly audit   browserstack: [ '1.6.1' ],
15 silly audit   'https-proxy-agent': [ '2.2.4', '5.0.1' ],
15 silly audit   buffer: [ '5.7.1' ],
15 silly audit   'buffer-from': [ '1.1.2' ],
15 silly audit   'builtin-modules': [ '1.1.1' ],
15 silly audit   builtins: [ '1.0.3' ],
15 silly audit   bytes: [ '3.1.2', '3.0.0' ],
15 silly audit   cacache: [ '17.0.4', '16.1.3', '11.3.3' ],
15 silly audit   'cache-base': [ '1.0.1' ],
15 silly audit   'call-bind-apply-helpers': [ '1.0.1' ],
15 silly audit   'call-bound': [ '1.0.3' ],
15 silly audit   callsites: [ '3.1.0' ],
15 silly audit   camelcase: [ '5.3.1', '4.1.0' ],
15 silly audit   'can-use-dom': [ '0.1.0' ],
15 silly audit   'caniuse-lite': [ '1.0.30001450' ],
15 silly audit   caseless: [ '0.12.0' ],
15 silly audit   chalk: [ '4.1.2', '1.1.3', '2.4.2' ],
15 silly audit   chardet: [ '0.7.0' ],
15 silly audit   'chart.js': [ '2.9.4' ],
15 silly audit   chartist: [ '0.11.4' ],
15 silly audit   'chartjs-color': [ '2.4.1' ],
15 silly audit   'chartjs-color-string': [ '0.6.0' ],
15 silly audit   chownr: [ '2.0.0', '1.1.4' ],
15 silly audit   'chrome-trace-event': [ '1.0.4' ],
15 silly audit   ckeditor5: [ '35.4.0' ],
15 silly audit   'class-utils': [ '0.3.6' ],
15 silly audit   'clean-stack': [ '2.2.0' ],
15 silly audit   'cli-cursor': [ '3.1.0' ],
15 silly audit   'cli-spinners': [ '2.7.0' ],
15 silly audit   'cli-width': [ '3.0.0' ],
15 silly audit   clone: [ '1.0.4' ],
15 silly audit   'clone-deep': [ '4.0.1' ],
15 silly audit   'code-point-at': [ '1.1.0' ],
15 silly audit   codelyzer: [ '6.0.2' ],
15 silly audit   'zone.js': [ '0.10.3', '0.12.0' ],
15 silly audit   'collection-visit': [ '1.0.0' ],
15 silly audit   'color-name': [ '1.1.3', '1.1.4' ],
15 silly audit   'color-support': [ '1.1.3' ],
15 silly audit   colorette: [ '2.0.19' ],
15 silly audit   colors: [ '1.4.0' ],
15 silly audit   'combined-stream': [ '1.0.8' ],
15 silly audit   commander: [ '2.20.3' ],
15 silly audit   commondir: [ '1.0.1' ],
15 silly audit   'component-emitter': [ '1.3.1' ],
15 silly audit   compressible: [ '2.0.18' ],
15 silly audit   compression: [ '1.7.4' ],
15 silly audit   'concat-map': [ '0.0.1' ],
15 silly audit   'concat-stream': [ '1.6.2' ],
15 silly audit   connect: [ '3.7.0' ],
15 silly audit   'connect-history-api-fallback': [ '2.0.0' ],
15 silly audit   'console-control-strings': [ '1.1.0' ],
15 silly audit   'content-disposition': [ '0.5.4' ],
15 silly audit   'content-type': [ '1.0.5' ],
15 silly audit   'convert-source-map': [ '1.9.0' ],
15 silly audit   cookie: [ '0.7.2', '0.7.1' ],
15 silly audit   'cookie-signature': [ '1.0.6' ],
15 silly audit   'copy-anything': [ '2.0.6' ],
15 silly audit   'copy-concurrently': [ '1.0.5' ],
15 silly audit   glob: [ '7.2.3', '8.1.0', '10.4.5' ],
15 silly audit   rimraf: [ '2.7.1', '3.0.2' ],
15 silly audit   'copy-descriptor': [ '0.1.1' ],
15 silly audit   'copy-webpack-plugin': [ '11.0.0' ],
15 silly audit   'core-js': [ '3.27.2' ],
15 silly audit   'core-js-compat': [ '3.27.2' ],
15 silly audit   'core-util-is': [ '1.0.2' ],
15 silly audit   cors: [ '2.8.5' ],
15 silly audit   cosmiconfig: [ '7.1.0' ],
15 silly audit   'create-require': [ '1.1.1' ],
15 silly audit   critters: [ '0.0.16' ],
15 silly audit   'cross-spawn': [ '7.0.6' ],
15 silly audit   'css-loader': [ '6.7.3' ],
15 silly audit   'css-select': [ '4.3.0' ],
15 silly audit   'css-selector-tokenizer': [ '0.7.3' ],
15 silly audit   'css-what': [ '6.1.0' ],
15 silly audit   cssauron: [ '1.4.0' ],
15 silly audit   cssesc: [ '3.0.0' ],
15 silly audit   'custom-event': [ '1.0.1' ],
15 silly audit   cyclist: [ '1.0.2' ],
15 silly audit   'damerau-levenshtein': [ '1.0.8' ],
15 silly audit   dashdash: [ '1.14.1' ],
15 silly audit   'date-format': [ '4.0.14' ],
15 silly audit   decamelize: [ '1.2.0' ],
15 silly audit   'decode-uri-component': [ '0.2.2' ],
15 silly audit   'default-gateway': [ '6.0.3' ],
15 silly audit   defaults: [ '1.0.4' ],
15 silly audit   'define-lazy-prop': [ '2.0.0' ],
15 silly audit   del: [ '2.2.2' ],
15 silly audit   globby: [ '5.0.0', '13.1.3' ],
15 silly audit   'delayed-stream': [ '1.0.0' ],
15 silly audit   delegates: [ '1.0.0' ],
15 silly audit   depd: [ '2.0.0', '1.1.2' ],
15 silly audit   'dependency-graph': [ '0.11.0' ],
15 silly audit   'desandro-matches-selector': [ '2.0.2' ],
15 silly audit   destroy: [ '1.2.0' ],
15 silly audit   'detect-node': [ '2.1.0' ],
15 silly audit   'detect-passive-events': [ '1.0.5' ],
15 silly audit   di: [ '0.0.1' ],
15 silly audit   diff: [ '4.0.2' ],
15 silly audit   'dir-glob': [ '3.0.1' ],
15 silly audit   'dns-equal': [ '1.0.0' ],
15 silly audit   'dns-packet': [ '5.4.0' ],
15 silly audit   'dom-serialize': [ '2.2.1' ],
15 silly audit   'dom-serializer': [ '1.4.1' ],
15 silly audit   domelementtype: [ '2.3.0' ],
15 silly audit   domhandler: [ '4.3.1' ],
15 silly audit   domutils: [ '2.8.0' ],
15 silly audit   dropzone: [ '5.9.3' ],
15 silly audit   'dunder-proto': [ '1.0.1' ],
15 silly audit   duplexify: [ '3.7.1' ],
15 silly audit   eastasianwidth: [ '0.2.0' ],
15 silly audit   'ecc-jsbn': [ '0.1.2' ],
15 silly audit   jsbn: [ '0.1.1', '1.1.0' ],
15 silly audit   echarts: [ '5.4.1' ],
15 silly audit   'ee-first': [ '1.1.1' ],
15 silly audit   'electron-to-chromium': [ '1.4.284' ],
15 silly audit   'emojis-list': [ '3.0.0' ],
15 silly audit   encodeurl: [ '1.0.2', '2.0.0' ],
15 silly audit   encoding: [ '0.1.13' ],
15 silly audit   'iconv-lite': [ '0.6.3', '0.4.24' ],
15 silly audit   'end-of-stream': [ '1.4.4' ],
15 silly audit   'engine.io': [ '6.6.2' ],
15 silly audit   'engine.io-parser': [ '5.2.3' ],
15 silly audit   'enhanced-resolve': [ '5.18.0' ],
15 silly audit   ent: [ '2.2.0' ],
15 silly audit   'env-paths': [ '2.2.1' ],
15 silly audit   'err-code': [ '2.0.3', '1.1.2' ],
15 silly audit   errno: [ '0.1.8' ],
15 silly audit   'error-ex': [ '1.3.2' ],
15 silly audit   'es-define-property': [ '1.0.1' ],
15 silly audit   'es-errors': [ '1.3.0' ],
15 silly audit   'es-module-lexer': [ '0.9.3' ],
15 silly audit   'es-object-atoms': [ '1.1.1' ],
15 silly audit   'es6-promise': [ '4.2.8' ],
15 silly audit   'es6-promisify': [ '5.0.0' ],
15 silly audit   esbuild: [ '0.17.8' ],
15 silly audit   'esbuild-wasm': [ '0.17.8' ],
15 silly audit   escalade: [ '3.1.1' ],
15 silly audit   'escape-html': [ '1.0.3' ],
15 silly audit   'escape-string-regexp': [ '1.0.5' ],
15 silly audit   'eslint-scope': [ '5.1.1' ],
15 silly audit   esprima: [ '4.0.1' ],
15 silly audit   esrecurse: [ '4.3.0' ],
15 silly audit   estraverse: [ '5.3.0', '4.3.0' ],
15 silly audit   esutils: [ '2.0.3' ],
15 silly audit   etag: [ '1.8.1' ],
15 silly audit   'ev-emitter': [ '1.1.1' ],
15 silly audit   'eventemitter-asyncresource': [ '1.0.0' ],
15 silly audit   eventemitter3: [ '4.0.7' ],
15 silly audit   events: [ '3.3.0' ],
15 silly audit   execa: [ '5.1.1' ],
15 silly audit   exit: [ '0.1.2' ],
15 silly audit   'expand-brackets': [ '2.1.4' ],
15 silly audit   'exponential-backoff': [ '3.1.1' ],
15 silly audit   express: [ '4.21.2' ],
15 silly audit   finalhandler: [ '1.3.1', '1.1.2' ],
15 silly audit   statuses: [ '2.0.1', '1.5.0' ],
15 silly audit   extend: [ '3.0.2' ],
15 silly audit   'external-editor': [ '3.1.0' ],
15 silly audit   extglob: [ '2.0.4' ],
15 silly audit   extsprintf: [ '1.3.0' ],
15 silly audit   'fast-glob': [ '3.2.12' ],
15 silly audit   'fast-json-stable-stringify': [ '2.1.0' ],
15 silly audit   fastparse: [ '1.1.2' ],
15 silly audit   fastq: [ '1.15.0' ],
15 silly audit   'faye-websocket': [ '0.11.4' ],
15 silly audit   'figgy-pudding': [ '3.5.2' ],
15 silly audit   figures: [ '3.2.0' ],
15 silly audit   'file-saver': [ '2.0.5' ],
15 silly audit   'file-uri-to-path': [ '1.0.0' ],
15 silly audit   'on-finished': [ '2.3.0', '2.4.1' ],
15 silly audit   'find-cache-dir': [ '3.3.2' ],
15 silly audit   'find-up': [ '4.1.0' ],
15 silly audit   firebase: [ '9.23.0' ],
15 silly audit   'fizzy-ui-utils': [ '2.0.7' ],
15 silly audit   flatpickr: [ '4.6.13' ],
15 silly audit   flatted: [ '3.2.7' ],
15 silly audit   'flush-write-stream': [ '1.1.1' ],
15 silly audit   'follow-redirects': [ '1.15.9' ],
15 silly audit   'for-in': [ '1.0.2' ],
15 silly audit   'foreground-child': [ '3.3.0' ],
15 silly audit   'signal-exit': [ '4.1.0', '3.0.7' ],
15 silly audit   'forever-agent': [ '0.6.1' ],
15 silly audit   'form-data': [ '2.3.3' ],
15 silly audit   forwarded: [ '0.2.0' ],
15 silly audit   'fraction.js': [ '4.2.0' ],
15 silly audit   'fragment-cache': [ '0.2.1' ],
15 silly audit   fresh: [ '0.5.2' ],
15 silly audit   from2: [ '2.3.0' ],
15 silly audit   'fs-extra': [ '8.1.0' ],
15 silly audit   'fs-minipass': [ '3.0.1', '2.1.0', '1.2.7' ],
15 silly audit   'fs-monkey': [ '1.0.3' ],
15 silly audit   'fs-write-stream-atomic': [ '1.0.10' ],
15 silly audit   'fs.realpath': [ '1.0.0' ],
15 silly audit   'function-bind': [ '1.1.2' ],
15 silly audit   gauge: [ '4.0.4', '2.7.4' ],
15 silly audit   genfun: [ '5.0.0' ],
15 silly audit   gensync: [ '1.0.0-beta.2' ],
15 silly audit   'get-caller-file': [ '2.0.5' ],
15 silly audit   'get-intrinsic': [ '1.2.7' ],
15 silly audit   'get-package-type': [ '0.1.0' ],
15 silly audit   'get-proto': [ '1.0.1' ],
15 silly audit   'get-size': [ '2.0.3' ],
15 silly audit   'get-stream': [ '6.0.1', '4.1.0' ],
15 silly audit   'get-value': [ '2.0.6' ],
15 silly audit   getpass: [ '0.1.7' ],
15 silly audit   'glob-to-regexp': [ '0.4.1' ],
15 silly audit   globals: [ '11.12.0' ],
15 silly audit   gopd: [ '1.2.0' ],
15 silly audit   'graceful-fs': [ '4.2.10' ],
15 silly audit   'handle-thing': [ '2.0.1' ],
15 silly audit   'har-schema': [ '2.0.0' ],
15 silly audit   'har-validator': [ '5.1.5' ],
15 silly audit   has: [ '1.0.3' ],
15 silly audit   'has-ansi': [ '2.0.0' ],
15 silly audit   'has-flag': [ '4.0.0', '3.0.0' ],
15 silly audit   'has-symbols': [ '1.1.0' ],
15 silly audit   'has-unicode': [ '2.0.1' ],
15 silly audit   'has-value': [ '1.0.0', '0.3.1' ],
15 silly audit   'has-values': [ '1.0.0', '0.1.4' ],
15 silly audit   hasown: [ '2.0.2' ],
15 silly audit   'hdr-histogram-js': [ '2.0.3' ],
15 silly audit   'hdr-histogram-percentiles-obj': [ '3.0.0' ],
15 silly audit   'hosted-git-info': [ '6.1.3', '2.8.9' ],
15 silly audit   'hpack.js': [ '2.1.6' ],
15 silly audit   'html-entities': [ '2.3.3' ],
15 silly audit   'html-escaper': [ '2.0.2' ],
15 silly audit   'http-cache-semantics': [ '4.1.1', '3.8.1' ],
15 silly audit   'http-deceiver': [ '1.2.7' ],
15 silly audit   'http-errors': [ '2.0.0', '1.6.3' ],
15 silly audit   'http-parser-js': [ '0.5.8' ],
15 silly audit   'http-proxy': [ '1.18.1' ],
15 silly audit   'http-proxy-agent': [ '5.0.0', '2.1.0' ],
15 silly audit   'http-proxy-middleware': [ '2.0.7' ],
15 silly audit   'http-signature': [ '1.2.0' ],
15 silly audit   'human-signals': [ '2.1.0' ],
15 silly audit   'humanize-ms': [ '1.2.1' ],
15 silly audit   'icss-utils': [ '5.1.0' ],
15 silly audit   ieee754: [ '1.2.1' ],
15 silly audit   iferr: [ '0.1.5' ],
15 silly audit   ignore: [ '5.2.4' ],
15 silly audit   'ignore-walk': [ '6.0.5', '3.0.4' ],
15 silly audit   'image-size': [ '0.5.5' ],
15 silly audit   immediate: [ '3.0.6' ],
15 silly audit   immutable: [ '4.3.7' ],
15 silly audit   'import-fresh': [ '3.3.0' ],
15 silly audit   'resolve-from': [ '4.0.0', '5.0.0' ],
15 silly audit   imurmurhash: [ '0.1.4' ],
15 silly audit   'indent-string': [ '4.0.0' ],
15 silly audit   'infer-owner': [ '1.0.4' ],
15 silly audit   inflight: [ '1.0.6' ],
15 silly audit   inherits: [ '2.0.4', '2.0.3' ],
15 silly audit   ini: [ '3.0.1', '1.3.5', '1.3.8' ],
15 silly audit   inquirer: [ '8.2.4' ],
15 silly audit   ip: [ '1.1.5' ],
15 silly audit   'ip-address': [ '9.0.5' ],
15 silly audit   'ipaddr.js': [ '2.0.1', '1.9.1' ],
15 silly audit   'is-accessor-descriptor': [ '1.0.1' ],
15 silly audit   'is-arrayish': [ '0.2.1' ],
15 silly audit   'is-buffer': [ '1.1.6' ],
15 silly audit   'is-core-module': [ '2.11.0' ],
15 silly audit   'is-data-descriptor': [ '1.0.1' ],
15 silly audit   'is-docker': [ '2.2.1' ],
15 silly audit   'is-extglob': [ '2.1.1' ],
15 silly audit   'is-fullwidth-code-point': [ '3.0.0', '1.0.0' ],
15 silly audit   'is-interactive': [ '1.0.0' ],
15 silly audit   'is-lambda': [ '1.0.1' ],
15 silly audit   'is-path-cwd': [ '1.0.0' ],
15 silly audit   'is-path-in-cwd': [ '1.0.1' ],
15 silly audit   'is-path-inside': [ '1.0.1' ],
15 silly audit   'is-plain-obj': [ '3.0.0' ],
15 silly audit   'is-plain-object': [ '2.0.4' ],
15 silly audit   'is-stream': [ '2.0.1' ],
15 silly audit   'is-typedarray': [ '1.0.0' ],
15 silly audit   'is-unicode-supported': [ '0.1.0' ],
15 silly audit   'is-what': [ '3.14.1' ],
15 silly audit   'is-windows': [ '1.0.2' ],
15 silly audit   'is-wsl': [ '2.2.0', '1.1.0' ],
15 silly audit   isarray: [ '1.0.0' ],
15 silly audit   isbinaryfile: [ '4.0.10' ],
15 silly audit   isexe: [ '2.0.0' ],
15 silly audit   isobject: [ '3.0.1', '2.1.0' ],
15 silly audit   isstream: [ '0.1.2' ],
15 silly audit   'istanbul-lib-coverage': [ '3.2.0', '2.0.5' ],
15 silly audit   'istanbul-lib-instrument': [ '5.2.1' ],
15 silly audit   'istanbul-lib-report': [ '3.0.0' ],
15 silly audit   'istanbul-lib-source-maps': [ '3.0.6' ],
15 silly audit   'make-dir': [ '2.1.0', '3.1.0' ],
15 silly audit   pify: [ '4.0.1', '2.3.0' ],
15 silly audit   'istanbul-reports': [ '3.1.5' ],
15 silly audit   jackspeak: [ '3.4.3' ],
15 silly audit   jasmine: [ '2.8.0' ],
15 silly audit   'jasmine-core': [ '4.5.0', '2.8.0' ],
15 silly audit   'jasmine-spec-reporter': [ '7.0.0' ],
15 silly audit   jasminewd2: [ '2.2.0' ],
15 silly audit   'jest-worker': [ '27.5.1' ],
15 silly audit   'supports-color': [ '8.1.1', '2.0.0', '5.5.0', '7.2.0' ],
15 silly audit   'js-tokens': [ '4.0.0' ],
15 silly audit   'js-yaml': [ '3.14.1' ],
15 silly audit   'json-parse-better-errors': [ '1.0.2' ],
15 silly audit   'json-parse-even-better-errors': [ '2.3.1', '3.0.2' ],
15 silly audit   'json-schema': [ '0.4.0' ],
15 silly audit   'json-stringify-safe': [ '5.0.1' ],
15 silly audit   json5: [ '2.2.3' ],
15 silly audit   'jsonc-parser': [ '3.2.0' ],
15 silly audit   jsonfile: [ '4.0.0' ],
15 silly audit   jsonparse: [ '1.3.1' ],
15 silly audit   JSONStream: [ '1.3.5' ],
15 silly audit   jsprim: [ '1.4.2' ],
15 silly audit   jszip: [ '3.10.1' ],
15 silly audit   karma: [ '6.4.1' ],
15 silly audit   'karma-chrome-launcher': [ '3.1.1' ],
15 silly audit   'karma-coverage-istanbul-reporter': [ '3.0.3' ],
15 silly audit   'karma-jasmine': [ '5.1.0' ],
15 silly audit   'karma-jasmine-html-reporter': [ '2.0.0' ],
15 silly audit   'karma-source-map-support': [ '1.4.0' ],
15 silly audit   tmp: [ '0.2.1', '0.0.30', '0.0.33' ],
15 silly audit   klona: [ '2.0.6' ],
15 silly audit   leaflet: [ '1.9.3' ],
15 silly audit   less: [ '4.1.3' ],
15 silly audit   'less-loader': [ '11.1.0' ],
15 silly audit   mime: [ '1.6.0', '2.6.0' ],
15 silly audit   'license-webpack-plugin': [ '4.0.2' ],
15 silly audit   lie: [ '3.3.0' ],
15 silly audit   'lines-and-columns': [ '1.2.4' ],
15 silly audit   'loader-runner': [ '4.3.0' ],
15 silly audit   'locate-path': [ '5.0.0' ],
15 silly audit   lodash: [ '4.17.21' ],
15 silly audit   'lodash-es': [ '4.17.21' ],
15 silly audit   'lodash.camelcase': [ '4.3.0' ],
15 silly audit   'lodash.debounce': [ '4.0.8' ],
15 silly audit   'lodash.memoize': [ '4.1.2' ],
15 silly audit   'lodash.throttle': [ '4.1.1' ],
15 silly audit   'log-symbols': [ '4.1.0' ],
15 silly audit   log4js: [ '6.7.1' ],
15 silly audit   'make-error': [ '1.3.6' ],
15 silly audit   ssri: [ '9.0.1', '6.0.2', '5.3.0', '10.0.1' ],
15 silly audit   'unique-filename': [ '2.0.1', '1.1.1', '3.0.0' ],
15 silly audit   'unique-slug': [ '3.0.0', '2.0.2', '4.0.0' ],
15 silly audit   yallist: [ '4.0.0', '2.1.2', '3.1.1' ],
15 silly audit   'map-cache': [ '0.2.2' ],
15 silly audit   'map-visit': [ '1.0.0' ],
15 silly audit   'masonry-layout': [ '4.2.2' ],
15 silly audit   'math-intrinsics': [ '1.1.0' ],
15 silly audit   'media-typer': [ '0.3.0' ],
15 silly audit   memfs: [ '3.4.13' ],
15 silly audit   'merge-descriptors': [ '1.0.3' ],
15 silly audit   'merge-stream': [ '2.0.0' ],
15 silly audit   merge2: [ '1.4.1' ],
15 silly audit   methods: [ '1.1.2' ],
15 silly audit   metismenujs: [ '1.4.0' ],
15 silly audit   'mime-db': [ '1.52.0' ],
15 silly audit   'mime-types': [ '2.1.35' ],
15 silly audit   'mimic-fn': [ '2.1.0' ],
15 silly audit   'mini-css-extract-plugin': [ '2.7.2' ],
15 silly audit   'minimalistic-assert': [ '1.0.1' ],
15 silly audit   minimist: [ '1.2.7' ],
15 silly audit   'minipass-collect': [ '1.0.2' ],
15 silly audit   'minipass-flush': [ '1.0.5' ],
15 silly audit   'minipass-json-stream': [ '1.0.2' ],
15 silly audit   'minipass-pipeline': [ '1.2.4' ],
15 silly audit   'minipass-sized': [ '1.0.3' ],
15 silly audit   minizlib: [ '2.1.2', '1.3.3' ],
15 silly audit   mississippi: [ '3.0.0' ],
15 silly audit   'mixin-deep': [ '1.3.2' ],
15 silly audit   moment: [ '2.29.4' ],
15 silly audit   'move-concurrently': [ '1.0.1' ],
15 silly audit   'multicast-dns': [ '7.2.5' ],
15 silly audit   'mute-stream': [ '0.0.8' ],
15 silly audit   nan: [ '2.23.0' ],
15 silly audit   nanoid: [ '3.3.8' ],
15 silly audit   nanomatch: [ '1.2.13' ],
15 silly audit   needle: [ '3.2.0' ],
15 silly audit   negotiator: [ '0.6.3' ],
15 silly audit   'neo-async': [ '2.6.2' ],
15 silly audit   'ng-apexcharts': [ '1.7.4' ],
15 silly audit   'ng-chartist': [ '7.1.1' ],
15 silly audit   'ng-otp-input': [ '1.8.5' ],
15 silly audit   'ng-recaptcha': [ '13.2.1' ],
15 silly audit   'ng2-charts': [ '2.4.3' ],
15 silly audit   'ng2-completer': [ '9.0.1' ],
15 silly audit   'ng2-search-filter': [ '0.5.1' ],
15 silly audit   'ng2-smart-table': [ '1.7.2' ],
15 silly audit   'ng5-slider': [ '1.2.6' ],
15 silly audit   'symbol-observable': [ '1.0.1', '1.2.0', '4.0.0' ],
15 silly audit   'ngx-bootstrap': [ '10.2.0' ],
15 silly audit   'ngx-chartist': [ '1.0.3' ],
15 silly audit   'ngx-color-picker': [ '13.0.0' ],
15 silly audit   'ngx-cookie-service': [ '15.0.0' ],
15 silly audit   'ngx-drag-drop': [ '15.0.1' ],
15 silly audit   'ngx-dropzone': [ '3.1.0' ],
15 silly audit   'ngx-dropzone-wrapper': [ '13.0.0' ],
15 silly audit   'ngx-echarts': [ '15.0.1' ],
15 silly audit   'ngx-filesaver': [ '14.0.0' ],
15 silly audit   'ngx-image-cropper': [ '6.3.2' ],
15 silly audit   'ngx-lightbox': [ '3.0.0' ],
15 silly audit   'ngx-mask': [ '14.2.4' ],
15 silly audit   'ngx-masonry': [ '14.0.1' ],
15 silly audit   'ngx-owl-carousel-o': [ '15.0.0' ],
15 silly audit   'ngx-scrollspy': [ '1.2.1' ],
15 silly audit   'normalize-package-data': [ '2.5.0', '5.0.0' ],
15 silly audit   'npm-bundled': [ '1.1.2', '3.0.1' ],
15 silly audit   'npm-normalize-package-bin': [ '1.0.1', '3.0.1' ],
15 silly audit   'npm-package-arg': [ '6.1.0', '10.1.0', '6.1.1' ],
15 silly audit   'npm-packlist': [ '1.4.8', '7.0.4' ],
15 silly audit   'npm-pick-manifest': [ '2.2.3', '8.0.1' ],
15 silly audit   'npm-registry-fetch': [ '3.9.1', '14.0.5' ],
15 silly audit   pacote: [ '9.2.3', '15.1.0' ],
15 silly audit   'promise-retry': [ '1.1.1', '2.0.1' ],
15 silly audit   retry: [ '0.10.1', '0.13.1', '0.12.0' ],
15 silly audit   socks: [ '2.3.3', '2.8.3' ],
15 silly audit   'socks-proxy-agent': [ '4.0.2', '7.0.0' ],
15 silly audit   tar: [ '4.4.19', '6.2.1' ],
15 silly audit   typescript: [ '2.9.2', '4.9.5' ],
15 silly audit   'validate-npm-package-name': [ '3.0.0', '5.0.1' ],
15 silly audit   y18n: [ '4.0.3', '5.0.8' ],
15 silly audit   'ngx-toastr': [ '16.0.2' ],
15 silly audit   'ngx-ui-switch': [ '14.0.3' ],
15 silly audit   'ngx-youtube-player': [ '12.0.2' ],
15 silly audit   'nice-napi': [ '1.0.2' ],
15 silly audit   'node-addon-api': [ '3.2.1' ],
15 silly audit   'node-fetch': [ '2.6.7' ],
15 silly audit   'node-fetch-npm': [ '2.0.4' ],
15 silly audit   'node-forge': [ '1.3.1' ],
15 silly audit   'node-gyp': [ '9.4.1' ],
15 silly audit   'node-gyp-build': [ '4.8.4' ],
15 silly audit   'node-releases': [ '2.0.9' ],
15 silly audit   nopt: [ '6.0.0' ],
15 silly audit   'normalize-range': [ '0.1.2' ],
15 silly audit   'npm-install-checks': [ '6.3.0' ],
15 silly audit   'npm-registry-client': [ '8.6.0' ],
15 silly audit   npmlog: [ '4.1.2', '6.0.2' ],
15 silly audit   'npm-run-path': [ '4.0.1' ],
15 silly audit   'nth-check': [ '2.1.1' ],
15 silly audit   'number-is-nan': [ '1.0.1' ],
15 silly audit   'oauth-sign': [ '0.9.0' ],
15 silly audit   'object-assign': [ '4.1.1' ],
15 silly audit   'object-copy': [ '0.1.0' ],
15 silly audit   'object-inspect': [ '1.13.3' ],
15 silly audit   'object-visit': [ '1.0.1' ],
15 silly audit   'object.pick': [ '1.3.0' ],
15 silly audit   obuf: [ '1.1.2' ],
15 silly audit   'on-headers': [ '1.0.2' ],
15 silly audit   once: [ '1.4.0' ],
15 silly audit   onetime: [ '5.1.2' ],
15 silly audit   open: [ '8.4.1' ],
15 silly audit   opn: [ '5.4.0' ],
15 silly audit   ora: [ '5.4.1' ],
15 silly audit   'os-homedir': [ '1.0.2' ],
15 silly audit   'os-tmpdir': [ '1.0.2' ],
15 silly audit   osenv: [ '0.1.5' ],
15 silly audit   outlayer: [ '2.1.1' ],
15 silly audit   'p-limit': [ '2.3.0' ],
15 silly audit   'p-locate': [ '4.1.0' ],
15 silly audit   'p-map': [ '4.0.0' ],
15 silly audit   'p-retry': [ '4.6.2' ],
15 silly audit   'p-try': [ '2.2.0' ],
15 silly audit   'package-json-from-dist': [ '1.0.1' ],
15 silly audit   pako: [ '1.0.11' ],
15 silly audit   'parallel-transform': [ '1.2.0' ],
15 silly audit   'parent-module': [ '1.0.1' ],
15 silly audit   'parse-json': [ '5.2.0' ],
15 silly audit   'parse-node-version': [ '1.0.1' ],
15 silly audit   'parse5-html-rewriting-stream': [ '7.0.0' ],
15 silly audit   'parse5-htmlparser2-tree-adapter': [ '6.0.1' ],
15 silly audit   'parse5-sax-parser': [ '7.0.0' ],
15 silly audit   parseurl: [ '1.3.3' ],
15 silly audit   pascalcase: [ '0.1.1' ],
15 silly audit   'path-dirname': [ '1.0.2' ],
15 silly audit   'path-exists': [ '4.0.0' ],
15 silly audit   'path-is-absolute': [ '1.0.1' ],
15 silly audit   'path-is-inside': [ '1.0.2' ],
15 silly audit   'path-key': [ '3.1.1' ],
15 silly audit   'path-parse': [ '1.0.7' ],
15 silly audit   'path-scurry': [ '1.11.1' ],
15 silly audit   'path-to-regexp': [ '0.1.12' ],
15 silly audit   'path-type': [ '4.0.0' ],
15 silly audit   'performance-now': [ '2.1.0' ],
15 silly audit   picocolors: [ '1.0.0' ],
15 silly audit   picomatch: [ '2.3.1' ],
15 silly audit   pinkie: [ '2.0.4' ],
15 silly audit   'pinkie-promise': [ '2.0.1' ],
15 silly audit   piscina: [ '3.2.0' ],
15 silly audit   'pkg-dir': [ '4.2.0' ],
15 silly audit   'posix-character-classes': [ '0.1.1' ],
15 silly audit   postcss: [ '8.4.31' ],
15 silly audit   'postcss-loader': [ '7.0.2' ],
15 silly audit   'postcss-modules-extract-imports': [ '3.0.0' ],
15 silly audit   'postcss-modules-local-by-default': [ '4.0.0' ],
15 silly audit   'postcss-modules-scope': [ '3.0.0' ],
15 silly audit   'postcss-modules-values': [ '4.0.0' ],
15 silly audit   'postcss-selector-parser': [ '6.0.11' ],
15 silly audit   'postcss-value-parser': [ '4.2.0' ],
15 silly audit   preact: [ '10.11.3' ],
15 silly audit   'pretty-bytes': [ '5.6.0' ],
15 silly audit   'proc-log': [ '3.0.0' ],
15 silly audit   'process-nextick-args': [ '2.0.1' ],
15 silly audit   'promise-inflight': [ '1.0.1' ],
15 silly audit   protoduck: [ '5.0.1' ],
15 silly audit   protractor: [ '7.0.0' ],
15 silly audit   'source-map-support': [ '0.4.18', '0.5.21' ],
15 silly audit   'proxy-addr': [ '2.0.7' ],
15 silly audit   prr: [ '1.0.1' ],
15 silly audit   pseudomap: [ '1.0.2' ],
15 silly audit   psl: [ '1.9.0' ],
15 silly audit   pump: [ '3.0.2', '2.0.1' ],
15 silly audit   pumpify: [ '1.5.1' ],
15 silly audit   punycode: [ '2.3.0' ],
15 silly audit   q: [ '1.4.1' ],
15 silly audit   qjobs: [ '1.2.0' ],
15 silly audit   qs: [ '6.13.0', '6.5.3' ],
15 silly audit   'queue-microtask': [ '1.2.3' ],
15 silly audit   randombytes: [ '2.1.0' ],
15 silly audit   'range-parser': [ '1.2.1' ],
15 silly audit   'raw-body': [ '2.5.2' ],
15 silly audit   'read-package-json': [ '6.0.4' ],
15 silly audit   'read-package-json-fast': [ '3.0.2' ],
15 silly audit   'reflect-metadata': [ '0.1.13' ],
15 silly audit   regenerate: [ '1.4.2' ],
15 silly audit   'regenerate-unicode-properties': [ '10.1.0' ],
15 silly audit   'regenerator-runtime': [ '0.13.11' ],
15 silly audit   'regenerator-transform': [ '0.15.1' ],
15 silly audit   'regex-not': [ '1.0.2' ],
15 silly audit   'regex-parser': [ '2.2.11' ],
15 silly audit   'regexpu-core': [ '5.2.2' ],
15 silly audit   regjsgen: [ '0.7.1' ],
15 silly audit   regjsparser: [ '0.9.1' ],
15 silly audit   'remove-trailing-separator': [ '1.1.0' ],
15 silly audit   'repeat-element': [ '1.1.4' ],
15 silly audit   'repeat-string': [ '1.6.1' ],
15 silly audit   request: [ '2.88.2' ],
15 silly audit   'require-directory': [ '2.1.1' ],
15 silly audit   'require-from-string': [ '2.0.2' ],
15 silly audit   'require-main-filename': [ '2.0.0' ],
15 silly audit   'requires-port': [ '1.0.0' ],
15 silly audit   'resize-observer-polyfill': [ '1.5.1' ],
15 silly audit   resolve: [ '1.22.1' ],
15 silly audit   'resolve-url': [ '0.2.1' ],
15 silly audit   'resolve-url-loader': [ '5.0.0' ],
15 silly audit   'restore-cursor': [ '3.1.0' ],
15 silly audit   ret: [ '0.1.15' ],
15 silly audit   reusify: [ '1.0.4' ],
15 silly audit   rfdc: [ '1.3.0' ],
15 silly audit   'run-async': [ '2.4.1' ],
15 silly audit   'run-parallel': [ '1.2.0' ],
15 silly audit   'run-queue': [ '1.0.3' ],
15 silly audit   'rxjs-compat': [ '6.6.7' ],
15 silly audit   'rxjs-tslint': [ '0.1.8' ],
15 silly audit   'safe-regex': [ '1.1.0' ],
15 silly audit   'safer-buffer': [ '2.1.2' ],
15 silly audit   safevalues: [ '0.3.4' ],
15 silly audit   sass: [ '1.58.1' ],
15 silly audit   'sass-loader': [ '13.2.0' ],
15 silly audit   saucelabs: [ '1.5.0' ],
15 silly audit   sax: [ '1.2.4' ],
15 silly audit   'schema-utils': [ '4.3.0', '3.3.0' ],
15 silly audit   'select-hose': [ '2.0.0' ],
15 silly audit   'selenium-webdriver': [ '3.6.0' ],
15 silly audit   selfsigned: [ '2.1.1' ],
15 silly audit   'semver-dsl': [ '1.0.1' ],
15 silly audit   'semver-intersect': [ '1.4.0' ],
15 silly audit   send: [ '0.19.0' ],
15 silly audit   'serialize-javascript': [ '6.0.2' ],
15 silly audit   'serve-index': [ '1.9.1' ],
15 silly audit   setprototypeof: [ '1.1.0', '1.2.0' ],
15 silly audit   'serve-static': [ '1.16.2' ],
15 silly audit   'set-blocking': [ '2.0.0' ],
15 silly audit   'set-value': [ '2.0.1' ],
15 silly audit   setimmediate: [ '1.0.5' ],
15 silly audit   'shallow-clone': [ '3.0.1' ],
15 silly audit   'shebang-command': [ '2.0.0' ],
15 silly audit   'shebang-regex': [ '3.0.0' ],
15 silly audit   'side-channel': [ '1.1.0' ],
15 silly audit   'side-channel-list': [ '1.0.0' ],
15 silly audit   'side-channel-map': [ '1.0.1' ],
15 silly audit   'side-channel-weakmap': [ '1.0.2' ],
15 silly audit   sigstore: [ '1.9.0' ],
15 silly audit   simplebar: [ '5.3.9' ],
15 silly audit   'simplebar-angular': [ '2.5.0' ],
15 silly audit   slash: [ '4.0.0' ],
15 silly audit   slide: [ '1.1.6' ],
15 silly audit   'smart-buffer': [ '4.2.0' ],
15 silly audit   snapdragon: [ '0.8.2' ],
15 silly audit   'snapdragon-node': [ '2.1.1' ],
15 silly audit   'snapdragon-util': [ '3.0.1' ],
15 silly audit   'socket.io': [ '4.8.1' ],
15 silly audit   'socket.io-adapter': [ '2.5.5' ],
15 silly audit   'socket.io-parser': [ '4.2.4' ],
15 silly audit   sockjs: [ '0.3.24' ],
15 silly audit   uuid: [ '8.3.2', '3.4.0' ],
15 silly audit   'source-map-js': [ '1.0.2' ],
15 silly audit   'source-map-loader': [ '4.0.1' ],
15 silly audit   'source-map-resolve': [ '0.5.3' ],
15 silly audit   'source-map-url': [ '0.4.1' ],
15 silly audit   'spdx-correct': [ '3.2.0' ],
15 silly audit   'spdx-exceptions': [ '2.5.0' ],
15 silly audit   'spdx-expression-parse': [ '3.0.1' ],
15 silly audit   'spdx-license-ids': [ '3.0.21' ],
15 silly audit   spdy: [ '4.0.2' ],
15 silly audit   'spdy-transport': [ '3.0.0' ],
15 silly audit   'split-string': [ '3.1.0' ],
15 silly audit   sshpk: [ '1.17.0' ],
15 silly audit   'static-extend': [ '0.1.2' ],
15 silly audit   'stream-each': [ '1.2.3' ],
15 silly audit   'stream-shift': [ '1.0.3' ],
15 silly audit   streamroller: [ '3.1.4' ],
15 silly audit   'strip-final-newline': [ '2.0.0' ],
15 silly audit   'supports-preserve-symlinks-flag': [ '1.0.0' ],
15 silly audit   'svg.draggable.js': [ '2.2.2' ],
15 silly audit   'svg.easing.js': [ '2.0.0' ],
15 silly audit   'svg.filter.js': [ '2.0.2' ],
15 silly audit   'svg.js': [ '2.7.1' ],
15 silly audit   'svg.pathmorphing.js': [ '0.1.3' ],
15 silly audit   'svg.resize.js': [ '1.4.3' ],
15 silly audit   'svg.select.js': [ '2.1.2', '3.0.1' ],
15 silly audit   sweetalert2: [ '11.15.10' ],
15 silly audit   tapable: [ '2.2.1' ],
15 silly audit   terser: [ '5.16.3', '5.37.0' ],
15 silly audit   'terser-webpack-plugin': [ '5.3.11' ],
15 silly audit   'test-exclude': [ '6.0.0' ],
15 silly audit   'text-table': [ '0.2.0' ],
15 silly audit   through: [ '2.3.8' ],
15 silly audit   through2: [ '2.0.5' ],
15 silly audit   thunky: [ '1.1.0' ],
15 silly audit   'to-object-path': [ '0.3.0' ],
15 silly audit   'to-regex': [ '3.0.2' ],
15 silly audit   toidentifier: [ '1.0.1' ],
15 silly audit   'tough-cookie': [ '2.5.0' ],
15 silly audit   tr46: [ '0.0.3' ],
15 silly audit   'tree-kill': [ '1.2.2' ],
15 silly audit   'ts-node': [ '10.9.1' ],
15 silly audit   tslint: [ '5.20.1' ],
15 silly audit   tsutils: [ '2.29.0' ],
15 silly audit   'tuf-js': [ '1.1.7' ],
15 silly audit   'tunnel-agent': [ '0.6.0' ],
15 silly audit   tweetnacl: [ '0.14.5' ],
15 silly audit   'type-fest': [ '0.21.3' ],
15 silly audit   'type-is': [ '1.6.18' ],
15 silly audit   'typed-assert': [ '1.0.9' ],
15 silly audit   typedarray: [ '0.0.6' ],
15 silly audit   'ua-parser-js': [ '0.7.33' ],
15 silly audit   'unicode-canonical-property-names-ecmascript': [ '2.0.0' ],
15 silly audit   'unicode-match-property-ecmascript': [ '2.0.0' ],
15 silly audit   'unicode-match-property-value-ecmascript': [ '2.1.0' ],
15 silly audit   'unicode-property-aliases-ecmascript': [ '2.1.0' ],
15 silly audit   'union-value': [ '1.0.1' ],
15 silly audit   universalify: [ '0.1.2' ],
15 silly audit   unpipe: [ '1.0.0' ],
15 silly audit   'unset-value': [ '1.0.0' ],
15 silly audit   upath: [ '1.2.0' ],
15 silly audit   'update-browserslist-db': [ '1.0.10' ],
15 silly audit   urix: [ '0.1.0' ],
15 silly audit   use: [ '3.1.1' ],
15 silly audit   'util-deprecate': [ '1.0.2' ],
15 silly audit   'utils-merge': [ '1.0.1' ],
15 silly audit   'v8-compile-cache-lib': [ '3.0.1' ],
15 silly audit   'validate-npm-package-license': [ '3.0.4' ],
15 silly audit   vary: [ '1.1.2' ],
15 silly audit   verror: [ '1.10.0' ],
15 silly audit   'void-elements': [ '2.0.1' ],
15 silly audit   watchpack: [ '2.4.2' ],
15 silly audit   wbuf: [ '1.7.3' ],
15 silly audit   wcwidth: [ '1.0.1' ],
15 silly audit   'webdriver-js-extender': [ '2.1.0' ],
15 silly audit   'webdriver-manager': [ '12.1.9' ],
15 silly audit   'webidl-conversions': [ '3.0.1' ],
15 silly audit   webpack: [ '5.76.1' ],
15 silly audit   'webpack-dev-middleware': [ '6.1.2', '5.3.4' ],
15 silly audit   'webpack-dev-server': [ '4.11.1' ],
15 silly audit   'webpack-merge': [ '5.8.0' ],
15 silly audit   'webpack-sources': [ '3.2.3' ],
15 silly audit   'webpack-subresource-integrity': [ '5.1.0' ],
15 silly audit   'websocket-driver': [ '0.7.4' ],
15 silly audit   'websocket-extensions': [ '0.1.4' ],
15 silly audit   'whatwg-url': [ '5.0.0' ],
15 silly audit   'which-module': [ '2.0.0' ],
15 silly audit   'wide-align': [ '1.1.5' ],
15 silly audit   wildcard: [ '2.0.0' ],
15 silly audit   wrappy: [ '1.0.2' ],
15 silly audit   ws: [ '8.17.1' ],
15 silly audit   xml2js: [ '0.4.23' ],
15 silly audit   xmlbuilder: [ '11.0.1' ],
15 silly audit   xtend: [ '4.0.2' ],
15 silly audit   yaml: [ '1.10.2' ],
15 silly audit   yn: [ '3.1.1' ],
15 silly audit   zrender: [ '5.4.1' ]
15 silly audit }
16 verbose reify failed optional dependency /home/david/Documents/M-Fix-back-office/node_modules/ngx-scrollspy/node_modules/fsevents
17 silly reify mark deleted [
17 silly reify   '/home/david/Documents/M-Fix-back-office/node_modules/ngx-scrollspy/node_modules/fsevents'
17 silly reify ]
18 verbose reify failed optional dependency /home/david/Documents/M-Fix-back-office/node_modules/fsevents
19 silly reify mark deleted [ '/home/david/Documents/M-Fix-back-office/node_modules/fsevents' ]
20 warn skipping integrity check for git dependency ssh://git@github.com/angular/router.git
21 verbose reify failed optional dependency /home/david/Documents/M-Fix-back-office/node_modules/@schematics/update/node_modules/fsevents
22 silly reify mark deleted [
22 silly reify   '/home/david/Documents/M-Fix-back-office/node_modules/@schematics/update/node_modules/fsevents'
22 silly reify ]
23 verbose reify failed optional dependency /home/david/Documents/M-Fix-back-office/node_modules/@esbuild/win32-x64
24 silly reify mark deleted [
24 silly reify   '/home/david/Documents/M-Fix-back-office/node_modules/@esbuild/win32-x64'
24 silly reify ]
25 verbose reify failed optional dependency /home/david/Documents/M-Fix-back-office/node_modules/@esbuild/win32-ia32
26 silly reify mark deleted [
26 silly reify   '/home/david/Documents/M-Fix-back-office/node_modules/@esbuild/win32-ia32'
26 silly reify ]
27 verbose reify failed optional dependency /home/david/Documents/M-Fix-back-office/node_modules/@esbuild/win32-arm64
28 silly reify mark deleted [
28 silly reify   '/home/david/Documents/M-Fix-back-office/node_modules/@esbuild/win32-arm64'
28 silly reify ]
29 verbose reify failed optional dependency /home/david/Documents/M-Fix-back-office/node_modules/@esbuild/sunos-x64
30 silly reify mark deleted [
30 silly reify   '/home/david/Documents/M-Fix-back-office/node_modules/@esbuild/sunos-x64'
30 silly reify ]
31 verbose reify failed optional dependency /home/david/Documents/M-Fix-back-office/node_modules/@esbuild/openbsd-x64
32 silly reify mark deleted [
32 silly reify   '/home/david/Documents/M-Fix-back-office/node_modules/@esbuild/openbsd-x64'
32 silly reify ]
33 verbose reify failed optional dependency /home/david/Documents/M-Fix-back-office/node_modules/@esbuild/netbsd-x64
34 silly reify mark deleted [
34 silly reify   '/home/david/Documents/M-Fix-back-office/node_modules/@esbuild/netbsd-x64'
34 silly reify ]
35 verbose reify failed optional dependency /home/david/Documents/M-Fix-back-office/node_modules/@esbuild/linux-s390x
36 silly reify mark deleted [
36 silly reify   '/home/david/Documents/M-Fix-back-office/node_modules/@esbuild/linux-s390x'
36 silly reify ]
37 verbose reify failed optional dependency /home/david/Documents/M-Fix-back-office/node_modules/@esbuild/linux-riscv64
38 silly reify mark deleted [
38 silly reify   '/home/david/Documents/M-Fix-back-office/node_modules/@esbuild/linux-riscv64'
38 silly reify ]
39 verbose reify failed optional dependency /home/david/Documents/M-Fix-back-office/node_modules/@esbuild/linux-ppc64
40 silly reify mark deleted [
40 silly reify   '/home/david/Documents/M-Fix-back-office/node_modules/@esbuild/linux-ppc64'
40 silly reify ]
41 verbose reify failed optional dependency /home/david/Documents/M-Fix-back-office/node_modules/@esbuild/linux-mips64el
42 silly reify mark deleted [
42 silly reify   '/home/david/Documents/M-Fix-back-office/node_modules/@esbuild/linux-mips64el'
42 silly reify ]
43 verbose reify failed optional dependency /home/david/Documents/M-Fix-back-office/node_modules/@esbuild/linux-loong64
44 silly reify mark deleted [
44 silly reify   '/home/david/Documents/M-Fix-back-office/node_modules/@esbuild/linux-loong64'
44 silly reify ]
45 verbose reify failed optional dependency /home/david/Documents/M-Fix-back-office/node_modules/@esbuild/linux-ia32
46 silly reify mark deleted [
46 silly reify   '/home/david/Documents/M-Fix-back-office/node_modules/@esbuild/linux-ia32'
46 silly reify ]
47 verbose reify failed optional dependency /home/david/Documents/M-Fix-back-office/node_modules/@esbuild/linux-arm64
48 silly reify mark deleted [
48 silly reify   '/home/david/Documents/M-Fix-back-office/node_modules/@esbuild/linux-arm64'
48 silly reify ]
49 verbose reify failed optional dependency /home/david/Documents/M-Fix-back-office/node_modules/@esbuild/linux-arm
50 silly reify mark deleted [
50 silly reify   '/home/david/Documents/M-Fix-back-office/node_modules/@esbuild/linux-arm'
50 silly reify ]
51 verbose reify failed optional dependency /home/david/Documents/M-Fix-back-office/node_modules/@esbuild/freebsd-x64
52 silly reify mark deleted [
52 silly reify   '/home/david/Documents/M-Fix-back-office/node_modules/@esbuild/freebsd-x64'
52 silly reify ]
53 verbose reify failed optional dependency /home/david/Documents/M-Fix-back-office/node_modules/@esbuild/freebsd-arm64
54 silly reify mark deleted [
54 silly reify   '/home/david/Documents/M-Fix-back-office/node_modules/@esbuild/freebsd-arm64'
54 silly reify ]
55 verbose reify failed optional dependency /home/david/Documents/M-Fix-back-office/node_modules/@esbuild/darwin-x64
56 silly reify mark deleted [
56 silly reify   '/home/david/Documents/M-Fix-back-office/node_modules/@esbuild/darwin-x64'
56 silly reify ]
57 verbose reify failed optional dependency /home/david/Documents/M-Fix-back-office/node_modules/@esbuild/darwin-arm64
58 silly reify mark deleted [
58 silly reify   '/home/david/Documents/M-Fix-back-office/node_modules/@esbuild/darwin-arm64'
58 silly reify ]
59 verbose reify failed optional dependency /home/david/Documents/M-Fix-back-office/node_modules/@esbuild/android-x64
60 silly reify mark deleted [
60 silly reify   '/home/david/Documents/M-Fix-back-office/node_modules/@esbuild/android-x64'
60 silly reify ]
61 verbose reify failed optional dependency /home/david/Documents/M-Fix-back-office/node_modules/@esbuild/android-arm64
62 silly reify mark deleted [
62 silly reify   '/home/david/Documents/M-Fix-back-office/node_modules/@esbuild/android-arm64'
62 silly reify ]
63 verbose reify failed optional dependency /home/david/Documents/M-Fix-back-office/node_modules/@esbuild/android-arm
64 silly reify mark deleted [
64 silly reify   '/home/david/Documents/M-Fix-back-office/node_modules/@esbuild/android-arm'
64 silly reify ]
65 silly tarball no local data for zrender@https://registry.npmjs.org/zrender/-/zrender-5.4.1.tgz. Extracting by manifest.
66 silly tarball no local data for yn@https://registry.npmjs.org/yn/-/yn-3.1.1.tgz. Extracting by manifest.
67 silly tarball no local data for zone.js@https://registry.npmjs.org/zone.js/-/zone.js-0.12.0.tgz. Extracting by manifest.
68 silly tarball no local data for yargs-parser@https://registry.npmjs.org/yargs-parser/-/yargs-parser-21.1.1.tgz. Extracting by manifest.
69 silly tarball no local data for yargs@https://registry.npmjs.org/yargs/-/yargs-17.6.2.tgz. Extracting by manifest.
70 silly tarball no local data for yallist@https://registry.npmjs.org/yallist/-/yallist-3.1.1.tgz. Extracting by manifest.
71 silly tarball no local data for y18n@https://registry.npmjs.org/y18n/-/y18n-5.0.8.tgz. Extracting by manifest.
72 silly tarball no local data for yaml@https://registry.npmjs.org/yaml/-/yaml-1.10.2.tgz. Extracting by manifest.
73 silly tarball no local data for xtend@https://registry.npmjs.org/xtend/-/xtend-4.0.2.tgz. Extracting by manifest.
74 silly tarball no local data for xmlbuilder@https://registry.npmjs.org/xmlbuilder/-/xmlbuilder-11.0.1.tgz. Extracting by manifest.
75 silly tarball no local data for xml2js@https://registry.npmjs.org/xml2js/-/xml2js-0.4.23.tgz. Extracting by manifest.
76 silly tarball no local data for ws@https://registry.npmjs.org/ws/-/ws-8.17.1.tgz. Extracting by manifest.
77 silly tarball no local data for wrappy@https://registry.npmjs.org/wrappy/-/wrappy-1.0.2.tgz. Extracting by manifest.
78 silly tarball no local data for wrap-ansi-cjs@https://registry.npmjs.org/wrap-ansi/-/wrap-ansi-7.0.0.tgz. Extracting by manifest.
79 silly tarball no local data for wrap-ansi@https://registry.npmjs.org/wrap-ansi/-/wrap-ansi-7.0.0.tgz. Extracting by manifest.
80 silly tarball no local data for wildcard@https://registry.npmjs.org/wildcard/-/wildcard-2.0.0.tgz. Extracting by manifest.
81 silly tarball no local data for wide-align@https://registry.npmjs.org/wide-align/-/wide-align-1.1.5.tgz. Extracting by manifest.
82 silly tarball no local data for which-module@https://registry.npmjs.org/which-module/-/which-module-2.0.0.tgz. Extracting by manifest.
83 silly tarball no local data for which@https://registry.npmjs.org/which/-/which-1.3.1.tgz. Extracting by manifest.
84 silly tarball no local data for whatwg-url@https://registry.npmjs.org/whatwg-url/-/whatwg-url-5.0.0.tgz. Extracting by manifest.
85 silly tarball no local data for websocket-extensions@https://registry.npmjs.org/websocket-extensions/-/websocket-extensions-0.1.4.tgz. Extracting by manifest.
86 silly tarball no local data for websocket-driver@https://registry.npmjs.org/websocket-driver/-/websocket-driver-0.7.4.tgz. Extracting by manifest.
87 silly tarball no local data for webpack-subresource-integrity@https://registry.npmjs.org/webpack-subresource-integrity/-/webpack-subresource-integrity-5.1.0.tgz. Extracting by manifest.
88 silly tarball no local data for webpack-sources@https://registry.npmjs.org/webpack-sources/-/webpack-sources-3.2.3.tgz. Extracting by manifest.
89 silly tarball no local data for webpack-merge@https://registry.npmjs.org/webpack-merge/-/webpack-merge-5.8.0.tgz. Extracting by manifest.
90 silly tarball no local data for webpack-dev-server@https://registry.npmjs.org/webpack-dev-server/-/webpack-dev-server-4.11.1.tgz. Extracting by manifest.
91 silly tarball no local data for webpack-dev-middleware@https://registry.npmjs.org/webpack-dev-middleware/-/webpack-dev-middleware-6.1.2.tgz. Extracting by manifest.
92 silly tarball no local data for webpack@https://registry.npmjs.org/webpack/-/webpack-5.76.1.tgz. Extracting by manifest.
93 silly tarball no local data for webidl-conversions@https://registry.npmjs.org/webidl-conversions/-/webidl-conversions-3.0.1.tgz. Extracting by manifest.
94 silly tarball no local data for webdriver-manager@https://registry.npmjs.org/webdriver-manager/-/webdriver-manager-12.1.9.tgz. Extracting by manifest.
95 silly tarball no local data for webdriver-js-extender@https://registry.npmjs.org/webdriver-js-extender/-/webdriver-js-extender-2.1.0.tgz. Extracting by manifest.
96 silly tarball no local data for wcwidth@https://registry.npmjs.org/wcwidth/-/wcwidth-1.0.1.tgz. Extracting by manifest.
97 silly tarball no local data for wbuf@https://registry.npmjs.org/wbuf/-/wbuf-1.7.3.tgz. Extracting by manifest.
98 silly tarball no local data for watchpack@https://registry.npmjs.org/watchpack/-/watchpack-2.4.2.tgz. Extracting by manifest.
99 silly tarball no local data for void-elements@https://registry.npmjs.org/void-elements/-/void-elements-2.0.1.tgz. Extracting by manifest.
100 silly tarball no local data for verror@https://registry.npmjs.org/verror/-/verror-1.10.0.tgz. Extracting by manifest.
101 silly tarball no local data for validate-npm-package-name@https://registry.npmjs.org/validate-npm-package-name/-/validate-npm-package-name-5.0.1.tgz. Extracting by manifest.
102 silly tarball no local data for vary@https://registry.npmjs.org/vary/-/vary-1.1.2.tgz. Extracting by manifest.
103 silly tarball no local data for validate-npm-package-license@https://registry.npmjs.org/validate-npm-package-license/-/validate-npm-package-license-3.0.4.tgz. Extracting by manifest.
104 silly tarball no local data for v8-compile-cache-lib@https://registry.npmjs.org/v8-compile-cache-lib/-/v8-compile-cache-lib-3.0.1.tgz. Extracting by manifest.
105 silly tarball no local data for uuid@https://registry.npmjs.org/uuid/-/uuid-3.4.0.tgz. Extracting by manifest.
106 silly tarball no local data for utils-merge@https://registry.npmjs.org/utils-merge/-/utils-merge-1.0.1.tgz. Extracting by manifest.
107 silly tarball no local data for util-deprecate@https://registry.npmjs.org/util-deprecate/-/util-deprecate-1.0.2.tgz. Extracting by manifest.
108 silly tarball no local data for use@https://registry.npmjs.org/use/-/use-3.1.1.tgz. Extracting by manifest.
109 silly tarball no local data for urix@https://registry.npmjs.org/urix/-/urix-0.1.0.tgz. Extracting by manifest.
110 silly tarball no local data for uri-js@https://registry.npmjs.org/uri-js/-/uri-js-4.4.1.tgz. Extracting by manifest.
111 silly tarball no local data for update-browserslist-db@https://registry.npmjs.org/update-browserslist-db/-/update-browserslist-db-1.0.10.tgz. Extracting by manifest.
112 silly tarball no local data for upath@https://registry.npmjs.org/upath/-/upath-1.2.0.tgz. Extracting by manifest.
113 silly tarball no local data for unset-value@https://registry.npmjs.org/unset-value/-/unset-value-1.0.0.tgz. Extracting by manifest.
114 silly tarball no local data for unpipe@https://registry.npmjs.org/unpipe/-/unpipe-1.0.0.tgz. Extracting by manifest.
115 silly tarball no local data for universalify@https://registry.npmjs.org/universalify/-/universalify-0.1.2.tgz. Extracting by manifest.
116 silly tarball no local data for unique-slug@https://registry.npmjs.org/unique-slug/-/unique-slug-4.0.0.tgz. Extracting by manifest.
117 silly tarball no local data for unique-filename@https://registry.npmjs.org/unique-filename/-/unique-filename-3.0.0.tgz. Extracting by manifest.
118 silly tarball no local data for union-value@https://registry.npmjs.org/union-value/-/union-value-1.0.1.tgz. Extracting by manifest.
119 silly tarball no local data for unicode-property-aliases-ecmascript@https://registry.npmjs.org/unicode-property-aliases-ecmascript/-/unicode-property-aliases-ecmascript-2.1.0.tgz. Extracting by manifest.
120 silly tarball no local data for unicode-match-property-value-ecmascript@https://registry.npmjs.org/unicode-match-property-value-ecmascript/-/unicode-match-property-value-ecmascript-2.1.0.tgz. Extracting by manifest.
121 silly tarball no local data for unicode-match-property-ecmascript@https://registry.npmjs.org/unicode-match-property-ecmascript/-/unicode-match-property-ecmascript-2.0.0.tgz. Extracting by manifest.
122 silly tarball no local data for unicode-canonical-property-names-ecmascript@https://registry.npmjs.org/unicode-canonical-property-names-ecmascript/-/unicode-canonical-property-names-ecmascript-2.0.0.tgz. Extracting by manifest.
123 silly tarball no local data for ua-parser-js@https://registry.npmjs.org/ua-parser-js/-/ua-parser-js-0.7.33.tgz. Extracting by manifest.
124 silly tarball no local data for typescript@https://registry.npmjs.org/typescript/-/typescript-4.9.5.tgz. Extracting by manifest.
125 silly tarball no local data for typedarray@https://registry.npmjs.org/typedarray/-/typedarray-0.0.6.tgz. Extracting by manifest.
126 silly tarball no local data for typed-assert@https://registry.npmjs.org/typed-assert/-/typed-assert-1.0.9.tgz. Extracting by manifest.
127 silly tarball no local data for type-is@https://registry.npmjs.org/type-is/-/type-is-1.6.18.tgz. Extracting by manifest.
128 silly tarball no local data for type-fest@https://registry.npmjs.org/type-fest/-/type-fest-0.21.3.tgz. Extracting by manifest.
129 silly tarball no local data for tweetnacl@https://registry.npmjs.org/tweetnacl/-/tweetnacl-0.14.5.tgz. Extracting by manifest.
130 silly tarball no local data for tunnel-agent@https://registry.npmjs.org/tunnel-agent/-/tunnel-agent-0.6.0.tgz. Extracting by manifest.
131 silly tarball no local data for tuf-js@https://registry.npmjs.org/tuf-js/-/tuf-js-1.1.7.tgz. Extracting by manifest.
132 silly tarball no local data for tsutils@https://registry.npmjs.org/tsutils/-/tsutils-2.29.0.tgz. Extracting by manifest.
133 silly tarball no local data for tslib@https://registry.npmjs.org/tslib/-/tslib-2.5.0.tgz. Extracting by manifest.
134 silly tarball no local data for tslint@https://registry.npmjs.org/tslint/-/tslint-5.20.1.tgz. Extracting by manifest.
135 silly tarball no local data for ts-node@https://registry.npmjs.org/ts-node/-/ts-node-10.9.1.tgz. Extracting by manifest.
136 silly tarball no local data for tree-kill@https://registry.npmjs.org/tree-kill/-/tree-kill-1.2.2.tgz. Extracting by manifest.
137 silly tarball no local data for tr46@https://registry.npmjs.org/tr46/-/tr46-0.0.3.tgz. Extracting by manifest.
138 silly tarball no local data for tough-cookie@https://registry.npmjs.org/tough-cookie/-/tough-cookie-2.5.0.tgz. Extracting by manifest.
139 silly tarball no local data for to-regex-range@https://registry.npmjs.org/to-regex-range/-/to-regex-range-5.0.1.tgz. Extracting by manifest.
140 silly tarball no local data for toidentifier@https://registry.npmjs.org/toidentifier/-/toidentifier-1.0.1.tgz. Extracting by manifest.
141 silly tarball no local data for to-regex@https://registry.npmjs.org/to-regex/-/to-regex-3.0.2.tgz. Extracting by manifest.
142 silly tarball no local data for to-object-path@https://registry.npmjs.org/to-object-path/-/to-object-path-0.3.0.tgz. Extracting by manifest.
143 silly tarball no local data for thunky@https://registry.npmjs.org/thunky/-/thunky-1.1.0.tgz. Extracting by manifest.
144 silly tarball no local data for tmp@https://registry.npmjs.org/tmp/-/tmp-0.0.33.tgz. Extracting by manifest.
145 silly tarball no local data for through@https://registry.npmjs.org/through/-/through-2.3.8.tgz. Extracting by manifest.
146 silly tarball no local data for through2@https://registry.npmjs.org/through2/-/through2-2.0.5.tgz. Extracting by manifest.
147 silly tarball no local data for test-exclude@https://registry.npmjs.org/test-exclude/-/test-exclude-6.0.0.tgz. Extracting by manifest.
148 silly tarball no local data for text-table@https://registry.npmjs.org/text-table/-/text-table-0.2.0.tgz. Extracting by manifest.
149 silly tarball no local data for tar@https://registry.npmjs.org/tar/-/tar-6.2.1.tgz. Extracting by manifest.
150 silly tarball no local data for terser-webpack-plugin@https://registry.npmjs.org/terser-webpack-plugin/-/terser-webpack-plugin-5.3.11.tgz. Extracting by manifest.
151 silly tarball no local data for tapable@https://registry.npmjs.org/tapable/-/tapable-2.2.1.tgz. Extracting by manifest.
152 silly tarball no local data for symbol-observable@https://registry.npmjs.org/symbol-observable/-/symbol-observable-4.0.0.tgz. Extracting by manifest.
153 silly tarball no local data for sweetalert2@https://registry.npmjs.org/sweetalert2/-/sweetalert2-11.15.10.tgz. Extracting by manifest.
154 silly tarball no local data for svg.select.js@https://registry.npmjs.org/svg.select.js/-/svg.select.js-3.0.1.tgz. Extracting by manifest.
155 silly tarball no local data for svg.resize.js@https://registry.npmjs.org/svg.resize.js/-/svg.resize.js-1.4.3.tgz. Extracting by manifest.
156 silly tarball no local data for terser@https://registry.npmjs.org/terser/-/terser-5.16.3.tgz. Extracting by manifest.
157 silly tarball no local data for svg.pathmorphing.js@https://registry.npmjs.org/svg.pathmorphing.js/-/svg.pathmorphing.js-0.1.3.tgz. Extracting by manifest.
158 silly tarball no local data for svg.js@https://registry.npmjs.org/svg.js/-/svg.js-2.7.1.tgz. Extracting by manifest.
159 silly tarball no local data for svg.filter.js@https://registry.npmjs.org/svg.filter.js/-/svg.filter.js-2.0.2.tgz. Extracting by manifest.
160 silly tarball no local data for svg.easing.js@https://registry.npmjs.org/svg.easing.js/-/svg.easing.js-2.0.0.tgz. Extracting by manifest.
161 silly tarball no local data for svg.draggable.js@https://registry.npmjs.org/svg.draggable.js/-/svg.draggable.js-2.2.2.tgz. Extracting by manifest.
162 silly tarball no local data for supports-preserve-symlinks-flag@https://registry.npmjs.org/supports-preserve-symlinks-flag/-/supports-preserve-symlinks-flag-1.0.0.tgz. Extracting by manifest.
163 silly tarball no local data for supports-color@https://registry.npmjs.org/supports-color/-/supports-color-7.2.0.tgz. Extracting by manifest.
164 silly tarball no local data for strip-final-newline@https://registry.npmjs.org/strip-final-newline/-/strip-final-newline-2.0.0.tgz. Extracting by manifest.
165 silly tarball no local data for strip-ansi-cjs@https://registry.npmjs.org/strip-ansi/-/strip-ansi-6.0.1.tgz. Extracting by manifest.
166 silly tarball no local data for strip-ansi@https://registry.npmjs.org/strip-ansi/-/strip-ansi-6.0.1.tgz. Extracting by manifest.
167 silly tarball no local data for string-width-cjs@https://registry.npmjs.org/string-width/-/string-width-4.2.3.tgz. Extracting by manifest.
168 silly tarball no local data for string-width@https://registry.npmjs.org/string-width/-/string-width-4.2.3.tgz. Extracting by manifest.
169 silly tarball no local data for string_decoder@https://registry.npmjs.org/string_decoder/-/string_decoder-1.3.0.tgz. Extracting by manifest.
170 silly tarball no local data for streamroller@https://registry.npmjs.org/streamroller/-/streamroller-3.1.4.tgz. Extracting by manifest.
171 silly tarball no local data for stream-shift@https://registry.npmjs.org/stream-shift/-/stream-shift-1.0.3.tgz. Extracting by manifest.
172 silly tarball no local data for stream-each@https://registry.npmjs.org/stream-each/-/stream-each-1.2.3.tgz. Extracting by manifest.
173 silly tarball no local data for statuses@https://registry.npmjs.org/statuses/-/statuses-1.5.0.tgz. Extracting by manifest.
174 silly tarball no local data for static-extend@https://registry.npmjs.org/static-extend/-/static-extend-0.1.2.tgz. Extracting by manifest.
175 silly tarball no local data for ssri@https://registry.npmjs.org/ssri/-/ssri-10.0.1.tgz. Extracting by manifest.
176 silly tarball no local data for sshpk@https://registry.npmjs.org/sshpk/-/sshpk-1.17.0.tgz. Extracting by manifest.
177 silly tarball no local data for sprintf-js@https://registry.npmjs.org/sprintf-js/-/sprintf-js-1.1.3.tgz. Extracting by manifest.
178 silly tarball no local data for split-string@https://registry.npmjs.org/split-string/-/split-string-3.1.0.tgz. Extracting by manifest.
179 silly tarball no local data for spdy-transport@https://registry.npmjs.org/spdy-transport/-/spdy-transport-3.0.0.tgz. Extracting by manifest.
180 silly tarball no local data for spdy@https://registry.npmjs.org/spdy/-/spdy-4.0.2.tgz. Extracting by manifest.
181 silly tarball no local data for spdx-license-ids@https://registry.npmjs.org/spdx-license-ids/-/spdx-license-ids-3.0.21.tgz. Extracting by manifest.
182 silly tarball no local data for spdx-expression-parse@https://registry.npmjs.org/spdx-expression-parse/-/spdx-expression-parse-3.0.1.tgz. Extracting by manifest.
183 silly tarball no local data for spdx-exceptions@https://registry.npmjs.org/spdx-exceptions/-/spdx-exceptions-2.5.0.tgz. Extracting by manifest.
184 silly tarball no local data for spdx-correct@https://registry.npmjs.org/spdx-correct/-/spdx-correct-3.2.0.tgz. Extracting by manifest.
185 silly tarball no local data for source-map-url@https://registry.npmjs.org/source-map-url/-/source-map-url-0.4.1.tgz. Extracting by manifest.
186 silly tarball no local data for source-map-support@https://registry.npmjs.org/source-map-support/-/source-map-support-0.5.21.tgz. Extracting by manifest.
187 silly tarball no local data for source-map-resolve@https://registry.npmjs.org/source-map-resolve/-/source-map-resolve-0.5.3.tgz. Extracting by manifest.
188 silly tarball no local data for source-map-loader@https://registry.npmjs.org/source-map-loader/-/source-map-loader-4.0.1.tgz. Extracting by manifest.
189 silly tarball no local data for source-map-js@https://registry.npmjs.org/source-map-js/-/source-map-js-1.0.2.tgz. Extracting by manifest.
190 silly tarball no local data for source-map@https://registry.npmjs.org/source-map/-/source-map-0.7.4.tgz. Extracting by manifest.
191 silly tarball no local data for socks-proxy-agent@https://registry.npmjs.org/socks-proxy-agent/-/socks-proxy-agent-7.0.0.tgz. Extracting by manifest.
192 silly tarball no local data for socks@https://registry.npmjs.org/socks/-/socks-2.8.3.tgz. Extracting by manifest.
193 silly tarball no local data for sockjs@https://registry.npmjs.org/sockjs/-/sockjs-0.3.24.tgz. Extracting by manifest.
194 silly tarball no local data for socket.io-parser@https://registry.npmjs.org/socket.io-parser/-/socket.io-parser-4.2.4.tgz. Extracting by manifest.
195 silly tarball no local data for socket.io-adapter@https://registry.npmjs.org/socket.io-adapter/-/socket.io-adapter-2.5.5.tgz. Extracting by manifest.
196 silly tarball no local data for socket.io@https://registry.npmjs.org/socket.io/-/socket.io-4.8.1.tgz. Extracting by manifest.
197 silly tarball no local data for snapdragon-util@https://registry.npmjs.org/snapdragon-util/-/snapdragon-util-3.0.1.tgz. Extracting by manifest.
198 silly tarball no local data for snapdragon-node@https://registry.npmjs.org/snapdragon-node/-/snapdragon-node-2.1.1.tgz. Extracting by manifest.
199 silly tarball no local data for snapdragon@https://registry.npmjs.org/snapdragon/-/snapdragon-0.8.2.tgz. Extracting by manifest.
200 silly tarball no local data for smart-buffer@https://registry.npmjs.org/smart-buffer/-/smart-buffer-4.2.0.tgz. Extracting by manifest.
201 silly tarball no local data for slide@https://registry.npmjs.org/slide/-/slide-1.1.6.tgz. Extracting by manifest.
202 silly tarball no local data for slash@https://registry.npmjs.org/slash/-/slash-4.0.0.tgz. Extracting by manifest.
203 silly tarball no local data for simplebar-angular@https://registry.npmjs.org/simplebar-angular/-/simplebar-angular-2.5.0.tgz. Extracting by manifest.
204 silly tarball no local data for simplebar@https://registry.npmjs.org/simplebar/-/simplebar-5.3.9.tgz. Extracting by manifest.
205 silly tarball no local data for sigstore@https://registry.npmjs.org/sigstore/-/sigstore-1.9.0.tgz. Extracting by manifest.
206 silly tarball no local data for signal-exit@https://registry.npmjs.org/signal-exit/-/signal-exit-3.0.7.tgz. Extracting by manifest.
207 silly tarball no local data for side-channel-weakmap@https://registry.npmjs.org/side-channel-weakmap/-/side-channel-weakmap-1.0.2.tgz. Extracting by manifest.
208 silly tarball no local data for side-channel-map@https://registry.npmjs.org/side-channel-map/-/side-channel-map-1.0.1.tgz. Extracting by manifest.
209 silly tarball no local data for side-channel-list@https://registry.npmjs.org/side-channel-list/-/side-channel-list-1.0.0.tgz. Extracting by manifest.
210 silly tarball no local data for shebang-regex@https://registry.npmjs.org/shebang-regex/-/shebang-regex-3.0.0.tgz. Extracting by manifest.
211 silly tarball no local data for side-channel@https://registry.npmjs.org/side-channel/-/side-channel-1.1.0.tgz. Extracting by manifest.
212 silly tarball no local data for shebang-command@https://registry.npmjs.org/shebang-command/-/shebang-command-2.0.0.tgz. Extracting by manifest.
213 silly tarball no local data for shallow-clone@https://registry.npmjs.org/shallow-clone/-/shallow-clone-3.0.1.tgz. Extracting by manifest.
214 silly tarball no local data for setprototypeof@https://registry.npmjs.org/setprototypeof/-/setprototypeof-1.2.0.tgz. Extracting by manifest.
215 silly tarball no local data for setimmediate@https://registry.npmjs.org/setimmediate/-/setimmediate-1.0.5.tgz. Extracting by manifest.
216 silly tarball no local data for set-value@https://registry.npmjs.org/set-value/-/set-value-2.0.1.tgz. Extracting by manifest.
217 silly tarball no local data for set-blocking@https://registry.npmjs.org/set-blocking/-/set-blocking-2.0.0.tgz. Extracting by manifest.
218 silly tarball no local data for serve-static@https://registry.npmjs.org/serve-static/-/serve-static-1.16.2.tgz. Extracting by manifest.
219 silly tarball no local data for serve-index@https://registry.npmjs.org/serve-index/-/serve-index-1.9.1.tgz. Extracting by manifest.
220 silly tarball no local data for serialize-javascript@https://registry.npmjs.org/serialize-javascript/-/serialize-javascript-6.0.2.tgz. Extracting by manifest.
221 silly tarball no local data for send@https://registry.npmjs.org/send/-/send-0.19.0.tgz. Extracting by manifest.
222 silly tarball no local data for semver-intersect@https://registry.npmjs.org/semver-intersect/-/semver-intersect-1.4.0.tgz. Extracting by manifest.
223 silly tarball no local data for semver-dsl@https://registry.npmjs.org/semver-dsl/-/semver-dsl-1.0.1.tgz. Extracting by manifest.
224 silly tarball no local data for semver@https://registry.npmjs.org/semver/-/semver-7.5.3.tgz. Extracting by manifest.
225 silly tarball no local data for selfsigned@https://registry.npmjs.org/selfsigned/-/selfsigned-2.1.1.tgz. Extracting by manifest.
226 silly tarball no local data for selenium-webdriver@https://registry.npmjs.org/selenium-webdriver/-/selenium-webdriver-3.6.0.tgz. Extracting by manifest.
227 silly tarball no local data for select-hose@https://registry.npmjs.org/select-hose/-/select-hose-2.0.0.tgz. Extracting by manifest.
228 silly tarball no local data for schema-utils@https://registry.npmjs.org/schema-utils/-/schema-utils-4.3.0.tgz. Extracting by manifest.
229 silly tarball no local data for sax@https://registry.npmjs.org/sax/-/sax-1.2.4.tgz. Extracting by manifest.
230 silly tarball no local data for saucelabs@https://registry.npmjs.org/saucelabs/-/saucelabs-1.5.0.tgz. Extracting by manifest.
231 silly tarball no local data for sass-loader@https://registry.npmjs.org/sass-loader/-/sass-loader-13.2.0.tgz. Extracting by manifest.
232 silly tarball no local data for sass@https://registry.npmjs.org/sass/-/sass-1.58.1.tgz. Extracting by manifest.
233 silly tarball no local data for safevalues@https://registry.npmjs.org/safevalues/-/safevalues-0.3.4.tgz. Extracting by manifest.
234 silly tarball no local data for safer-buffer@https://registry.npmjs.org/safer-buffer/-/safer-buffer-2.1.2.tgz. Extracting by manifest.
235 silly tarball no local data for safe-regex@https://registry.npmjs.org/safe-regex/-/safe-regex-1.1.0.tgz. Extracting by manifest.
236 silly tarball no local data for safe-buffer@https://registry.npmjs.org/safe-buffer/-/safe-buffer-5.2.1.tgz. Extracting by manifest.
237 silly tarball no local data for rxjs-tslint@https://registry.npmjs.org/rxjs-tslint/-/rxjs-tslint-0.1.8.tgz. Extracting by manifest.
238 silly tarball no local data for rxjs-compat@https://registry.npmjs.org/rxjs-compat/-/rxjs-compat-6.6.7.tgz. Extracting by manifest.
239 silly tarball no local data for rxjs@https://registry.npmjs.org/rxjs/-/rxjs-7.8.0.tgz. Extracting by manifest.
240 silly tarball no local data for run-queue@https://registry.npmjs.org/run-queue/-/run-queue-1.0.3.tgz. Extracting by manifest.
241 silly tarball no local data for run-parallel@https://registry.npmjs.org/run-parallel/-/run-parallel-1.2.0.tgz. Extracting by manifest.
242 silly tarball no local data for run-async@https://registry.npmjs.org/run-async/-/run-async-2.4.1.tgz. Extracting by manifest.
243 silly tarball no local data for rimraf@https://registry.npmjs.org/rimraf/-/rimraf-3.0.2.tgz. Extracting by manifest.
244 silly tarball no local data for rfdc@https://registry.npmjs.org/rfdc/-/rfdc-1.3.0.tgz. Extracting by manifest.
245 silly tarball no local data for reusify@https://registry.npmjs.org/reusify/-/reusify-1.0.4.tgz. Extracting by manifest.
246 silly tarball no local data for retry@https://registry.npmjs.org/retry/-/retry-0.12.0.tgz. Extracting by manifest.
247 silly tarball no local data for ret@https://registry.npmjs.org/ret/-/ret-0.1.15.tgz. Extracting by manifest.
248 silly tarball no local data for restore-cursor@https://registry.npmjs.org/restore-cursor/-/restore-cursor-3.1.0.tgz. Extracting by manifest.
249 silly tarball no local data for resolve-url-loader@https://registry.npmjs.org/resolve-url-loader/-/resolve-url-loader-5.0.0.tgz. Extracting by manifest.
250 silly tarball no local data for resolve-url@https://registry.npmjs.org/resolve-url/-/resolve-url-0.2.1.tgz. Extracting by manifest.
251 silly tarball no local data for resolve-from@https://registry.npmjs.org/resolve-from/-/resolve-from-5.0.0.tgz. Extracting by manifest.
252 silly tarball no local data for resolve@https://registry.npmjs.org/resolve/-/resolve-1.22.1.tgz. Extracting by manifest.
253 silly tarball no local data for resize-observer-polyfill@https://registry.npmjs.org/resize-observer-polyfill/-/resize-observer-polyfill-1.5.1.tgz. Extracting by manifest.
254 silly tarball no local data for requires-port@https://registry.npmjs.org/requires-port/-/requires-port-1.0.0.tgz. Extracting by manifest.
255 silly tarball no local data for require-main-filename@https://registry.npmjs.org/require-main-filename/-/require-main-filename-2.0.0.tgz. Extracting by manifest.
256 silly tarball no local data for require-from-string@https://registry.npmjs.org/require-from-string/-/require-from-string-2.0.2.tgz. Extracting by manifest.
257 silly tarball no local data for require-directory@https://registry.npmjs.org/require-directory/-/require-directory-2.1.1.tgz. Extracting by manifest.
258 silly tarball no local data for request@https://registry.npmjs.org/request/-/request-2.88.2.tgz. Extracting by manifest.
259 silly tarball no local data for repeat-string@https://registry.npmjs.org/repeat-string/-/repeat-string-1.6.1.tgz. Extracting by manifest.
260 silly tarball no local data for repeat-element@https://registry.npmjs.org/repeat-element/-/repeat-element-1.1.4.tgz. Extracting by manifest.
261 silly tarball no local data for remove-trailing-separator@https://registry.npmjs.org/remove-trailing-separator/-/remove-trailing-separator-1.1.0.tgz. Extracting by manifest.
262 silly tarball no local data for regjsparser@https://registry.npmjs.org/regjsparser/-/regjsparser-0.9.1.tgz. Extracting by manifest.
263 silly tarball no local data for regjsgen@https://registry.npmjs.org/regjsgen/-/regjsgen-0.7.1.tgz. Extracting by manifest.
264 silly tarball no local data for regex-parser@https://registry.npmjs.org/regex-parser/-/regex-parser-2.2.11.tgz. Extracting by manifest.
265 silly tarball no local data for regex-not@https://registry.npmjs.org/regex-not/-/regex-not-1.0.2.tgz. Extracting by manifest.
266 silly tarball no local data for regexpu-core@https://registry.npmjs.org/regexpu-core/-/regexpu-core-5.2.2.tgz. Extracting by manifest.
267 silly tarball no local data for regenerator-transform@https://registry.npmjs.org/regenerator-transform/-/regenerator-transform-0.15.1.tgz. Extracting by manifest.
268 silly tarball no local data for regenerator-runtime@https://registry.npmjs.org/regenerator-runtime/-/regenerator-runtime-0.13.11.tgz. Extracting by manifest.
269 silly tarball no local data for regenerate-unicode-properties@https://registry.npmjs.org/regenerate-unicode-properties/-/regenerate-unicode-properties-10.1.0.tgz. Extracting by manifest.
270 silly tarball no local data for regenerate@https://registry.npmjs.org/regenerate/-/regenerate-1.4.2.tgz. Extracting by manifest.
271 silly tarball no local data for reflect-metadata@https://registry.npmjs.org/reflect-metadata/-/reflect-metadata-0.1.13.tgz. Extracting by manifest.
272 silly tarball no local data for readdirp@https://registry.npmjs.org/readdirp/-/readdirp-3.6.0.tgz. Extracting by manifest.
273 silly tarball no local data for readable-stream@https://registry.npmjs.org/readable-stream/-/readable-stream-3.6.0.tgz. Extracting by manifest.
274 silly tarball no local data for read-package-json-fast@https://registry.npmjs.org/read-package-json-fast/-/read-package-json-fast-3.0.2.tgz. Extracting by manifest.
275 silly tarball no local data for read-package-json@https://registry.npmjs.org/read-package-json/-/read-package-json-6.0.4.tgz. Extracting by manifest.
276 silly tarball no local data for raw-body@https://registry.npmjs.org/raw-body/-/raw-body-2.5.2.tgz. Extracting by manifest.
277 silly tarball no local data for range-parser@https://registry.npmjs.org/range-parser/-/range-parser-1.2.1.tgz. Extracting by manifest.
278 silly tarball no local data for randombytes@https://registry.npmjs.org/randombytes/-/randombytes-2.1.0.tgz. Extracting by manifest.
279 silly tarball no local data for queue-microtask@https://registry.npmjs.org/queue-microtask/-/queue-microtask-1.2.3.tgz. Extracting by manifest.
280 silly tarball no local data for qs@https://registry.npmjs.org/qs/-/qs-6.13.0.tgz. Extracting by manifest.
281 silly tarball no local data for qjobs@https://registry.npmjs.org/qjobs/-/qjobs-1.2.0.tgz. Extracting by manifest.
282 silly tarball no local data for q@https://registry.npmjs.org/q/-/q-1.4.1.tgz. Extracting by manifest.
283 silly tarball no local data for punycode@https://registry.npmjs.org/punycode/-/punycode-2.3.0.tgz. Extracting by manifest.
284 silly tarball no local data for pumpify@https://registry.npmjs.org/pumpify/-/pumpify-1.5.1.tgz. Extracting by manifest.
285 silly tarball no local data for pump@https://registry.npmjs.org/pump/-/pump-3.0.2.tgz. Extracting by manifest.
286 silly tarball no local data for psl@https://registry.npmjs.org/psl/-/psl-1.9.0.tgz. Extracting by manifest.
287 silly tarball no local data for pseudomap@https://registry.npmjs.org/pseudomap/-/pseudomap-1.0.2.tgz. Extracting by manifest.
288 silly tarball no local data for prr@https://registry.npmjs.org/prr/-/prr-1.0.1.tgz. Extracting by manifest.
289 silly tarball no local data for proxy-addr@https://registry.npmjs.org/proxy-addr/-/proxy-addr-2.0.7.tgz. Extracting by manifest.
290 silly tarball no local data for protractor@https://registry.npmjs.org/protractor/-/protractor-7.0.0.tgz. Extracting by manifest.
291 silly tarball no local data for protoduck@https://registry.npmjs.org/protoduck/-/protoduck-5.0.1.tgz. Extracting by manifest.
292 silly tarball no local data for protobufjs@https://registry.npmjs.org/protobufjs/-/protobufjs-6.11.4.tgz. Extracting by manifest.
293 silly tarball no local data for promise-inflight@https://registry.npmjs.org/promise-inflight/-/promise-inflight-1.0.1.tgz. Extracting by manifest.
294 silly tarball no local data for process-nextick-args@https://registry.npmjs.org/process-nextick-args/-/process-nextick-args-2.0.1.tgz. Extracting by manifest.
295 silly tarball no local data for proc-log@https://registry.npmjs.org/proc-log/-/proc-log-3.0.0.tgz. Extracting by manifest.
296 silly tarball no local data for promise-retry@https://registry.npmjs.org/promise-retry/-/promise-retry-2.0.1.tgz. Extracting by manifest.
297 silly tarball no local data for pretty-bytes@https://registry.npmjs.org/pretty-bytes/-/pretty-bytes-5.6.0.tgz. Extracting by manifest.
298 silly tarball no local data for preact@https://registry.npmjs.org/preact/-/preact-10.11.3.tgz. Extracting by manifest.
299 silly tarball no local data for postcss-value-parser@https://registry.npmjs.org/postcss-value-parser/-/postcss-value-parser-4.2.0.tgz. Extracting by manifest.
300 silly tarball no local data for postcss-selector-parser@https://registry.npmjs.org/postcss-selector-parser/-/postcss-selector-parser-6.0.11.tgz. Extracting by manifest.
301 silly tarball no local data for postcss-modules-values@https://registry.npmjs.org/postcss-modules-values/-/postcss-modules-values-4.0.0.tgz. Extracting by manifest.
302 silly tarball no local data for postcss-modules-scope@https://registry.npmjs.org/postcss-modules-scope/-/postcss-modules-scope-3.0.0.tgz. Extracting by manifest.
303 silly tarball no local data for postcss-modules-local-by-default@https://registry.npmjs.org/postcss-modules-local-by-default/-/postcss-modules-local-by-default-4.0.0.tgz. Extracting by manifest.
304 silly tarball no local data for postcss-modules-extract-imports@https://registry.npmjs.org/postcss-modules-extract-imports/-/postcss-modules-extract-imports-3.0.0.tgz. Extracting by manifest.
305 silly tarball no local data for postcss-loader@https://registry.npmjs.org/postcss-loader/-/postcss-loader-7.0.2.tgz. Extracting by manifest.
306 silly tarball no local data for postcss@https://registry.npmjs.org/postcss/-/postcss-8.4.31.tgz. Extracting by manifest.
307 silly tarball no local data for posix-character-classes@https://registry.npmjs.org/posix-character-classes/-/posix-character-classes-0.1.1.tgz. Extracting by manifest.
308 silly tarball no local data for pkg-dir@https://registry.npmjs.org/pkg-dir/-/pkg-dir-4.2.0.tgz. Extracting by manifest.
309 silly tarball no local data for piscina@https://registry.npmjs.org/piscina/-/piscina-3.2.0.tgz. Extracting by manifest.
310 silly tarball no local data for pinkie-promise@https://registry.npmjs.org/pinkie-promise/-/pinkie-promise-2.0.1.tgz. Extracting by manifest.
311 silly tarball no local data for pinkie@https://registry.npmjs.org/pinkie/-/pinkie-2.0.4.tgz. Extracting by manifest.
312 silly tarball no local data for pify@https://registry.npmjs.org/pify/-/pify-2.3.0.tgz. Extracting by manifest.
313 silly tarball no local data for picomatch@https://registry.npmjs.org/picomatch/-/picomatch-2.3.1.tgz. Extracting by manifest.
314 silly tarball no local data for picocolors@https://registry.npmjs.org/picocolors/-/picocolors-1.0.0.tgz. Extracting by manifest.
315 silly tarball no local data for path-type@https://registry.npmjs.org/path-type/-/path-type-4.0.0.tgz. Extracting by manifest.
316 silly tarball no local data for performance-now@https://registry.npmjs.org/performance-now/-/performance-now-2.1.0.tgz. Extracting by manifest.
317 silly tarball no local data for path-to-regexp@https://registry.npmjs.org/path-to-regexp/-/path-to-regexp-0.1.12.tgz. Extracting by manifest.
318 silly tarball no local data for path-scurry@https://registry.npmjs.org/path-scurry/-/path-scurry-1.11.1.tgz. Extracting by manifest.
319 silly tarball no local data for path-parse@https://registry.npmjs.org/path-parse/-/path-parse-1.0.7.tgz. Extracting by manifest.
320 silly tarball no local data for path-key@https://registry.npmjs.org/path-key/-/path-key-3.1.1.tgz. Extracting by manifest.
321 silly tarball no local data for path-is-inside@https://registry.npmjs.org/path-is-inside/-/path-is-inside-1.0.2.tgz. Extracting by manifest.
322 silly tarball no local data for path-is-absolute@https://registry.npmjs.org/path-is-absolute/-/path-is-absolute-1.0.1.tgz. Extracting by manifest.
323 silly tarball no local data for path-exists@https://registry.npmjs.org/path-exists/-/path-exists-4.0.0.tgz. Extracting by manifest.
324 silly tarball no local data for path-dirname@https://registry.npmjs.org/path-dirname/-/path-dirname-1.0.2.tgz. Extracting by manifest.
325 silly tarball no local data for pascalcase@https://registry.npmjs.org/pascalcase/-/pascalcase-0.1.1.tgz. Extracting by manifest.
326 silly tarball no local data for parse5-sax-parser@https://registry.npmjs.org/parse5-sax-parser/-/parse5-sax-parser-7.0.0.tgz. Extracting by manifest.
327 silly tarball no local data for parseurl@https://registry.npmjs.org/parseurl/-/parseurl-1.3.3.tgz. Extracting by manifest.
328 silly tarball no local data for parse5-htmlparser2-tree-adapter@https://registry.npmjs.org/parse5-htmlparser2-tree-adapter/-/parse5-htmlparser2-tree-adapter-6.0.1.tgz. Extracting by manifest.
329 silly tarball no local data for parse5-html-rewriting-stream@https://registry.npmjs.org/parse5-html-rewriting-stream/-/parse5-html-rewriting-stream-7.0.0.tgz. Extracting by manifest.
330 silly tarball no local data for parse5@https://registry.npmjs.org/parse5/-/parse5-6.0.1.tgz. Extracting by manifest.
331 silly tarball no local data for parse-node-version@https://registry.npmjs.org/parse-node-version/-/parse-node-version-1.0.1.tgz. Extracting by manifest.
332 silly tarball no local data for parse-json@https://registry.npmjs.org/parse-json/-/parse-json-5.2.0.tgz. Extracting by manifest.
333 silly tarball no local data for parent-module@https://registry.npmjs.org/parent-module/-/parent-module-1.0.1.tgz. Extracting by manifest.
334 silly tarball no local data for parallel-transform@https://registry.npmjs.org/parallel-transform/-/parallel-transform-1.2.0.tgz. Extracting by manifest.
335 silly tarball no local data for pako@https://registry.npmjs.org/pako/-/pako-1.0.11.tgz. Extracting by manifest.
336 silly tarball no local data for pacote@https://registry.npmjs.org/pacote/-/pacote-15.1.0.tgz. Extracting by manifest.
337 silly tarball no local data for package-json-from-dist@https://registry.npmjs.org/package-json-from-dist/-/package-json-from-dist-1.0.1.tgz. Extracting by manifest.
338 silly tarball no local data for p-try@https://registry.npmjs.org/p-try/-/p-try-2.2.0.tgz. Extracting by manifest.
339 silly tarball no local data for p-retry@https://registry.npmjs.org/p-retry/-/p-retry-4.6.2.tgz. Extracting by manifest.
340 silly tarball no local data for p-map@https://registry.npmjs.org/p-map/-/p-map-4.0.0.tgz. Extracting by manifest.
341 silly tarball no local data for p-locate@https://registry.npmjs.org/p-locate/-/p-locate-4.1.0.tgz. Extracting by manifest.
342 silly tarball no local data for p-limit@https://registry.npmjs.org/p-limit/-/p-limit-2.3.0.tgz. Extracting by manifest.
343 silly tarball no local data for outlayer@https://registry.npmjs.org/outlayer/-/outlayer-2.1.1.tgz. Extracting by manifest.
344 silly tarball no local data for os-tmpdir@https://registry.npmjs.org/os-tmpdir/-/os-tmpdir-1.0.2.tgz. Extracting by manifest.
345 silly tarball no local data for osenv@https://registry.npmjs.org/osenv/-/osenv-0.1.5.tgz. Extracting by manifest.
346 silly tarball no local data for os-homedir@https://registry.npmjs.org/os-homedir/-/os-homedir-1.0.2.tgz. Extracting by manifest.
347 silly tarball no local data for opn@https://registry.npmjs.org/opn/-/opn-5.4.0.tgz. Extracting by manifest.
348 silly tarball no local data for open@https://registry.npmjs.org/open/-/open-8.4.1.tgz. Extracting by manifest.
349 silly tarball no local data for onetime@https://registry.npmjs.org/onetime/-/onetime-5.1.2.tgz. Extracting by manifest.
350 silly tarball no local data for once@https://registry.npmjs.org/once/-/once-1.4.0.tgz. Extracting by manifest.
351 silly tarball no local data for on-headers@https://registry.npmjs.org/on-headers/-/on-headers-1.0.2.tgz. Extracting by manifest.
352 silly tarball no local data for ora@https://registry.npmjs.org/ora/-/ora-5.4.1.tgz. Extracting by manifest.
353 silly tarball no local data for on-finished@https://registry.npmjs.org/on-finished/-/on-finished-2.4.1.tgz. Extracting by manifest.
354 silly tarball no local data for obuf@https://registry.npmjs.org/obuf/-/obuf-1.1.2.tgz. Extracting by manifest.
355 silly tarball no local data for object.pick@https://registry.npmjs.org/object.pick/-/object.pick-1.3.0.tgz. Extracting by manifest.
356 silly tarball no local data for object-visit@https://registry.npmjs.org/object-visit/-/object-visit-1.0.1.tgz. Extracting by manifest.
357 silly tarball no local data for object-inspect@https://registry.npmjs.org/object-inspect/-/object-inspect-1.13.3.tgz. Extracting by manifest.
358 silly tarball no local data for object-copy@https://registry.npmjs.org/object-copy/-/object-copy-0.1.0.tgz. Extracting by manifest.
359 silly tarball no local data for object-assign@https://registry.npmjs.org/object-assign/-/object-assign-4.1.1.tgz. Extracting by manifest.
360 silly tarball no local data for oauth-sign@https://registry.npmjs.org/oauth-sign/-/oauth-sign-0.9.0.tgz. Extracting by manifest.
361 silly tarball no local data for number-is-nan@https://registry.npmjs.org/number-is-nan/-/number-is-nan-1.0.1.tgz. Extracting by manifest.
362 silly tarball no local data for nth-check@https://registry.npmjs.org/nth-check/-/nth-check-2.1.1.tgz. Extracting by manifest.
363 silly tarball no local data for npm-run-path@https://registry.npmjs.org/npm-run-path/-/npm-run-path-4.0.1.tgz. Extracting by manifest.
364 silly tarball no local data for npm-registry-fetch@https://registry.npmjs.org/npm-registry-fetch/-/npm-registry-fetch-14.0.5.tgz. Extracting by manifest.
365 silly tarball no local data for npmlog@https://registry.npmjs.org/npmlog/-/npmlog-6.0.2.tgz. Extracting by manifest.
366 silly tarball no local data for npm-registry-client@https://registry.npmjs.org/npm-registry-client/-/npm-registry-client-8.6.0.tgz. Extracting by manifest.
367 silly tarball no local data for npm-pick-manifest@https://registry.npmjs.org/npm-pick-manifest/-/npm-pick-manifest-8.0.1.tgz. Extracting by manifest.
368 silly tarball no local data for npm-packlist@https://registry.npmjs.org/npm-packlist/-/npm-packlist-7.0.4.tgz. Extracting by manifest.
369 silly tarball no local data for npm-package-arg@https://registry.npmjs.org/npm-package-arg/-/npm-package-arg-10.1.0.tgz. Extracting by manifest.
370 silly tarball no local data for npm-normalize-package-bin@https://registry.npmjs.org/npm-normalize-package-bin/-/npm-normalize-package-bin-3.0.1.tgz. Extracting by manifest.
371 silly tarball no local data for npm-bundled@https://registry.npmjs.org/npm-bundled/-/npm-bundled-3.0.1.tgz. Extracting by manifest.
372 silly tarball no local data for npm-install-checks@https://registry.npmjs.org/npm-install-checks/-/npm-install-checks-6.3.0.tgz. Extracting by manifest.
373 silly tarball no local data for normalize-range@https://registry.npmjs.org/normalize-range/-/normalize-range-0.1.2.tgz. Extracting by manifest.
374 silly tarball no local data for normalize-path@https://registry.npmjs.org/normalize-path/-/normalize-path-3.0.0.tgz. Extracting by manifest.
375 silly tarball no local data for normalize-package-data@https://registry.npmjs.org/normalize-package-data/-/normalize-package-data-5.0.0.tgz. Extracting by manifest.
376 silly tarball no local data for nopt@https://registry.npmjs.org/nopt/-/nopt-6.0.0.tgz. Extracting by manifest.
377 silly tarball no local data for node-releases@https://registry.npmjs.org/node-releases/-/node-releases-2.0.9.tgz. Extracting by manifest.
378 silly tarball no local data for node-gyp-build@https://registry.npmjs.org/node-gyp-build/-/node-gyp-build-4.8.4.tgz. Extracting by manifest.
379 silly tarball no local data for node-gyp@https://registry.npmjs.org/node-gyp/-/node-gyp-9.4.1.tgz. Extracting by manifest.
380 silly tarball no local data for node-forge@https://registry.npmjs.org/node-forge/-/node-forge-1.3.1.tgz. Extracting by manifest.
381 silly tarball no local data for node-fetch-npm@https://registry.npmjs.org/node-fetch-npm/-/node-fetch-npm-2.0.4.tgz. Extracting by manifest.
382 silly tarball no local data for node-fetch@https://registry.npmjs.org/node-fetch/-/node-fetch-2.6.7.tgz. Extracting by manifest.
383 silly tarball no local data for node-addon-api@https://registry.npmjs.org/node-addon-api/-/node-addon-api-3.2.1.tgz. Extracting by manifest.
384 silly tarball no local data for nice-napi@https://registry.npmjs.org/nice-napi/-/nice-napi-1.0.2.tgz. Extracting by manifest.
385 silly tarball no local data for ngx-youtube-player@https://registry.npmjs.org/ngx-youtube-player/-/ngx-youtube-player-12.0.2.tgz. Extracting by manifest.
386 silly tarball no local data for ngx-ui-switch@https://registry.npmjs.org/ngx-ui-switch/-/ngx-ui-switch-14.0.3.tgz. Extracting by manifest.
387 silly tarball no local data for ngx-toastr@https://registry.npmjs.org/ngx-toastr/-/ngx-toastr-16.0.2.tgz. Extracting by manifest.
388 silly tarball no local data for ngx-scrollspy@https://registry.npmjs.org/ngx-scrollspy/-/ngx-scrollspy-1.2.1.tgz. Extracting by manifest.
389 silly tarball no local data for ngx-owl-carousel-o@https://registry.npmjs.org/ngx-owl-carousel-o/-/ngx-owl-carousel-o-15.0.0.tgz. Extracting by manifest.
390 silly tarball no local data for ngx-masonry@https://registry.npmjs.org/ngx-masonry/-/ngx-masonry-14.0.1.tgz. Extracting by manifest.
391 silly tarball no local data for ngx-lightbox@https://registry.npmjs.org/ngx-lightbox/-/ngx-lightbox-3.0.0.tgz. Extracting by manifest.
392 silly tarball no local data for ngx-mask@https://registry.npmjs.org/ngx-mask/-/ngx-mask-14.2.4.tgz. Extracting by manifest.
393 silly tarball no local data for ngx-image-cropper@https://registry.npmjs.org/ngx-image-cropper/-/ngx-image-cropper-6.3.2.tgz. Extracting by manifest.
394 silly tarball no local data for ngx-filesaver@https://registry.npmjs.org/ngx-filesaver/-/ngx-filesaver-14.0.0.tgz. Extracting by manifest.
395 silly tarball no local data for ngx-echarts@https://registry.npmjs.org/ngx-echarts/-/ngx-echarts-15.0.1.tgz. Extracting by manifest.
396 silly tarball no local data for ngx-dropzone-wrapper@https://registry.npmjs.org/ngx-dropzone-wrapper/-/ngx-dropzone-wrapper-13.0.0.tgz. Extracting by manifest.
397 silly tarball no local data for ngx-dropzone@https://registry.npmjs.org/ngx-dropzone/-/ngx-dropzone-3.1.0.tgz. Extracting by manifest.
398 silly tarball no local data for ngx-drag-drop@https://registry.npmjs.org/ngx-drag-drop/-/ngx-drag-drop-15.0.1.tgz. Extracting by manifest.
399 silly tarball no local data for ngx-cookie-service@https://registry.npmjs.org/ngx-cookie-service/-/ngx-cookie-service-15.0.0.tgz. Extracting by manifest.
400 silly tarball no local data for ngx-color-picker@https://registry.npmjs.org/ngx-color-picker/-/ngx-color-picker-13.0.0.tgz. Extracting by manifest.
401 silly tarball no local data for ngx-chartist@https://registry.npmjs.org/ngx-chartist/-/ngx-chartist-1.0.3.tgz. Extracting by manifest.
402 silly tarball no local data for ngx-bootstrap@https://registry.npmjs.org/ngx-bootstrap/-/ngx-bootstrap-10.2.0.tgz. Extracting by manifest.
403 silly tarball no local data for ng5-slider@https://registry.npmjs.org/ng5-slider/-/ng5-slider-1.2.6.tgz. Extracting by manifest.
404 silly tarball no local data for ng2-smart-table@https://registry.npmjs.org/ng2-smart-table/-/ng2-smart-table-1.7.2.tgz. Extracting by manifest.
405 silly tarball no local data for ng2-search-filter@https://registry.npmjs.org/ng2-search-filter/-/ng2-search-filter-0.5.1.tgz. Extracting by manifest.
406 silly tarball no local data for ng2-completer@https://registry.npmjs.org/ng2-completer/-/ng2-completer-9.0.1.tgz. Extracting by manifest.
407 silly tarball no local data for ng2-charts@https://registry.npmjs.org/ng2-charts/-/ng2-charts-2.4.3.tgz. Extracting by manifest.
408 silly tarball no local data for ng-recaptcha@https://registry.npmjs.org/ng-recaptcha/-/ng-recaptcha-13.2.1.tgz. Extracting by manifest.
409 silly tarball no local data for ng-otp-input@https://registry.npmjs.org/ng-otp-input/-/ng-otp-input-1.8.5.tgz. Extracting by manifest.
410 silly tarball no local data for ng-chartist@https://registry.npmjs.org/ng-chartist/-/ng-chartist-7.1.1.tgz. Extracting by manifest.
411 silly tarball no local data for neo-async@https://registry.npmjs.org/neo-async/-/neo-async-2.6.2.tgz. Extracting by manifest.
412 silly tarball no local data for negotiator@https://registry.npmjs.org/negotiator/-/negotiator-0.6.3.tgz. Extracting by manifest.
413 silly tarball no local data for ng-apexcharts@https://registry.npmjs.org/ng-apexcharts/-/ng-apexcharts-1.7.4.tgz. Extracting by manifest.
414 silly tarball no local data for needle@https://registry.npmjs.org/needle/-/needle-3.2.0.tgz. Extracting by manifest.
415 silly tarball no local data for nanomatch@https://registry.npmjs.org/nanomatch/-/nanomatch-1.2.13.tgz. Extracting by manifest.
416 silly tarball no local data for nanoid@https://registry.npmjs.org/nanoid/-/nanoid-3.3.8.tgz. Extracting by manifest.
417 silly tarball no local data for nan@https://registry.npmjs.org/nan/-/nan-2.23.0.tgz. Extracting by manifest.
418 silly tarball no local data for multicast-dns@https://registry.npmjs.org/multicast-dns/-/multicast-dns-7.2.5.tgz. Extracting by manifest.
419 silly tarball no local data for mute-stream@https://registry.npmjs.org/mute-stream/-/mute-stream-0.0.8.tgz. Extracting by manifest.
420 silly tarball no local data for ms@https://registry.npmjs.org/ms/-/ms-2.1.2.tgz. Extracting by manifest.
421 silly tarball no local data for moment@https://registry.npmjs.org/moment/-/moment-2.29.4.tgz. Extracting by manifest.
422 silly tarball no local data for move-concurrently@https://registry.npmjs.org/move-concurrently/-/move-concurrently-1.0.1.tgz. Extracting by manifest.
423 silly tarball no local data for mixin-deep@https://registry.npmjs.org/mixin-deep/-/mixin-deep-1.3.2.tgz. Extracting by manifest.
424 silly tarball no local data for mkdirp@https://registry.npmjs.org/mkdirp/-/mkdirp-0.5.6.tgz. Extracting by manifest.
425 silly tarball no local data for mississippi@https://registry.npmjs.org/mississippi/-/mississippi-3.0.0.tgz. Extracting by manifest.
426 silly tarball no local data for minizlib@https://registry.npmjs.org/minizlib/-/minizlib-2.1.2.tgz. Extracting by manifest.
427 silly tarball no local data for minipass-sized@https://registry.npmjs.org/minipass-sized/-/minipass-sized-1.0.3.tgz. Extracting by manifest.
428 silly tarball no local data for minipass-pipeline@https://registry.npmjs.org/minipass-pipeline/-/minipass-pipeline-1.2.4.tgz. Extracting by manifest.
429 silly tarball no local data for minipass-json-stream@https://registry.npmjs.org/minipass-json-stream/-/minipass-json-stream-1.0.2.tgz. Extracting by manifest.
430 silly tarball no local data for minipass-flush@https://registry.npmjs.org/minipass-flush/-/minipass-flush-1.0.5.tgz. Extracting by manifest.
431 silly tarball no local data for minipass-fetch@https://registry.npmjs.org/minipass-fetch/-/minipass-fetch-2.1.2.tgz. Extracting by manifest.
432 silly tarball no local data for minipass-collect@https://registry.npmjs.org/minipass-collect/-/minipass-collect-1.0.2.tgz. Extracting by manifest.
433 silly tarball no local data for minipass@https://registry.npmjs.org/minipass/-/minipass-4.0.1.tgz. Extracting by manifest.
434 silly tarball no local data for minimist@https://registry.npmjs.org/minimist/-/minimist-1.2.7.tgz. Extracting by manifest.
435 silly tarball no local data for minimatch@https://registry.npmjs.org/minimatch/-/minimatch-5.1.6.tgz. Extracting by manifest.
436 silly tarball no local data for minimalistic-assert@https://registry.npmjs.org/minimalistic-assert/-/minimalistic-assert-1.0.1.tgz. Extracting by manifest.
437 silly tarball no local data for mini-css-extract-plugin@https://registry.npmjs.org/mini-css-extract-plugin/-/mini-css-extract-plugin-2.7.2.tgz. Extracting by manifest.
438 silly tarball no local data for mimic-fn@https://registry.npmjs.org/mimic-fn/-/mimic-fn-2.1.0.tgz. Extracting by manifest.
439 silly tarball no local data for mime-types@https://registry.npmjs.org/mime-types/-/mime-types-2.1.35.tgz. Extracting by manifest.
440 silly tarball no local data for mime@https://registry.npmjs.org/mime/-/mime-2.6.0.tgz. Extracting by manifest.
441 silly tarball no local data for mime-db@https://registry.npmjs.org/mime-db/-/mime-db-1.52.0.tgz. Extracting by manifest.
442 silly tarball no local data for metismenujs@https://registry.npmjs.org/metismenujs/-/metismenujs-1.4.0.tgz. Extracting by manifest.
443 silly tarball no local data for methods@https://registry.npmjs.org/methods/-/methods-1.1.2.tgz. Extracting by manifest.
444 silly tarball no local data for merge2@https://registry.npmjs.org/merge2/-/merge2-1.4.1.tgz. Extracting by manifest.
445 silly tarball no local data for merge-stream@https://registry.npmjs.org/merge-stream/-/merge-stream-2.0.0.tgz. Extracting by manifest.
446 silly tarball no local data for merge-descriptors@https://registry.npmjs.org/merge-descriptors/-/merge-descriptors-1.0.3.tgz. Extracting by manifest.
447 silly tarball no local data for memfs@https://registry.npmjs.org/memfs/-/memfs-3.4.13.tgz. Extracting by manifest.
448 silly tarball no local data for math-intrinsics@https://registry.npmjs.org/math-intrinsics/-/math-intrinsics-1.1.0.tgz. Extracting by manifest.
449 silly tarball no local data for media-typer@https://registry.npmjs.org/media-typer/-/media-typer-0.3.0.tgz. Extracting by manifest.
450 silly tarball no local data for masonry-layout@https://registry.npmjs.org/masonry-layout/-/masonry-layout-4.2.2.tgz. Extracting by manifest.
451 silly tarball no local data for map-visit@https://registry.npmjs.org/map-visit/-/map-visit-1.0.0.tgz. Extracting by manifest.
452 silly tarball no local data for map-cache@https://registry.npmjs.org/map-cache/-/map-cache-0.2.2.tgz. Extracting by manifest.
453 silly tarball no local data for make-fetch-happen@https://registry.npmjs.org/make-fetch-happen/-/make-fetch-happen-10.2.1.tgz. Extracting by manifest.
454 silly tarball no local data for make-error@https://registry.npmjs.org/make-error/-/make-error-1.3.6.tgz. Extracting by manifest.
455 silly tarball no local data for make-dir@https://registry.npmjs.org/make-dir/-/make-dir-3.1.0.tgz. Extracting by manifest.
456 silly tarball no local data for magic-string@https://registry.npmjs.org/magic-string/-/magic-string-0.29.0.tgz. Extracting by manifest.
457 silly tarball no local data for lru-cache@https://registry.npmjs.org/lru-cache/-/lru-cache-5.1.1.tgz. Extracting by manifest.
458 silly tarball no local data for long@https://registry.npmjs.org/long/-/long-4.0.0.tgz. Extracting by manifest.
459 silly tarball no local data for log4js@https://registry.npmjs.org/log4js/-/log4js-6.7.1.tgz. Extracting by manifest.
460 silly tarball no local data for log-symbols@https://registry.npmjs.org/log-symbols/-/log-symbols-4.1.0.tgz. Extracting by manifest.
461 silly tarball no local data for lodash.memoize@https://registry.npmjs.org/lodash.memoize/-/lodash.memoize-4.1.2.tgz. Extracting by manifest.
462 silly tarball no local data for lodash.throttle@https://registry.npmjs.org/lodash.throttle/-/lodash.throttle-4.1.1.tgz. Extracting by manifest.
463 silly tarball no local data for lodash.debounce@https://registry.npmjs.org/lodash.debounce/-/lodash.debounce-4.0.8.tgz. Extracting by manifest.
464 silly tarball no local data for lodash-es@https://registry.npmjs.org/lodash-es/-/lodash-es-4.17.21.tgz. Extracting by manifest.
465 silly tarball no local data for lodash@https://registry.npmjs.org/lodash/-/lodash-4.17.21.tgz. Extracting by manifest.
466 silly tarball no local data for lodash.camelcase@https://registry.npmjs.org/lodash.camelcase/-/lodash.camelcase-4.3.0.tgz. Extracting by manifest.
467 silly tarball no local data for locate-path@https://registry.npmjs.org/locate-path/-/locate-path-5.0.0.tgz. Extracting by manifest.
468 silly tarball no local data for loader-utils@https://registry.npmjs.org/loader-utils/-/loader-utils-3.2.1.tgz. Extracting by manifest.
469 silly tarball no local data for loader-runner@https://registry.npmjs.org/loader-runner/-/loader-runner-4.3.0.tgz. Extracting by manifest.
470 silly tarball no local data for lines-and-columns@https://registry.npmjs.org/lines-and-columns/-/lines-and-columns-1.2.4.tgz. Extracting by manifest.
471 silly tarball no local data for lie@https://registry.npmjs.org/lie/-/lie-3.3.0.tgz. Extracting by manifest.
472 silly tarball no local data for license-webpack-plugin@https://registry.npmjs.org/license-webpack-plugin/-/license-webpack-plugin-4.0.2.tgz. Extracting by manifest.
473 silly tarball no local data for less-loader@https://registry.npmjs.org/less-loader/-/less-loader-11.1.0.tgz. Extracting by manifest.
474 silly tarball no local data for leaflet@https://registry.npmjs.org/leaflet/-/leaflet-1.9.3.tgz. Extracting by manifest.
475 silly tarball no local data for less@https://registry.npmjs.org/less/-/less-4.1.3.tgz. Extracting by manifest.
476 silly tarball no local data for klona@https://registry.npmjs.org/klona/-/klona-2.0.6.tgz. Extracting by manifest.
477 silly tarball no local data for kind-of@https://registry.npmjs.org/kind-of/-/kind-of-6.0.3.tgz. Extracting by manifest.
478 silly tarball no local data for karma-source-map-support@https://registry.npmjs.org/karma-source-map-support/-/karma-source-map-support-1.4.0.tgz. Extracting by manifest.
479 silly tarball no local data for karma-jasmine-html-reporter@https://registry.npmjs.org/karma-jasmine-html-reporter/-/karma-jasmine-html-reporter-2.0.0.tgz. Extracting by manifest.
480 silly tarball no local data for karma-jasmine@https://registry.npmjs.org/karma-jasmine/-/karma-jasmine-5.1.0.tgz. Extracting by manifest.
481 silly tarball no local data for karma-coverage-istanbul-reporter@https://registry.npmjs.org/karma-coverage-istanbul-reporter/-/karma-coverage-istanbul-reporter-3.0.3.tgz. Extracting by manifest.
482 silly tarball no local data for karma-chrome-launcher@https://registry.npmjs.org/karma-chrome-launcher/-/karma-chrome-launcher-3.1.1.tgz. Extracting by manifest.
483 silly tarball no local data for karma@https://registry.npmjs.org/karma/-/karma-6.4.1.tgz. Extracting by manifest.
484 silly tarball no local data for jszip@https://registry.npmjs.org/jszip/-/jszip-3.10.1.tgz. Extracting by manifest.
485 silly tarball no local data for jsprim@https://registry.npmjs.org/jsprim/-/jsprim-1.4.2.tgz. Extracting by manifest.
486 silly tarball no local data for JSONStream@https://registry.npmjs.org/JSONStream/-/JSONStream-1.3.5.tgz. Extracting by manifest.
487 silly tarball no local data for jsonparse@https://registry.npmjs.org/jsonparse/-/jsonparse-1.3.1.tgz. Extracting by manifest.
488 silly tarball no local data for jsonfile@https://registry.npmjs.org/jsonfile/-/jsonfile-4.0.0.tgz. Extracting by manifest.
489 silly tarball no local data for jsonc-parser@https://registry.npmjs.org/jsonc-parser/-/jsonc-parser-3.2.0.tgz. Extracting by manifest.
490 silly tarball no local data for json5@https://registry.npmjs.org/json5/-/json5-2.2.3.tgz. Extracting by manifest.
491 silly tarball no local data for json-stringify-safe@https://registry.npmjs.org/json-stringify-safe/-/json-stringify-safe-5.0.1.tgz. Extracting by manifest.
492 silly tarball no local data for json-schema-traverse@https://registry.npmjs.org/json-schema-traverse/-/json-schema-traverse-1.0.0.tgz. Extracting by manifest.
493 silly tarball no local data for json-schema@https://registry.npmjs.org/json-schema/-/json-schema-0.4.0.tgz. Extracting by manifest.
494 silly tarball no local data for json-parse-better-errors@https://registry.npmjs.org/json-parse-better-errors/-/json-parse-better-errors-1.0.2.tgz. Extracting by manifest.
495 silly tarball no local data for json-parse-even-better-errors@https://registry.npmjs.org/json-parse-even-better-errors/-/json-parse-even-better-errors-2.3.1.tgz. Extracting by manifest.
496 silly tarball no local data for jsesc@https://registry.npmjs.org/jsesc/-/jsesc-2.5.2.tgz. Extracting by manifest.
497 silly tarball no local data for jsbn@https://registry.npmjs.org/jsbn/-/jsbn-1.1.0.tgz. Extracting by manifest.
498 silly tarball no local data for js-yaml@https://registry.npmjs.org/js-yaml/-/js-yaml-3.14.1.tgz. Extracting by manifest.
499 silly tarball no local data for js-tokens@https://registry.npmjs.org/js-tokens/-/js-tokens-4.0.0.tgz. Extracting by manifest.
500 silly tarball no local data for jasminewd2@https://registry.npmjs.org/jasminewd2/-/jasminewd2-2.2.0.tgz. Extracting by manifest.
501 silly tarball no local data for micromatch@https://registry.npmjs.org/micromatch/-/micromatch-4.0.8.tgz. Extracting by manifest.
502 silly tarball no local data for jest-worker@https://registry.npmjs.org/jest-worker/-/jest-worker-27.5.1.tgz. Extracting by manifest.
503 silly tarball no local data for jasmine-spec-reporter@https://registry.npmjs.org/jasmine-spec-reporter/-/jasmine-spec-reporter-7.0.0.tgz. Extracting by manifest.
504 silly tarball no local data for jasmine-core@https://registry.npmjs.org/jasmine-core/-/jasmine-core-4.5.0.tgz. Extracting by manifest.
505 silly tarball no local data for jasmine@https://registry.npmjs.org/jasmine/-/jasmine-2.8.0.tgz. Extracting by manifest.
506 silly tarball no local data for jackspeak@https://registry.npmjs.org/jackspeak/-/jackspeak-3.4.3.tgz. Extracting by manifest.
507 silly tarball no local data for istanbul-reports@https://registry.npmjs.org/istanbul-reports/-/istanbul-reports-3.1.5.tgz. Extracting by manifest.
508 silly tarball no local data for istanbul-lib-source-maps@https://registry.npmjs.org/istanbul-lib-source-maps/-/istanbul-lib-source-maps-3.0.6.tgz. Extracting by manifest.
509 silly tarball no local data for istanbul-lib-report@https://registry.npmjs.org/istanbul-lib-report/-/istanbul-lib-report-3.0.0.tgz. Extracting by manifest.
510 silly tarball no local data for istanbul-lib-coverage@https://registry.npmjs.org/istanbul-lib-coverage/-/istanbul-lib-coverage-3.2.0.tgz. Extracting by manifest.
511 silly tarball no local data for istanbul-lib-instrument@https://registry.npmjs.org/istanbul-lib-instrument/-/istanbul-lib-instrument-5.2.1.tgz. Extracting by manifest.
512 silly tarball no local data for isstream@https://registry.npmjs.org/isstream/-/isstream-0.1.2.tgz. Extracting by manifest.
513 silly tarball no local data for isobject@https://registry.npmjs.org/isobject/-/isobject-3.0.1.tgz. Extracting by manifest.
514 silly tarball no local data for isbinaryfile@https://registry.npmjs.org/isbinaryfile/-/isbinaryfile-4.0.10.tgz. Extracting by manifest.
515 silly tarball no local data for isexe@https://registry.npmjs.org/isexe/-/isexe-2.0.0.tgz. Extracting by manifest.
516 silly tarball no local data for isarray@https://registry.npmjs.org/isarray/-/isarray-1.0.0.tgz. Extracting by manifest.
517 silly tarball no local data for is-wsl@https://registry.npmjs.org/is-wsl/-/is-wsl-2.2.0.tgz. Extracting by manifest.
518 silly tarball no local data for is-windows@https://registry.npmjs.org/is-windows/-/is-windows-1.0.2.tgz. Extracting by manifest.
519 silly tarball no local data for is-what@https://registry.npmjs.org/is-what/-/is-what-3.14.1.tgz. Extracting by manifest.
520 silly tarball no local data for is-unicode-supported@https://registry.npmjs.org/is-unicode-supported/-/is-unicode-supported-0.1.0.tgz. Extracting by manifest.
521 silly tarball no local data for is-typedarray@https://registry.npmjs.org/is-typedarray/-/is-typedarray-1.0.0.tgz. Extracting by manifest.
522 silly tarball no local data for is-stream@https://registry.npmjs.org/is-stream/-/is-stream-2.0.1.tgz. Extracting by manifest.
523 silly tarball no local data for is-plain-object@https://registry.npmjs.org/is-plain-object/-/is-plain-object-2.0.4.tgz. Extracting by manifest.
524 silly tarball no local data for is-path-inside@https://registry.npmjs.org/is-path-inside/-/is-path-inside-1.0.1.tgz. Extracting by manifest.
525 silly tarball no local data for is-plain-obj@https://registry.npmjs.org/is-plain-obj/-/is-plain-obj-3.0.0.tgz. Extracting by manifest.
526 silly tarball no local data for is-path-in-cwd@https://registry.npmjs.org/is-path-in-cwd/-/is-path-in-cwd-1.0.1.tgz. Extracting by manifest.
527 silly tarball no local data for is-path-cwd@https://registry.npmjs.org/is-path-cwd/-/is-path-cwd-1.0.0.tgz. Extracting by manifest.
528 silly tarball no local data for is-number@https://registry.npmjs.org/is-number/-/is-number-7.0.0.tgz. Extracting by manifest.
529 silly tarball no local data for is-lambda@https://registry.npmjs.org/is-lambda/-/is-lambda-1.0.1.tgz. Extracting by manifest.
530 silly tarball no local data for is-interactive@https://registry.npmjs.org/is-interactive/-/is-interactive-1.0.0.tgz. Extracting by manifest.
531 silly tarball no local data for is-glob@https://registry.npmjs.org/is-glob/-/is-glob-4.0.3.tgz. Extracting by manifest.
532 silly tarball no local data for is-fullwidth-code-point@https://registry.npmjs.org/is-fullwidth-code-point/-/is-fullwidth-code-point-3.0.0.tgz. Extracting by manifest.
533 silly tarball no local data for is-extglob@https://registry.npmjs.org/is-extglob/-/is-extglob-2.1.1.tgz. Extracting by manifest.
534 silly tarball no local data for is-extendable@https://registry.npmjs.org/is-extendable/-/is-extendable-0.1.1.tgz. Extracting by manifest.
535 silly tarball no local data for is-docker@https://registry.npmjs.org/is-docker/-/is-docker-2.2.1.tgz. Extracting by manifest.
536 silly tarball no local data for is-descriptor@https://registry.npmjs.org/is-descriptor/-/is-descriptor-0.1.7.tgz. Extracting by manifest.
537 silly tarball no local data for is-data-descriptor@https://registry.npmjs.org/is-data-descriptor/-/is-data-descriptor-1.0.1.tgz. Extracting by manifest.
538 silly tarball no local data for is-core-module@https://registry.npmjs.org/is-core-module/-/is-core-module-2.11.0.tgz. Extracting by manifest.
539 silly tarball no local data for is-buffer@https://registry.npmjs.org/is-buffer/-/is-buffer-1.1.6.tgz. Extracting by manifest.
540 silly tarball no local data for is-binary-path@https://registry.npmjs.org/is-binary-path/-/is-binary-path-2.1.0.tgz. Extracting by manifest.
541 silly tarball no local data for is-arrayish@https://registry.npmjs.org/is-arrayish/-/is-arrayish-0.2.1.tgz. Extracting by manifest.
542 silly tarball no local data for is-accessor-descriptor@https://registry.npmjs.org/is-accessor-descriptor/-/is-accessor-descriptor-1.0.1.tgz. Extracting by manifest.
543 silly tarball no local data for ipaddr.js@https://registry.npmjs.org/ipaddr.js/-/ipaddr.js-2.0.1.tgz. Extracting by manifest.
544 silly tarball no local data for ip-address@https://registry.npmjs.org/ip-address/-/ip-address-9.0.5.tgz. Extracting by manifest.
545 silly tarball no local data for inquirer@https://registry.npmjs.org/inquirer/-/inquirer-8.2.4.tgz. Extracting by manifest.
546 silly tarball no local data for ip@https://registry.npmjs.org/ip/-/ip-1.1.5.tgz. Extracting by manifest.
547 silly tarball no local data for ini@https://registry.npmjs.org/ini/-/ini-3.0.1.tgz. Extracting by manifest.
548 silly tarball no local data for inherits@https://registry.npmjs.org/inherits/-/inherits-2.0.4.tgz. Extracting by manifest.
549 silly tarball no local data for inflight@https://registry.npmjs.org/inflight/-/inflight-1.0.6.tgz. Extracting by manifest.
550 silly tarball no local data for infer-owner@https://registry.npmjs.org/infer-owner/-/infer-owner-1.0.4.tgz. Extracting by manifest.
551 silly tarball no local data for indent-string@https://registry.npmjs.org/indent-string/-/indent-string-4.0.0.tgz. Extracting by manifest.
552 silly tarball no local data for imurmurhash@https://registry.npmjs.org/imurmurhash/-/imurmurhash-0.1.4.tgz. Extracting by manifest.
553 silly tarball no local data for immutable@https://registry.npmjs.org/immutable/-/immutable-4.3.7.tgz. Extracting by manifest.
554 silly tarball no local data for import-fresh@https://registry.npmjs.org/import-fresh/-/import-fresh-3.3.0.tgz. Extracting by manifest.
555 silly tarball no local data for immediate@https://registry.npmjs.org/immediate/-/immediate-3.0.6.tgz. Extracting by manifest.
556 silly tarball no local data for image-size@https://registry.npmjs.org/image-size/-/image-size-0.5.5.tgz. Extracting by manifest.
557 silly tarball no local data for ignore-walk@https://registry.npmjs.org/ignore-walk/-/ignore-walk-6.0.5.tgz. Extracting by manifest.
558 silly tarball no local data for ignore@https://registry.npmjs.org/ignore/-/ignore-5.2.4.tgz. Extracting by manifest.
559 silly tarball no local data for iferr@https://registry.npmjs.org/iferr/-/iferr-0.1.5.tgz. Extracting by manifest.
560 silly tarball no local data for ieee754@https://registry.npmjs.org/ieee754/-/ieee754-1.2.1.tgz. Extracting by manifest.
561 silly tarball no local data for idb@https://registry.npmjs.org/idb/-/idb-7.1.1.tgz. Extracting by manifest.
562 silly tarball no local data for icss-utils@https://registry.npmjs.org/icss-utils/-/icss-utils-5.1.0.tgz. Extracting by manifest.
563 silly tarball no local data for iconv-lite@https://registry.npmjs.org/iconv-lite/-/iconv-lite-0.4.24.tgz. Extracting by manifest.
564 silly tarball no local data for humanize-ms@https://registry.npmjs.org/humanize-ms/-/humanize-ms-1.2.1.tgz. Extracting by manifest.
565 silly tarball no local data for human-signals@https://registry.npmjs.org/human-signals/-/human-signals-2.1.0.tgz. Extracting by manifest.
566 silly tarball no local data for https-proxy-agent@https://registry.npmjs.org/https-proxy-agent/-/https-proxy-agent-5.0.1.tgz. Extracting by manifest.
567 silly tarball no local data for http-signature@https://registry.npmjs.org/http-signature/-/http-signature-1.2.0.tgz. Extracting by manifest.
568 silly tarball no local data for http-proxy-middleware@https://registry.npmjs.org/http-proxy-middleware/-/http-proxy-middleware-2.0.7.tgz. Extracting by manifest.
569 silly tarball no local data for http-proxy-agent@https://registry.npmjs.org/http-proxy-agent/-/http-proxy-agent-5.0.0.tgz. Extracting by manifest.
570 silly tarball no local data for http-proxy@https://registry.npmjs.org/http-proxy/-/http-proxy-1.18.1.tgz. Extracting by manifest.
571 silly tarball no local data for http-parser-js@https://registry.npmjs.org/http-parser-js/-/http-parser-js-0.5.8.tgz. Extracting by manifest.
572 silly tarball no local data for http-errors@https://registry.npmjs.org/http-errors/-/http-errors-2.0.0.tgz. Extracting by manifest.
573 silly tarball no local data for http-deceiver@https://registry.npmjs.org/http-deceiver/-/http-deceiver-1.2.7.tgz. Extracting by manifest.
574 silly tarball no local data for html-escaper@https://registry.npmjs.org/html-escaper/-/html-escaper-2.0.2.tgz. Extracting by manifest.
575 silly tarball no local data for http-cache-semantics@https://registry.npmjs.org/http-cache-semantics/-/http-cache-semantics-4.1.1.tgz. Extracting by manifest.
576 silly tarball no local data for html-entities@https://registry.npmjs.org/html-entities/-/html-entities-2.3.3.tgz. Extracting by manifest.
577 silly tarball no local data for hpack.js@https://registry.npmjs.org/hpack.js/-/hpack.js-2.1.6.tgz. Extracting by manifest.
578 silly tarball no local data for hdr-histogram-percentiles-obj@https://registry.npmjs.org/hdr-histogram-percentiles-obj/-/hdr-histogram-percentiles-obj-3.0.0.tgz. Extracting by manifest.
579 silly tarball no local data for hdr-histogram-js@https://registry.npmjs.org/hdr-histogram-js/-/hdr-histogram-js-2.0.3.tgz. Extracting by manifest.
580 silly tarball no local data for hasown@https://registry.npmjs.org/hasown/-/hasown-2.0.2.tgz. Extracting by manifest.
581 silly tarball no local data for has-value@https://registry.npmjs.org/has-value/-/has-value-1.0.0.tgz. Extracting by manifest.
582 silly tarball no local data for has-unicode@https://registry.npmjs.org/has-unicode/-/has-unicode-2.0.1.tgz. Extracting by manifest.
583 silly tarball no local data for has-symbols@https://registry.npmjs.org/has-symbols/-/has-symbols-1.1.0.tgz. Extracting by manifest.
584 silly tarball no local data for has-flag@https://registry.npmjs.org/has-flag/-/has-flag-4.0.0.tgz. Extracting by manifest.
585 silly tarball no local data for has-ansi@https://registry.npmjs.org/has-ansi/-/has-ansi-2.0.0.tgz. Extracting by manifest.
586 silly tarball no local data for has@https://registry.npmjs.org/has/-/has-1.0.3.tgz. Extracting by manifest.
587 silly tarball no local data for har-validator@https://registry.npmjs.org/har-validator/-/har-validator-5.1.5.tgz. Extracting by manifest.
588 silly tarball no local data for har-schema@https://registry.npmjs.org/har-schema/-/har-schema-2.0.0.tgz. Extracting by manifest.
589 silly tarball no local data for handle-thing@https://registry.npmjs.org/handle-thing/-/handle-thing-2.0.1.tgz. Extracting by manifest.
590 silly tarball no local data for graceful-fs@https://registry.npmjs.org/graceful-fs/-/graceful-fs-4.2.10.tgz. Extracting by manifest.
591 silly tarball no local data for gopd@https://registry.npmjs.org/gopd/-/gopd-1.2.0.tgz. Extracting by manifest.
592 silly tarball no local data for hosted-git-info@https://registry.npmjs.org/hosted-git-info/-/hosted-git-info-6.1.3.tgz. Extracting by manifest.
593 silly tarball no local data for globby@https://registry.npmjs.org/globby/-/globby-13.1.3.tgz. Extracting by manifest.
594 silly tarball no local data for globals@https://registry.npmjs.org/globals/-/globals-11.12.0.tgz. Extracting by manifest.
595 silly tarball no local data for glob-parent@https://registry.npmjs.org/glob-parent/-/glob-parent-5.1.2.tgz. Extracting by manifest.
596 silly tarball no local data for glob@https://registry.npmjs.org/glob/-/glob-8.1.0.tgz. Extracting by manifest.
597 silly tarball no local data for getpass@https://registry.npmjs.org/getpass/-/getpass-0.1.7.tgz. Extracting by manifest.
598 silly tarball no local data for get-value@https://registry.npmjs.org/get-value/-/get-value-2.0.6.tgz. Extracting by manifest.
599 silly tarball no local data for get-stream@https://registry.npmjs.org/get-stream/-/get-stream-6.0.1.tgz. Extracting by manifest.
600 silly tarball no local data for get-size@https://registry.npmjs.org/get-size/-/get-size-2.0.3.tgz. Extracting by manifest.
601 silly tarball no local data for get-proto@https://registry.npmjs.org/get-proto/-/get-proto-1.0.1.tgz. Extracting by manifest.
602 silly tarball no local data for has-values@https://registry.npmjs.org/has-values/-/has-values-1.0.0.tgz. Extracting by manifest.
603 silly tarball no local data for get-package-type@https://registry.npmjs.org/get-package-type/-/get-package-type-0.1.0.tgz. Extracting by manifest.
604 silly tarball no local data for get-intrinsic@https://registry.npmjs.org/get-intrinsic/-/get-intrinsic-1.2.7.tgz. Extracting by manifest.
605 silly tarball no local data for get-caller-file@https://registry.npmjs.org/get-caller-file/-/get-caller-file-2.0.5.tgz. Extracting by manifest.
606 silly tarball no local data for gensync@https://registry.npmjs.org/gensync/-/gensync-1.0.0-beta.2.tgz. Extracting by manifest.
607 silly tarball no local data for genfun@https://registry.npmjs.org/genfun/-/genfun-5.0.0.tgz. Extracting by manifest.
608 silly tarball no local data for gauge@https://registry.npmjs.org/gauge/-/gauge-4.0.4.tgz. Extracting by manifest.
609 silly tarball no local data for function-bind@https://registry.npmjs.org/function-bind/-/function-bind-1.1.2.tgz. Extracting by manifest.
610 silly tarball no local data for fs.realpath@https://registry.npmjs.org/fs.realpath/-/fs.realpath-1.0.0.tgz. Extracting by manifest.
611 silly tarball no local data for fs-write-stream-atomic@https://registry.npmjs.org/fs-write-stream-atomic/-/fs-write-stream-atomic-1.0.10.tgz. Extracting by manifest.
612 silly tarball no local data for fs-monkey@https://registry.npmjs.org/fs-monkey/-/fs-monkey-1.0.3.tgz. Extracting by manifest.
613 silly tarball no local data for fs-minipass@https://registry.npmjs.org/fs-minipass/-/fs-minipass-3.0.1.tgz. Extracting by manifest.
614 silly tarball no local data for fs-extra@https://registry.npmjs.org/fs-extra/-/fs-extra-8.1.0.tgz. Extracting by manifest.
615 silly tarball no local data for from2@https://registry.npmjs.org/from2/-/from2-2.3.0.tgz. Extracting by manifest.
616 silly tarball no local data for fresh@https://registry.npmjs.org/fresh/-/fresh-0.5.2.tgz. Extracting by manifest.
617 silly tarball no local data for fragment-cache@https://registry.npmjs.org/fragment-cache/-/fragment-cache-0.2.1.tgz. Extracting by manifest.
618 silly tarball no local data for fraction.js@https://registry.npmjs.org/fraction.js/-/fraction.js-4.2.0.tgz. Extracting by manifest.
619 silly tarball no local data for forwarded@https://registry.npmjs.org/forwarded/-/forwarded-0.2.0.tgz. Extracting by manifest.
620 silly tarball no local data for forever-agent@https://registry.npmjs.org/forever-agent/-/forever-agent-0.6.1.tgz. Extracting by manifest.
621 silly tarball no local data for form-data@https://registry.npmjs.org/form-data/-/form-data-2.3.3.tgz. Extracting by manifest.
622 silly tarball no local data for foreground-child@https://registry.npmjs.org/foreground-child/-/foreground-child-3.3.0.tgz. Extracting by manifest.
623 silly tarball no local data for for-in@https://registry.npmjs.org/for-in/-/for-in-1.0.2.tgz. Extracting by manifest.
624 silly tarball no local data for follow-redirects@https://registry.npmjs.org/follow-redirects/-/follow-redirects-1.15.9.tgz. Extracting by manifest.
625 silly tarball no local data for flush-write-stream@https://registry.npmjs.org/flush-write-stream/-/flush-write-stream-1.1.1.tgz. Extracting by manifest.
626 silly tarball no local data for flatted@https://registry.npmjs.org/flatted/-/flatted-3.2.7.tgz. Extracting by manifest.
627 silly tarball no local data for flatpickr@https://registry.npmjs.org/flatpickr/-/flatpickr-4.6.13.tgz. Extracting by manifest.
628 silly tarball no local data for fizzy-ui-utils@https://registry.npmjs.org/fizzy-ui-utils/-/fizzy-ui-utils-2.0.7.tgz. Extracting by manifest.
629 silly tarball no local data for firebase@https://registry.npmjs.org/firebase/-/firebase-9.23.0.tgz. Extracting by manifest.
630 silly tarball no local data for find-up@https://registry.npmjs.org/find-up/-/find-up-4.1.0.tgz. Extracting by manifest.
631 silly tarball no local data for find-cache-dir@https://registry.npmjs.org/find-cache-dir/-/find-cache-dir-3.3.2.tgz. Extracting by manifest.
632 silly tarball no local data for finalhandler@https://registry.npmjs.org/finalhandler/-/finalhandler-1.1.2.tgz. Extracting by manifest.
633 silly tarball no local data for fill-range@https://registry.npmjs.org/fill-range/-/fill-range-7.1.1.tgz. Extracting by manifest.
634 silly tarball no local data for file-uri-to-path@https://registry.npmjs.org/file-uri-to-path/-/file-uri-to-path-1.0.0.tgz. Extracting by manifest.
635 silly tarball no local data for file-saver@https://registry.npmjs.org/file-saver/-/file-saver-2.0.5.tgz. Extracting by manifest.
636 silly tarball no local data for figures@https://registry.npmjs.org/figures/-/figures-3.2.0.tgz. Extracting by manifest.
637 silly tarball no local data for figgy-pudding@https://registry.npmjs.org/figgy-pudding/-/figgy-pudding-3.5.2.tgz. Extracting by manifest.
638 silly tarball no local data for faye-websocket@https://registry.npmjs.org/faye-websocket/-/faye-websocket-0.11.4.tgz. Extracting by manifest.
639 silly tarball no local data for fastq@https://registry.npmjs.org/fastq/-/fastq-1.15.0.tgz. Extracting by manifest.
640 silly tarball no local data for fastparse@https://registry.npmjs.org/fastparse/-/fastparse-1.1.2.tgz. Extracting by manifest.
641 silly tarball no local data for fast-json-stable-stringify@https://registry.npmjs.org/fast-json-stable-stringify/-/fast-json-stable-stringify-2.1.0.tgz. Extracting by manifest.
642 silly tarball no local data for fast-glob@https://registry.npmjs.org/fast-glob/-/fast-glob-3.2.12.tgz. Extracting by manifest.
643 silly tarball no local data for fast-deep-equal@https://registry.npmjs.org/fast-deep-equal/-/fast-deep-equal-3.1.3.tgz. Extracting by manifest.
644 silly tarball no local data for extsprintf@https://registry.npmjs.org/extsprintf/-/extsprintf-1.3.0.tgz. Extracting by manifest.
645 silly tarball no local data for extglob@https://registry.npmjs.org/extglob/-/extglob-2.0.4.tgz. Extracting by manifest.
646 silly tarball no local data for external-editor@https://registry.npmjs.org/external-editor/-/external-editor-3.1.0.tgz. Extracting by manifest.
647 silly tarball no local data for extend-shallow@https://registry.npmjs.org/extend-shallow/-/extend-shallow-2.0.1.tgz. Extracting by manifest.
648 silly tarball no local data for extend@https://registry.npmjs.org/extend/-/extend-3.0.2.tgz. Extracting by manifest.
649 silly tarball no local data for express@https://registry.npmjs.org/express/-/express-4.21.2.tgz. Extracting by manifest.
650 silly tarball no local data for exponential-backoff@https://registry.npmjs.org/exponential-backoff/-/exponential-backoff-3.1.1.tgz. Extracting by manifest.
651 silly tarball no local data for expand-brackets@https://registry.npmjs.org/expand-brackets/-/expand-brackets-2.1.4.tgz. Extracting by manifest.
652 silly tarball no local data for exit@https://registry.npmjs.org/exit/-/exit-0.1.2.tgz. Extracting by manifest.
653 silly tarball no local data for execa@https://registry.npmjs.org/execa/-/execa-5.1.1.tgz. Extracting by manifest.
654 silly tarball no local data for events@https://registry.npmjs.org/events/-/events-3.3.0.tgz. Extracting by manifest.
655 silly tarball no local data for eventemitter3@https://registry.npmjs.org/eventemitter3/-/eventemitter3-4.0.7.tgz. Extracting by manifest.
656 silly tarball no local data for eventemitter-asyncresource@https://registry.npmjs.org/eventemitter-asyncresource/-/eventemitter-asyncresource-1.0.0.tgz. Extracting by manifest.
657 silly tarball no local data for ev-emitter@https://registry.npmjs.org/ev-emitter/-/ev-emitter-1.1.1.tgz. Extracting by manifest.
658 silly tarball no local data for etag@https://registry.npmjs.org/etag/-/etag-1.8.1.tgz. Extracting by manifest.
659 silly tarball no local data for esutils@https://registry.npmjs.org/esutils/-/esutils-2.0.3.tgz. Extracting by manifest.
660 silly tarball no local data for estraverse@https://registry.npmjs.org/estraverse/-/estraverse-4.3.0.tgz. Extracting by manifest.
661 silly tarball no local data for esrecurse@https://registry.npmjs.org/esrecurse/-/esrecurse-4.3.0.tgz. Extracting by manifest.
662 silly tarball no local data for esprima@https://registry.npmjs.org/esprima/-/esprima-4.0.1.tgz. Extracting by manifest.
663 silly tarball no local data for eslint-scope@https://registry.npmjs.org/eslint-scope/-/eslint-scope-5.1.1.tgz. Extracting by manifest.
664 silly tarball no local data for escape-string-regexp@https://registry.npmjs.org/escape-string-regexp/-/escape-string-regexp-1.0.5.tgz. Extracting by manifest.
665 silly tarball no local data for escape-html@https://registry.npmjs.org/escape-html/-/escape-html-1.0.3.tgz. Extracting by manifest.
666 silly tarball no local data for escalade@https://registry.npmjs.org/escalade/-/escalade-3.1.1.tgz. Extracting by manifest.
667 silly tarball no local data for esbuild-wasm@https://registry.npmjs.org/esbuild-wasm/-/esbuild-wasm-0.17.8.tgz. Extracting by manifest.
668 silly tarball no local data for esbuild@https://registry.npmjs.org/esbuild/-/esbuild-0.17.8.tgz. Extracting by manifest.
669 silly tarball no local data for es6-promisify@https://registry.npmjs.org/es6-promisify/-/es6-promisify-5.0.0.tgz. Extracting by manifest.
670 silly tarball no local data for es6-promise@https://registry.npmjs.org/es6-promise/-/es6-promise-4.2.8.tgz. Extracting by manifest.
671 silly tarball no local data for es-object-atoms@https://registry.npmjs.org/es-object-atoms/-/es-object-atoms-1.1.1.tgz. Extracting by manifest.
672 silly tarball no local data for es-module-lexer@https://registry.npmjs.org/es-module-lexer/-/es-module-lexer-0.9.3.tgz. Extracting by manifest.
673 silly tarball no local data for es-errors@https://registry.npmjs.org/es-errors/-/es-errors-1.3.0.tgz. Extracting by manifest.
674 silly tarball no local data for es-define-property@https://registry.npmjs.org/es-define-property/-/es-define-property-1.0.1.tgz. Extracting by manifest.
675 silly tarball no local data for error-ex@https://registry.npmjs.org/error-ex/-/error-ex-1.3.2.tgz. Extracting by manifest.
676 silly tarball no local data for errno@https://registry.npmjs.org/errno/-/errno-0.1.8.tgz. Extracting by manifest.
677 silly tarball no local data for err-code@https://registry.npmjs.org/err-code/-/err-code-2.0.3.tgz. Extracting by manifest.
678 silly tarball no local data for env-paths@https://registry.npmjs.org/env-paths/-/env-paths-2.2.1.tgz. Extracting by manifest.
679 silly tarball no local data for entities@https://registry.npmjs.org/entities/-/entities-2.2.0.tgz. Extracting by manifest.
680 silly tarball no local data for ent@https://registry.npmjs.org/ent/-/ent-2.2.0.tgz. Extracting by manifest.
681 silly tarball no local data for enhanced-resolve@https://registry.npmjs.org/enhanced-resolve/-/enhanced-resolve-5.18.0.tgz. Extracting by manifest.
682 silly tarball no local data for engine.io-parser@https://registry.npmjs.org/engine.io-parser/-/engine.io-parser-5.2.3.tgz. Extracting by manifest.
683 silly tarball no local data for end-of-stream@https://registry.npmjs.org/end-of-stream/-/end-of-stream-1.4.4.tgz. Extracting by manifest.
684 silly tarball no local data for encoding@https://registry.npmjs.org/encoding/-/encoding-0.1.13.tgz. Extracting by manifest.
685 silly tarball no local data for encodeurl@https://registry.npmjs.org/encodeurl/-/encodeurl-1.0.2.tgz. Extracting by manifest.
686 silly tarball no local data for engine.io@https://registry.npmjs.org/engine.io/-/engine.io-6.6.2.tgz. Extracting by manifest.
687 silly tarball no local data for emojis-list@https://registry.npmjs.org/emojis-list/-/emojis-list-3.0.0.tgz. Extracting by manifest.
688 silly tarball no local data for emoji-regex@https://registry.npmjs.org/emoji-regex/-/emoji-regex-8.0.0.tgz. Extracting by manifest.
689 silly tarball no local data for electron-to-chromium@https://registry.npmjs.org/electron-to-chromium/-/electron-to-chromium-1.4.284.tgz. Extracting by manifest.
690 silly tarball no local data for ee-first@https://registry.npmjs.org/ee-first/-/ee-first-1.1.1.tgz. Extracting by manifest.
691 silly tarball no local data for ecc-jsbn@https://registry.npmjs.org/ecc-jsbn/-/ecc-jsbn-0.1.2.tgz. Extracting by manifest.
692 silly tarball no local data for echarts@https://registry.npmjs.org/echarts/-/echarts-5.4.1.tgz. Extracting by manifest.
693 silly tarball no local data for eastasianwidth@https://registry.npmjs.org/eastasianwidth/-/eastasianwidth-0.2.0.tgz. Extracting by manifest.
694 silly tarball no local data for duplexify@https://registry.npmjs.org/duplexify/-/duplexify-3.7.1.tgz. Extracting by manifest.
695 silly tarball no local data for dunder-proto@https://registry.npmjs.org/dunder-proto/-/dunder-proto-1.0.1.tgz. Extracting by manifest.
696 silly tarball no local data for dropzone@https://registry.npmjs.org/dropzone/-/dropzone-5.9.3.tgz. Extracting by manifest.
697 silly tarball no local data for domutils@https://registry.npmjs.org/domutils/-/domutils-2.8.0.tgz. Extracting by manifest.
698 silly tarball no local data for domhandler@https://registry.npmjs.org/domhandler/-/domhandler-4.3.1.tgz. Extracting by manifest.
699 silly tarball no local data for domelementtype@https://registry.npmjs.org/domelementtype/-/domelementtype-2.3.0.tgz. Extracting by manifest.
700 silly tarball no local data for dom-serializer@https://registry.npmjs.org/dom-serializer/-/dom-serializer-1.4.1.tgz. Extracting by manifest.
701 silly tarball no local data for dom-serialize@https://registry.npmjs.org/dom-serialize/-/dom-serialize-2.2.1.tgz. Extracting by manifest.
702 silly tarball no local data for dns-packet@https://registry.npmjs.org/dns-packet/-/dns-packet-5.4.0.tgz. Extracting by manifest.
703 silly tarball no local data for dns-equal@https://registry.npmjs.org/dns-equal/-/dns-equal-1.0.0.tgz. Extracting by manifest.
704 silly tarball no local data for dir-glob@https://registry.npmjs.org/dir-glob/-/dir-glob-3.0.1.tgz. Extracting by manifest.
705 silly tarball no local data for detect-passive-events@https://registry.npmjs.org/detect-passive-events/-/detect-passive-events-1.0.5.tgz. Extracting by manifest.
706 silly tarball no local data for di@https://registry.npmjs.org/di/-/di-0.0.1.tgz. Extracting by manifest.
707 silly tarball no local data for detect-node@https://registry.npmjs.org/detect-node/-/detect-node-2.1.0.tgz. Extracting by manifest.
708 silly tarball no local data for diff@https://registry.npmjs.org/diff/-/diff-4.0.2.tgz. Extracting by manifest.
709 silly tarball no local data for destroy@https://registry.npmjs.org/destroy/-/destroy-1.2.0.tgz. Extracting by manifest.
710 silly tarball no local data for desandro-matches-selector@https://registry.npmjs.org/desandro-matches-selector/-/desandro-matches-selector-2.0.2.tgz. Extracting by manifest.
711 silly tarball no local data for dependency-graph@https://registry.npmjs.org/dependency-graph/-/dependency-graph-0.11.0.tgz. Extracting by manifest.
712 silly tarball no local data for depd@https://registry.npmjs.org/depd/-/depd-2.0.0.tgz. Extracting by manifest.
713 silly tarball no local data for delegates@https://registry.npmjs.org/delegates/-/delegates-1.0.0.tgz. Extracting by manifest.
714 silly tarball no local data for delayed-stream@https://registry.npmjs.org/delayed-stream/-/delayed-stream-1.0.0.tgz. Extracting by manifest.
715 silly tarball no local data for del@https://registry.npmjs.org/del/-/del-2.2.2.tgz. Extracting by manifest.
716 silly tarball no local data for define-property@https://registry.npmjs.org/define-property/-/define-property-0.2.5.tgz. Extracting by manifest.
717 silly tarball no local data for define-lazy-prop@https://registry.npmjs.org/define-lazy-prop/-/define-lazy-prop-2.0.0.tgz. Extracting by manifest.
718 silly tarball no local data for defaults@https://registry.npmjs.org/defaults/-/defaults-1.0.4.tgz. Extracting by manifest.
719 silly tarball no local data for default-gateway@https://registry.npmjs.org/default-gateway/-/default-gateway-6.0.3.tgz. Extracting by manifest.
720 silly tarball no local data for decode-uri-component@https://registry.npmjs.org/decode-uri-component/-/decode-uri-component-0.2.2.tgz. Extracting by manifest.
721 silly tarball no local data for decamelize@https://registry.npmjs.org/decamelize/-/decamelize-1.2.0.tgz. Extracting by manifest.
722 silly tarball no local data for debug@https://registry.npmjs.org/debug/-/debug-4.3.4.tgz. Extracting by manifest.
723 silly tarball no local data for date-format@https://registry.npmjs.org/date-format/-/date-format-4.0.14.tgz. Extracting by manifest.
724 silly tarball no local data for dashdash@https://registry.npmjs.org/dashdash/-/dashdash-1.14.1.tgz. Extracting by manifest.
725 silly tarball no local data for damerau-levenshtein@https://registry.npmjs.org/damerau-levenshtein/-/damerau-levenshtein-1.0.8.tgz. Extracting by manifest.
726 silly tarball no local data for cyclist@https://registry.npmjs.org/cyclist/-/cyclist-1.0.2.tgz. Extracting by manifest.
727 silly tarball no local data for custom-event@https://registry.npmjs.org/custom-event/-/custom-event-1.0.1.tgz. Extracting by manifest.
728 silly tarball no local data for cssesc@https://registry.npmjs.org/cssesc/-/cssesc-3.0.0.tgz. Extracting by manifest.
729 silly tarball no local data for cssauron@https://registry.npmjs.org/cssauron/-/cssauron-1.4.0.tgz. Extracting by manifest.
730 silly tarball no local data for css-what@https://registry.npmjs.org/css-what/-/css-what-6.1.0.tgz. Extracting by manifest.
731 silly tarball no local data for css-selector-tokenizer@https://registry.npmjs.org/css-selector-tokenizer/-/css-selector-tokenizer-0.7.3.tgz. Extracting by manifest.
732 silly tarball no local data for css-select@https://registry.npmjs.org/css-select/-/css-select-4.3.0.tgz. Extracting by manifest.
733 silly tarball no local data for cross-spawn@https://registry.npmjs.org/cross-spawn/-/cross-spawn-7.0.6.tgz. Extracting by manifest.
734 silly tarball no local data for css-loader@https://registry.npmjs.org/css-loader/-/css-loader-6.7.3.tgz. Extracting by manifest.
735 silly tarball no local data for critters@https://registry.npmjs.org/critters/-/critters-0.0.16.tgz. Extracting by manifest.
736 silly tarball no local data for create-require@https://registry.npmjs.org/create-require/-/create-require-1.1.1.tgz. Extracting by manifest.
737 silly tarball no local data for cosmiconfig@https://registry.npmjs.org/cosmiconfig/-/cosmiconfig-7.1.0.tgz. Extracting by manifest.
738 silly tarball no local data for cors@https://registry.npmjs.org/cors/-/cors-2.8.5.tgz. Extracting by manifest.
739 silly tarball no local data for core-util-is@https://registry.npmjs.org/core-util-is/-/core-util-is-1.0.2.tgz. Extracting by manifest.
740 silly tarball no local data for core-js@https://registry.npmjs.org/core-js/-/core-js-3.27.2.tgz. Extracting by manifest.
741 silly tarball no local data for core-js-compat@https://registry.npmjs.org/core-js-compat/-/core-js-compat-3.27.2.tgz. Extracting by manifest.
742 silly tarball no local data for copy-webpack-plugin@https://registry.npmjs.org/copy-webpack-plugin/-/copy-webpack-plugin-11.0.0.tgz. Extracting by manifest.
743 silly tarball no local data for copy-descriptor@https://registry.npmjs.org/copy-descriptor/-/copy-descriptor-0.1.1.tgz. Extracting by manifest.
744 silly tarball no local data for copy-concurrently@https://registry.npmjs.org/copy-concurrently/-/copy-concurrently-1.0.5.tgz. Extracting by manifest.
745 silly tarball no local data for copy-anything@https://registry.npmjs.org/copy-anything/-/copy-anything-2.0.6.tgz. Extracting by manifest.
746 silly tarball no local data for cookie-signature@https://registry.npmjs.org/cookie-signature/-/cookie-signature-1.0.6.tgz. Extracting by manifest.
747 silly tarball no local data for cookie@https://registry.npmjs.org/cookie/-/cookie-0.7.2.tgz. Extracting by manifest.
748 silly tarball no local data for convert-source-map@https://registry.npmjs.org/convert-source-map/-/convert-source-map-1.9.0.tgz. Extracting by manifest.
749 silly tarball no local data for content-disposition@https://registry.npmjs.org/content-disposition/-/content-disposition-0.5.4.tgz. Extracting by manifest.
750 silly tarball no local data for content-type@https://registry.npmjs.org/content-type/-/content-type-1.0.5.tgz. Extracting by manifest.
751 silly tarball no local data for console-control-strings@https://registry.npmjs.org/console-control-strings/-/console-control-strings-1.1.0.tgz. Extracting by manifest.
752 silly tarball no local data for connect-history-api-fallback@https://registry.npmjs.org/connect-history-api-fallback/-/connect-history-api-fallback-2.0.0.tgz. Extracting by manifest.
753 silly tarball no local data for connect@https://registry.npmjs.org/connect/-/connect-3.7.0.tgz. Extracting by manifest.
754 silly tarball no local data for concat-stream@https://registry.npmjs.org/concat-stream/-/concat-stream-1.6.2.tgz. Extracting by manifest.
755 silly tarball no local data for concat-map@https://registry.npmjs.org/concat-map/-/concat-map-0.0.1.tgz. Extracting by manifest.
756 silly tarball no local data for compression@https://registry.npmjs.org/compression/-/compression-1.7.4.tgz. Extracting by manifest.
757 silly tarball no local data for compressible@https://registry.npmjs.org/compressible/-/compressible-2.0.18.tgz. Extracting by manifest.
758 silly tarball no local data for component-emitter@https://registry.npmjs.org/component-emitter/-/component-emitter-1.3.1.tgz. Extracting by manifest.
759 silly tarball no local data for commondir@https://registry.npmjs.org/commondir/-/commondir-1.0.1.tgz. Extracting by manifest.
760 silly tarball no local data for commander@https://registry.npmjs.org/commander/-/commander-2.20.3.tgz. Extracting by manifest.
761 silly tarball no local data for combined-stream@https://registry.npmjs.org/combined-stream/-/combined-stream-1.0.8.tgz. Extracting by manifest.
762 silly tarball no local data for colors@https://registry.npmjs.org/colors/-/colors-1.4.0.tgz. Extracting by manifest.
763 silly tarball no local data for colorette@https://registry.npmjs.org/colorette/-/colorette-2.0.19.tgz. Extracting by manifest.
764 silly tarball no local data for color-support@https://registry.npmjs.org/color-support/-/color-support-1.1.3.tgz. Extracting by manifest.
765 silly tarball no local data for color-name@https://registry.npmjs.org/color-name/-/color-name-1.1.4.tgz. Extracting by manifest.
766 silly tarball no local data for color-convert@https://registry.npmjs.org/color-convert/-/color-convert-1.9.3.tgz. Extracting by manifest.
767 silly tarball no local data for collection-visit@https://registry.npmjs.org/collection-visit/-/collection-visit-1.0.0.tgz. Extracting by manifest.
768 silly tarball no local data for codelyzer@https://registry.npmjs.org/codelyzer/-/codelyzer-6.0.2.tgz. Extracting by manifest.
769 silly tarball no local data for clone-deep@https://registry.npmjs.org/clone-deep/-/clone-deep-4.0.1.tgz. Extracting by manifest.
770 silly tarball no local data for code-point-at@https://registry.npmjs.org/code-point-at/-/code-point-at-1.1.0.tgz. Extracting by manifest.
771 silly tarball no local data for clone@https://registry.npmjs.org/clone/-/clone-1.0.4.tgz. Extracting by manifest.
772 silly tarball no local data for cliui@https://registry.npmjs.org/cliui/-/cliui-8.0.1.tgz. Extracting by manifest.
773 silly tarball no local data for cli-width@https://registry.npmjs.org/cli-width/-/cli-width-3.0.0.tgz. Extracting by manifest.
774 silly tarball no local data for cli-spinners@https://registry.npmjs.org/cli-spinners/-/cli-spinners-2.7.0.tgz. Extracting by manifest.
775 silly tarball no local data for cli-cursor@https://registry.npmjs.org/cli-cursor/-/cli-cursor-3.1.0.tgz. Extracting by manifest.
776 silly tarball no local data for clean-stack@https://registry.npmjs.org/clean-stack/-/clean-stack-2.2.0.tgz. Extracting by manifest.
777 silly tarball no local data for class-utils@https://registry.npmjs.org/class-utils/-/class-utils-0.3.6.tgz. Extracting by manifest.
778 silly tarball no local data for ckeditor5@https://registry.npmjs.org/ckeditor5/-/ckeditor5-35.4.0.tgz. Extracting by manifest.
779 silly tarball no local data for chownr@https://registry.npmjs.org/chownr/-/chownr-2.0.0.tgz. Extracting by manifest.
780 silly tarball no local data for chrome-trace-event@https://registry.npmjs.org/chrome-trace-event/-/chrome-trace-event-1.0.4.tgz. Extracting by manifest.
781 silly tarball no local data for chokidar@https://registry.npmjs.org/chokidar/-/chokidar-3.5.3.tgz. Extracting by manifest.
782 silly tarball no local data for chartjs-color-string@https://registry.npmjs.org/chartjs-color-string/-/chartjs-color-string-0.6.0.tgz. Extracting by manifest.
783 silly tarball no local data for chartjs-color@https://registry.npmjs.org/chartjs-color/-/chartjs-color-2.4.1.tgz. Extracting by manifest.
784 silly tarball no local data for chartist@https://registry.npmjs.org/chartist/-/chartist-0.11.4.tgz. Extracting by manifest.
785 silly tarball no local data for chart.js@https://registry.npmjs.org/chart.js/-/chart.js-2.9.4.tgz. Extracting by manifest.
786 silly tarball no local data for chardet@https://registry.npmjs.org/chardet/-/chardet-0.7.0.tgz. Extracting by manifest.
787 silly tarball no local data for chalk@https://registry.npmjs.org/chalk/-/chalk-4.1.2.tgz. Extracting by manifest.
788 silly tarball no local data for caseless@https://registry.npmjs.org/caseless/-/caseless-0.12.0.tgz. Extracting by manifest.
789 silly tarball no local data for caniuse-lite@https://registry.npmjs.org/caniuse-lite/-/caniuse-lite-1.0.30001450.tgz. Extracting by manifest.
790 silly tarball no local data for can-use-dom@https://registry.npmjs.org/can-use-dom/-/can-use-dom-0.1.0.tgz. Extracting by manifest.
791 silly tarball no local data for camelcase@https://registry.npmjs.org/camelcase/-/camelcase-5.3.1.tgz. Extracting by manifest.
792 silly tarball no local data for call-bound@https://registry.npmjs.org/call-bound/-/call-bound-1.0.3.tgz. Extracting by manifest.
793 silly tarball no local data for callsites@https://registry.npmjs.org/callsites/-/callsites-3.1.0.tgz. Extracting by manifest.
794 silly tarball no local data for call-bind-apply-helpers@https://registry.npmjs.org/call-bind-apply-helpers/-/call-bind-apply-helpers-1.0.1.tgz. Extracting by manifest.
795 silly tarball no local data for cache-base@https://registry.npmjs.org/cache-base/-/cache-base-1.0.1.tgz. Extracting by manifest.
796 silly tarball no local data for cacache@https://registry.npmjs.org/cacache/-/cacache-17.0.4.tgz. Extracting by manifest.
797 silly tarball no local data for bytes@https://registry.npmjs.org/bytes/-/bytes-3.1.2.tgz. Extracting by manifest.
798 silly tarball no local data for builtins@https://registry.npmjs.org/builtins/-/builtins-1.0.3.tgz. Extracting by manifest.
799 silly tarball no local data for buffer@https://registry.npmjs.org/buffer/-/buffer-5.7.1.tgz. Extracting by manifest.
800 silly tarball no local data for builtin-modules@https://registry.npmjs.org/builtin-modules/-/builtin-modules-1.1.1.tgz. Extracting by manifest.
801 silly tarball no local data for buffer-from@https://registry.npmjs.org/buffer-from/-/buffer-from-1.1.2.tgz. Extracting by manifest.
802 silly tarball no local data for browserstack@https://registry.npmjs.org/browserstack/-/browserstack-1.6.1.tgz. Extracting by manifest.
803 silly tarball no local data for browserslist@https://registry.npmjs.org/browserslist/-/browserslist-4.21.5.tgz. Extracting by manifest.
804 silly tarball no local data for braces@https://registry.npmjs.org/braces/-/braces-3.0.3.tgz. Extracting by manifest.
805 silly tarball no local data for bootstrap@https://registry.npmjs.org/bootstrap/-/bootstrap-5.2.3.tgz. Extracting by manifest.
806 silly tarball no local data for brace-expansion@https://registry.npmjs.org/brace-expansion/-/brace-expansion-2.0.1.tgz. Extracting by manifest.
807 silly tarball no local data for boolbase@https://registry.npmjs.org/boolbase/-/boolbase-1.0.0.tgz. Extracting by manifest.
808 silly tarball no local data for bonjour-service@https://registry.npmjs.org/bonjour-service/-/bonjour-service-1.1.0.tgz. Extracting by manifest.
809 silly tarball no local data for body-parser@https://registry.npmjs.org/body-parser/-/body-parser-1.20.3.tgz. Extracting by manifest.
810 silly tarball no local data for bluebird@https://registry.npmjs.org/bluebird/-/bluebird-3.7.2.tgz. Extracting by manifest.
811 silly tarball no local data for blocking-proxy@https://registry.npmjs.org/blocking-proxy/-/blocking-proxy-1.0.1.tgz. Extracting by manifest.
812 silly tarball no local data for bl@https://registry.npmjs.org/bl/-/bl-4.1.0.tgz. Extracting by manifest.
813 silly tarball no local data for binary-extensions@https://registry.npmjs.org/binary-extensions/-/binary-extensions-2.2.0.tgz. Extracting by manifest.
814 silly tarball no local data for bindings@https://registry.npmjs.org/bindings/-/bindings-1.5.0.tgz. Extracting by manifest.
815 silly tarball no local data for big.js@https://registry.npmjs.org/big.js/-/big.js-5.2.2.tgz. Extracting by manifest.
816 silly tarball no local data for bcrypt-pbkdf@https://registry.npmjs.org/bcrypt-pbkdf/-/bcrypt-pbkdf-1.0.2.tgz. Extracting by manifest.
817 silly tarball no local data for batch@https://registry.npmjs.org/batch/-/batch-0.6.1.tgz. Extracting by manifest.
818 silly tarball no local data for base64id@https://registry.npmjs.org/base64id/-/base64id-2.0.0.tgz. Extracting by manifest.
819 silly tarball no local data for base64-js@https://registry.npmjs.org/base64-js/-/base64-js-1.5.1.tgz. Extracting by manifest.
820 silly tarball no local data for base@https://registry.npmjs.org/base/-/base-0.11.2.tgz. Extracting by manifest.
821 silly tarball no local data for balanced-match@https://registry.npmjs.org/balanced-match/-/balanced-match-1.0.2.tgz. Extracting by manifest.
822 silly tarball no local data for babel-plugin-polyfill-regenerator@https://registry.npmjs.org/babel-plugin-polyfill-regenerator/-/babel-plugin-polyfill-regenerator-0.4.1.tgz. Extracting by manifest.
823 silly tarball no local data for babel-plugin-polyfill-corejs3@https://registry.npmjs.org/babel-plugin-polyfill-corejs3/-/babel-plugin-polyfill-corejs3-0.6.0.tgz. Extracting by manifest.
824 silly tarball no local data for babel-plugin-istanbul@https://registry.npmjs.org/babel-plugin-istanbul/-/babel-plugin-istanbul-6.1.1.tgz. Extracting by manifest.
825 silly tarball no local data for babel-plugin-polyfill-corejs2@https://registry.npmjs.org/babel-plugin-polyfill-corejs2/-/babel-plugin-polyfill-corejs2-0.3.3.tgz. Extracting by manifest.
826 silly tarball no local data for babel-loader@https://registry.npmjs.org/babel-loader/-/babel-loader-9.1.2.tgz. Extracting by manifest.
827 silly tarball no local data for axobject-query@https://registry.npmjs.org/axobject-query/-/axobject-query-2.0.2.tgz. Extracting by manifest.
828 silly tarball no local data for aws4@https://registry.npmjs.org/aws4/-/aws4-1.12.0.tgz. Extracting by manifest.
829 silly tarball no local data for aws-sign2@https://registry.npmjs.org/aws-sign2/-/aws-sign2-0.7.0.tgz. Extracting by manifest.
830 silly tarball no local data for autoprefixer@https://registry.npmjs.org/autoprefixer/-/autoprefixer-10.4.13.tgz. Extracting by manifest.
831 silly tarball no local data for atob@https://registry.npmjs.org/atob/-/atob-2.1.2.tgz. Extracting by manifest.
832 silly tarball no local data for asynckit@https://registry.npmjs.org/asynckit/-/asynckit-0.4.0.tgz. Extracting by manifest.
833 silly tarball no local data for async-each@https://registry.npmjs.org/async-each/-/async-each-1.0.6.tgz. Extracting by manifest.
834 silly tarball no local data for ast-types-flow@https://registry.npmjs.org/ast-types-flow/-/ast-types-flow-0.0.7.tgz. Extracting by manifest.
835 silly tarball no local data for assign-symbols@https://registry.npmjs.org/assign-symbols/-/assign-symbols-1.0.0.tgz. Extracting by manifest.
836 silly tarball no local data for assert-plus@https://registry.npmjs.org/assert-plus/-/assert-plus-1.0.0.tgz. Extracting by manifest.
837 silly tarball no local data for asn1@https://registry.npmjs.org/asn1/-/asn1-0.2.6.tgz. Extracting by manifest.
838 silly tarball no local data for arrify@https://registry.npmjs.org/arrify/-/arrify-1.0.1.tgz. Extracting by manifest.
839 silly tarball no local data for array-unique@https://registry.npmjs.org/array-unique/-/array-unique-0.3.2.tgz. Extracting by manifest.
840 silly tarball no local data for array-uniq@https://registry.npmjs.org/array-uniq/-/array-uniq-1.0.3.tgz. Extracting by manifest.
841 silly tarball no local data for array-union@https://registry.npmjs.org/array-union/-/array-union-1.0.2.tgz. Extracting by manifest.
842 silly tarball no local data for array-flatten@https://registry.npmjs.org/array-flatten/-/array-flatten-2.1.2.tgz. Extracting by manifest.
843 silly tarball no local data for arr-union@https://registry.npmjs.org/arr-union/-/arr-union-3.1.0.tgz. Extracting by manifest.
844 silly tarball no local data for arr-flatten@https://registry.npmjs.org/arr-flatten/-/arr-flatten-1.1.0.tgz. Extracting by manifest.
845 silly tarball no local data for arr-diff@https://registry.npmjs.org/arr-diff/-/arr-diff-4.0.0.tgz. Extracting by manifest.
846 silly tarball no local data for aria-query@https://registry.npmjs.org/aria-query/-/aria-query-3.0.0.tgz. Extracting by manifest.
847 silly tarball no local data for argparse@https://registry.npmjs.org/argparse/-/argparse-1.0.10.tgz. Extracting by manifest.
848 silly tarball no local data for arg@https://registry.npmjs.org/arg/-/arg-4.1.3.tgz. Extracting by manifest.
849 silly tarball no local data for are-we-there-yet@https://registry.npmjs.org/are-we-there-yet/-/are-we-there-yet-3.0.1.tgz. Extracting by manifest.
850 silly tarball no local data for aproba@https://registry.npmjs.org/aproba/-/aproba-2.0.0.tgz. Extracting by manifest.
851 silly tarball no local data for app-root-path@https://registry.npmjs.org/app-root-path/-/app-root-path-3.1.0.tgz. Extracting by manifest.
852 silly tarball no local data for apexcharts@https://registry.npmjs.org/apexcharts/-/apexcharts-3.36.3.tgz. Extracting by manifest.
853 silly tarball no local data for anymatch@https://registry.npmjs.org/anymatch/-/anymatch-3.1.3.tgz. Extracting by manifest.
854 silly tarball no local data for ansi-styles@https://registry.npmjs.org/ansi-styles/-/ansi-styles-4.3.0.tgz. Extracting by manifest.
855 silly tarball no local data for ansi-regex@https://registry.npmjs.org/ansi-regex/-/ansi-regex-5.0.1.tgz. Extracting by manifest.
856 silly tarball no local data for ansi-html-community@https://registry.npmjs.org/ansi-html-community/-/ansi-html-community-0.0.8.tgz. Extracting by manifest.
857 silly tarball no local data for ansi-escapes@https://registry.npmjs.org/ansi-escapes/-/ansi-escapes-4.3.2.tgz. Extracting by manifest.
858 silly tarball no local data for ansi-colors@https://registry.npmjs.org/ansi-colors/-/ansi-colors-4.1.3.tgz. Extracting by manifest.
859 silly tarball no local data for angularx-flatpickr@https://registry.npmjs.org/angularx-flatpickr/-/angularx-flatpickr-7.0.0.tgz. Extracting by manifest.
860 silly tarball no local data for angular2@https://registry.npmjs.org/angular2/-/angular2-2.0.0-beta.16.tgz. Extracting by manifest.
861 silly tarball no local data for angular-archwizard@https://registry.npmjs.org/angular-archwizard/-/angular-archwizard-7.0.0.tgz. Extracting by manifest.
862 silly tarball no local data for ajv-keywords@https://registry.npmjs.org/ajv-keywords/-/ajv-keywords-5.1.0.tgz. Extracting by manifest.
863 silly tarball no local data for ajv-formats@https://registry.npmjs.org/ajv-formats/-/ajv-formats-2.1.1.tgz. Extracting by manifest.
864 silly tarball no local data for ajv@https://registry.npmjs.org/ajv/-/ajv-8.12.0.tgz. Extracting by manifest.
865 silly tarball no local data for aggregate-error@https://registry.npmjs.org/aggregate-error/-/aggregate-error-3.1.0.tgz. Extracting by manifest.
866 silly tarball no local data for agentkeepalive@https://registry.npmjs.org/agentkeepalive/-/agentkeepalive-4.6.0.tgz. Extracting by manifest.
867 silly tarball no local data for agent-base@https://registry.npmjs.org/agent-base/-/agent-base-6.0.2.tgz. Extracting by manifest.
868 silly tarball no local data for adm-zip@https://registry.npmjs.org/adm-zip/-/adm-zip-0.5.16.tgz. Extracting by manifest.
869 silly tarball no local data for adjust-sourcemap-loader@https://registry.npmjs.org/adjust-sourcemap-loader/-/adjust-sourcemap-loader-4.0.0.tgz. Extracting by manifest.
870 silly tarball no local data for acorn-import-assertions@https://registry.npmjs.org/acorn-import-assertions/-/acorn-import-assertions-1.9.0.tgz. Extracting by manifest.
871 silly tarball no local data for acorn-walk@https://registry.npmjs.org/acorn-walk/-/acorn-walk-8.2.0.tgz. Extracting by manifest.
872 silly tarball no local data for acorn@https://registry.npmjs.org/acorn/-/acorn-8.8.2.tgz. Extracting by manifest.
873 silly tarball no local data for accepts@https://registry.npmjs.org/accepts/-/accepts-1.3.8.tgz. Extracting by manifest.
874 silly tarball no local data for abbrev@https://registry.npmjs.org/abbrev/-/abbrev-1.1.1.tgz. Extracting by manifest.
875 silly tarball no local data for abab@https://registry.npmjs.org/abab/-/abab-2.0.6.tgz. Extracting by manifest.
876 silly tarball no local data for @yarnpkg/lockfile@https://registry.npmjs.org/@yarnpkg/lockfile/-/lockfile-1.1.0.tgz. Extracting by manifest.
877 silly tarball no local data for @xtuc/long@https://registry.npmjs.org/@xtuc/long/-/long-4.2.2.tgz. Extracting by manifest.
878 silly tarball no local data for @xtuc/ieee754@https://registry.npmjs.org/@xtuc/ieee754/-/ieee754-1.2.0.tgz. Extracting by manifest.
879 silly tarball no local data for @webassemblyjs/wast-printer@https://registry.npmjs.org/@webassemblyjs/wast-printer/-/wast-printer-1.11.1.tgz. Extracting by manifest.
880 silly tarball no local data for @webassemblyjs/wasm-parser@https://registry.npmjs.org/@webassemblyjs/wasm-parser/-/wasm-parser-1.11.1.tgz. Extracting by manifest.
881 silly tarball no local data for @webassemblyjs/wasm-opt@https://registry.npmjs.org/@webassemblyjs/wasm-opt/-/wasm-opt-1.11.1.tgz. Extracting by manifest.
882 silly tarball no local data for @webassemblyjs/wasm-gen@https://registry.npmjs.org/@webassemblyjs/wasm-gen/-/wasm-gen-1.11.1.tgz. Extracting by manifest.
883 silly tarball no local data for @webassemblyjs/wasm-edit@https://registry.npmjs.org/@webassemblyjs/wasm-edit/-/wasm-edit-1.11.1.tgz. Extracting by manifest.
884 silly tarball no local data for @webassemblyjs/utf8@https://registry.npmjs.org/@webassemblyjs/utf8/-/utf8-1.11.1.tgz. Extracting by manifest.
885 silly tarball no local data for @webassemblyjs/leb128@https://registry.npmjs.org/@webassemblyjs/leb128/-/leb128-1.11.1.tgz. Extracting by manifest.
886 silly tarball no local data for @webassemblyjs/ieee754@https://registry.npmjs.org/@webassemblyjs/ieee754/-/ieee754-1.11.1.tgz. Extracting by manifest.
887 silly tarball no local data for @webassemblyjs/helper-wasm-section@https://registry.npmjs.org/@webassemblyjs/helper-wasm-section/-/helper-wasm-section-1.11.1.tgz. Extracting by manifest.
888 silly tarball no local data for @webassemblyjs/helper-wasm-bytecode@https://registry.npmjs.org/@webassemblyjs/helper-wasm-bytecode/-/helper-wasm-bytecode-1.11.1.tgz. Extracting by manifest.
889 silly tarball no local data for @webassemblyjs/helper-numbers@https://registry.npmjs.org/@webassemblyjs/helper-numbers/-/helper-numbers-1.11.1.tgz. Extracting by manifest.
890 silly tarball no local data for @webassemblyjs/helper-buffer@https://registry.npmjs.org/@webassemblyjs/helper-buffer/-/helper-buffer-1.11.1.tgz. Extracting by manifest.
891 silly tarball no local data for @webassemblyjs/helper-api-error@https://registry.npmjs.org/@webassemblyjs/helper-api-error/-/helper-api-error-1.11.1.tgz. Extracting by manifest.
892 silly tarball no local data for @webassemblyjs/floating-point-hex-parser@https://registry.npmjs.org/@webassemblyjs/floating-point-hex-parser/-/floating-point-hex-parser-1.11.1.tgz. Extracting by manifest.
893 silly tarball no local data for @webassemblyjs/ast@https://registry.npmjs.org/@webassemblyjs/ast/-/ast-1.11.1.tgz. Extracting by manifest.
894 silly tarball no local data for @types/youtube@https://registry.npmjs.org/@types/youtube/-/youtube-0.0.47.tgz. Extracting by manifest.
895 silly tarball no local data for @types/ws@https://registry.npmjs.org/@types/ws/-/ws-8.5.4.tgz. Extracting by manifest.
896 silly tarball no local data for @types/sockjs@https://registry.npmjs.org/@types/sockjs/-/sockjs-0.3.33.tgz. Extracting by manifest.
897 silly tarball no local data for @types/serve-static@https://registry.npmjs.org/@types/serve-static/-/serve-static-1.15.0.tgz. Extracting by manifest.
898 silly tarball no local data for @types/serve-index@https://registry.npmjs.org/@types/serve-index/-/serve-index-1.9.1.tgz. Extracting by manifest.
899 silly tarball no local data for @types/selenium-webdriver@https://registry.npmjs.org/@types/selenium-webdriver/-/selenium-webdriver-3.0.20.tgz. Extracting by manifest.
900 silly tarball no local data for @types/retry@https://registry.npmjs.org/@types/retry/-/retry-0.12.0.tgz. Extracting by manifest.
901 silly tarball no local data for @types/range-parser@https://registry.npmjs.org/@types/range-parser/-/range-parser-1.2.4.tgz. Extracting by manifest.
902 silly tarball no local data for @types/qs@https://registry.npmjs.org/@types/qs/-/qs-6.9.7.tgz. Extracting by manifest.
903 silly tarball no local data for @types/q@https://registry.npmjs.org/@types/q/-/q-0.0.32.tgz. Extracting by manifest.
904 silly tarball no local data for @types/parse-json@https://registry.npmjs.org/@types/parse-json/-/parse-json-4.0.0.tgz. Extracting by manifest.
905 silly tarball no local data for @types/node@https://registry.npmjs.org/@types/node/-/node-18.11.18.tgz. Extracting by manifest.
906 silly tarball no local data for @types/mime@https://registry.npmjs.org/@types/mime/-/mime-3.0.1.tgz. Extracting by manifest.
907 silly tarball no local data for @types/long@https://registry.npmjs.org/@types/long/-/long-4.0.2.tgz. Extracting by manifest.
908 silly tarball no local data for @types/leaflet@https://registry.npmjs.org/@types/leaflet/-/leaflet-1.9.0.tgz. Extracting by manifest.
909 silly tarball no local data for @types/json-schema@https://registry.npmjs.org/@types/json-schema/-/json-schema-7.0.11.tgz. Extracting by manifest.
910 silly tarball no local data for @types/jasminewd2@https://registry.npmjs.org/@types/jasminewd2/-/jasminewd2-2.0.10.tgz. Extracting by manifest.
911 silly tarball no local data for @types/jasmine@https://registry.npmjs.org/@types/jasmine/-/jasmine-4.3.1.tgz. Extracting by manifest.
912 silly tarball no local data for @types/http-proxy@https://registry.npmjs.org/@types/http-proxy/-/http-proxy-1.17.9.tgz. Extracting by manifest.
913 silly tarball no local data for @types/grecaptcha@https://registry.npmjs.org/@types/grecaptcha/-/grecaptcha-3.0.9.tgz. Extracting by manifest.
914 silly tarball no local data for @types/geojson@https://registry.npmjs.org/@types/geojson/-/geojson-7946.0.10.tgz. Extracting by manifest.
915 silly tarball no local data for @types/express-serve-static-core@https://registry.npmjs.org/@types/express-serve-static-core/-/express-serve-static-core-4.17.33.tgz. Extracting by manifest.
916 silly tarball no local data for @types/express@https://registry.npmjs.org/@types/express/-/express-4.17.16.tgz. Extracting by manifest.
917 silly tarball no local data for @types/estree@https://registry.npmjs.org/@types/estree/-/estree-0.0.51.tgz. Extracting by manifest.
918 silly tarball no local data for @types/eslint-scope@https://registry.npmjs.org/@types/eslint-scope/-/eslint-scope-3.7.7.tgz. Extracting by manifest.
919 silly tarball no local data for @types/eslint@https://registry.npmjs.org/@types/eslint/-/eslint-9.6.1.tgz. Extracting by manifest.
920 silly tarball no local data for @types/cors@https://registry.npmjs.org/@types/cors/-/cors-2.8.17.tgz. Extracting by manifest.
921 silly tarball no local data for @types/cookie@https://registry.npmjs.org/@types/cookie/-/cookie-0.4.1.tgz. Extracting by manifest.
922 silly tarball no local data for @types/connect-history-api-fallback@https://registry.npmjs.org/@types/connect-history-api-fallback/-/connect-history-api-fallback-1.3.5.tgz. Extracting by manifest.
923 silly tarball no local data for @types/connect@https://registry.npmjs.org/@types/connect/-/connect-3.4.35.tgz. Extracting by manifest.
924 silly tarball no local data for @types/chart.js@https://registry.npmjs.org/@types/chart.js/-/chart.js-2.9.37.tgz. Extracting by manifest.
925 silly tarball no local data for @types/bonjour@https://registry.npmjs.org/@types/bonjour/-/bonjour-3.5.10.tgz. Extracting by manifest.
926 silly tarball no local data for @types/body-parser@https://registry.npmjs.org/@types/body-parser/-/body-parser-1.19.2.tgz. Extracting by manifest.
927 silly tarball no local data for @tufjs/models@https://registry.npmjs.org/@tufjs/models/-/models-1.0.4.tgz. Extracting by manifest.
928 silly tarball no local data for @tufjs/canonical-json@https://registry.npmjs.org/@tufjs/canonical-json/-/canonical-json-1.0.0.tgz. Extracting by manifest.
929 silly tarball no local data for @tsconfig/node16@https://registry.npmjs.org/@tsconfig/node16/-/node16-1.0.3.tgz. Extracting by manifest.
930 silly tarball no local data for @tsconfig/node14@https://registry.npmjs.org/@tsconfig/node14/-/node14-1.0.3.tgz. Extracting by manifest.
931 silly tarball no local data for @tsconfig/node12@https://registry.npmjs.org/@tsconfig/node12/-/node12-1.0.11.tgz. Extracting by manifest.
932 silly tarball no local data for @tsconfig/node10@https://registry.npmjs.org/@tsconfig/node10/-/node10-1.0.9.tgz. Extracting by manifest.
933 silly tarball no local data for @tootallnate/once@https://registry.npmjs.org/@tootallnate/once/-/once-2.0.0.tgz. Extracting by manifest.
934 silly tarball no local data for @socket.io/component-emitter@https://registry.npmjs.org/@socket.io/component-emitter/-/component-emitter-3.1.2.tgz. Extracting by manifest.
935 silly tarball no local data for @sigstore/tuf@https://registry.npmjs.org/@sigstore/tuf/-/tuf-1.0.3.tgz. Extracting by manifest.
936 silly tarball no local data for @sigstore/sign@https://registry.npmjs.org/@sigstore/sign/-/sign-1.0.0.tgz. Extracting by manifest.
937 silly tarball no local data for @sigstore/protobuf-specs@https://registry.npmjs.org/@sigstore/protobuf-specs/-/protobuf-specs-0.2.1.tgz. Extracting by manifest.
938 silly tarball no local data for @sigstore/bundle@https://registry.npmjs.org/@sigstore/bundle/-/bundle-1.1.0.tgz. Extracting by manifest.
939 silly tarball no local data for @schematics/angular@https://registry.npmjs.org/@schematics/angular/-/angular-15.2.11.tgz. Extracting by manifest.
940 silly tarball no local data for @schematics/update@https://registry.npmjs.org/@schematics/update/-/update-0.8.9.tgz. Extracting by manifest.
941 silly tarball no local data for @protobufjs/utf8@https://registry.npmjs.org/@protobufjs/utf8/-/utf8-1.1.0.tgz. Extracting by manifest.
942 silly tarball no local data for @protobufjs/pool@https://registry.npmjs.org/@protobufjs/pool/-/pool-1.1.0.tgz. Extracting by manifest.
943 silly tarball no local data for @protobufjs/path@https://registry.npmjs.org/@protobufjs/path/-/path-1.1.2.tgz. Extracting by manifest.
944 silly tarball no local data for @protobufjs/inquire@https://registry.npmjs.org/@protobufjs/inquire/-/inquire-1.1.0.tgz. Extracting by manifest.
945 silly tarball no local data for @protobufjs/float@https://registry.npmjs.org/@protobufjs/float/-/float-1.0.2.tgz. Extracting by manifest.
946 silly tarball no local data for @protobufjs/fetch@https://registry.npmjs.org/@protobufjs/fetch/-/fetch-1.1.0.tgz. Extracting by manifest.
947 silly tarball no local data for @protobufjs/eventemitter@https://registry.npmjs.org/@protobufjs/eventemitter/-/eventemitter-1.1.0.tgz. Extracting by manifest.
948 silly tarball no local data for @protobufjs/codegen@https://registry.npmjs.org/@protobufjs/codegen/-/codegen-2.0.4.tgz. Extracting by manifest.
949 silly tarball no local data for @protobufjs/base64@https://registry.npmjs.org/@protobufjs/base64/-/base64-1.1.2.tgz. Extracting by manifest.
950 silly tarball no local data for @protobufjs/aspromise@https://registry.npmjs.org/@protobufjs/aspromise/-/aspromise-1.1.2.tgz. Extracting by manifest.
951 silly tarball no local data for @popperjs/core@https://registry.npmjs.org/@popperjs/core/-/core-2.11.6.tgz. Extracting by manifest.
952 silly tarball no local data for @pkgjs/parseargs@https://registry.npmjs.org/@pkgjs/parseargs/-/parseargs-0.11.0.tgz. Extracting by manifest.
953 silly tarball no local data for @npmcli/run-script@https://registry.npmjs.org/@npmcli/run-script/-/run-script-6.0.2.tgz. Extracting by manifest.
954 silly tarball no local data for @npmcli/promise-spawn@https://registry.npmjs.org/@npmcli/promise-spawn/-/promise-spawn-6.0.2.tgz. Extracting by manifest.
955 silly tarball no local data for @npmcli/node-gyp@https://registry.npmjs.org/@npmcli/node-gyp/-/node-gyp-3.0.0.tgz. Extracting by manifest.
956 silly tarball no local data for @npmcli/move-file@https://registry.npmjs.org/@npmcli/move-file/-/move-file-2.0.1.tgz. Extracting by manifest.
957 silly tarball no local data for @npmcli/installed-package-contents@https://registry.npmjs.org/@npmcli/installed-package-contents/-/installed-package-contents-2.1.0.tgz. Extracting by manifest.
958 silly tarball no local data for @npmcli/git@https://registry.npmjs.org/@npmcli/git/-/git-4.1.0.tgz. Extracting by manifest.
959 silly tarball no local data for @nodelib/fs.walk@https://registry.npmjs.org/@nodelib/fs.walk/-/fs.walk-1.2.8.tgz. Extracting by manifest.
960 silly tarball no local data for @nodelib/fs.stat@https://registry.npmjs.org/@nodelib/fs.stat/-/fs.stat-2.0.5.tgz. Extracting by manifest.
961 silly tarball no local data for @nodelib/fs.scandir@https://registry.npmjs.org/@nodelib/fs.scandir/-/fs.scandir-2.1.5.tgz. Extracting by manifest.
962 silly tarball no local data for @nicky-lenaers/ngx-scroll-to@https://registry.npmjs.org/@nicky-lenaers/ngx-scroll-to/-/ngx-scroll-to-14.0.0.tgz. Extracting by manifest.
963 silly tarball no local data for @ngx-translate/http-loader@https://registry.npmjs.org/@ngx-translate/http-loader/-/http-loader-7.0.0.tgz. Extracting by manifest.
964 silly tarball no local data for @ngx-translate/core@https://registry.npmjs.org/@ngx-translate/core/-/core-14.0.0.tgz. Extracting by manifest.
965 silly tarball no local data for @ngtools/webpack@https://registry.npmjs.org/@ngtools/webpack/-/webpack-15.2.11.tgz. Extracting by manifest.
966 silly tarball no local data for @ngrx/store-devtools@https://registry.npmjs.org/@ngrx/store-devtools/-/store-devtools-15.4.0.tgz. Extracting by manifest.
967 silly tarball no local data for @ngrx/store@https://registry.npmjs.org/@ngrx/store/-/store-15.4.0.tgz. Extracting by manifest.
968 silly tarball no local data for @ngrx/effects@https://registry.npmjs.org/@ngrx/effects/-/effects-15.4.0.tgz. Extracting by manifest.
969 silly tarball no local data for @material/typography@https://registry.npmjs.org/@material/typography/-/typography-15.0.0-canary.684e33d25.0.tgz. Extracting by manifest.
970 silly tarball no local data for @ng-select/ng-select@https://registry.npmjs.org/@ng-select/ng-select/-/ng-select-10.0.3.tgz. Extracting by manifest.
971 silly tarball no local data for @material/touch-target@https://registry.npmjs.org/@material/touch-target/-/touch-target-15.0.0-canary.684e33d25.0.tgz. Extracting by manifest.
972 silly tarball no local data for @material/top-app-bar@https://registry.npmjs.org/@material/top-app-bar/-/top-app-bar-15.0.0-canary.684e33d25.0.tgz. Extracting by manifest.
973 silly tarball no local data for @material/tooltip@https://registry.npmjs.org/@material/tooltip/-/tooltip-15.0.0-canary.684e33d25.0.tgz. Extracting by manifest.
974 silly tarball no local data for @material/tokens@https://registry.npmjs.org/@material/tokens/-/tokens-15.0.0-canary.684e33d25.0.tgz. Extracting by manifest.
975 silly tarball no local data for @material/theme@https://registry.npmjs.org/@material/theme/-/theme-15.0.0-canary.684e33d25.0.tgz. Extracting by manifest.
976 silly tarball no local data for @material/textfield@https://registry.npmjs.org/@material/textfield/-/textfield-15.0.0-canary.684e33d25.0.tgz. Extracting by manifest.
977 silly tarball no local data for @material/tab-scroller@https://registry.npmjs.org/@material/tab-scroller/-/tab-scroller-15.0.0-canary.684e33d25.0.tgz. Extracting by manifest.
978 silly tarball no local data for @material/tab-indicator@https://registry.npmjs.org/@material/tab-indicator/-/tab-indicator-15.0.0-canary.684e33d25.0.tgz. Extracting by manifest.
979 silly tarball no local data for @material/tab-bar@https://registry.npmjs.org/@material/tab-bar/-/tab-bar-15.0.0-canary.684e33d25.0.tgz. Extracting by manifest.
980 silly tarball no local data for @material/tab@https://registry.npmjs.org/@material/tab/-/tab-15.0.0-canary.684e33d25.0.tgz. Extracting by manifest.
981 silly tarball no local data for @material/switch@https://registry.npmjs.org/@material/switch/-/switch-15.0.0-canary.684e33d25.0.tgz. Extracting by manifest.
982 silly tarball no local data for @material/slider@https://registry.npmjs.org/@material/slider/-/slider-15.0.0-canary.684e33d25.0.tgz. Extracting by manifest.
983 silly tarball no local data for @material/snackbar@https://registry.npmjs.org/@material/snackbar/-/snackbar-15.0.0-canary.684e33d25.0.tgz. Extracting by manifest.
984 silly tarball no local data for @material/shape@https://registry.npmjs.org/@material/shape/-/shape-15.0.0-canary.684e33d25.0.tgz. Extracting by manifest.
985 silly tarball no local data for @material/select@https://registry.npmjs.org/@material/select/-/select-15.0.0-canary.684e33d25.0.tgz. Extracting by manifest.
986 silly tarball no local data for @material/segmented-button@https://registry.npmjs.org/@material/segmented-button/-/segmented-button-15.0.0-canary.684e33d25.0.tgz. Extracting by manifest.
987 silly tarball no local data for @material/rtl@https://registry.npmjs.org/@material/rtl/-/rtl-15.0.0-canary.684e33d25.0.tgz. Extracting by manifest.
988 silly tarball no local data for @material/ripple@https://registry.npmjs.org/@material/ripple/-/ripple-15.0.0-canary.684e33d25.0.tgz. Extracting by manifest.
989 silly tarball no local data for @material/radio@https://registry.npmjs.org/@material/radio/-/radio-15.0.0-canary.684e33d25.0.tgz. Extracting by manifest.
990 silly tarball no local data for @material/progress-indicator@https://registry.npmjs.org/@material/progress-indicator/-/progress-indicator-15.0.0-canary.684e33d25.0.tgz. Extracting by manifest.
991 silly tarball no local data for @material/notched-outline@https://registry.npmjs.org/@material/notched-outline/-/notched-outline-15.0.0-canary.684e33d25.0.tgz. Extracting by manifest.
992 silly tarball no local data for @material/menu-surface@https://registry.npmjs.org/@material/menu-surface/-/menu-surface-15.0.0-canary.684e33d25.0.tgz. Extracting by manifest.
993 silly tarball no local data for @material/menu@https://registry.npmjs.org/@material/menu/-/menu-15.0.0-canary.684e33d25.0.tgz. Extracting by manifest.
994 silly tarball no local data for @material/list@https://registry.npmjs.org/@material/list/-/list-15.0.0-canary.684e33d25.0.tgz. Extracting by manifest.
995 silly tarball no local data for @material/linear-progress@https://registry.npmjs.org/@material/linear-progress/-/linear-progress-15.0.0-canary.684e33d25.0.tgz. Extracting by manifest.
996 silly tarball no local data for @material/line-ripple@https://registry.npmjs.org/@material/line-ripple/-/line-ripple-15.0.0-canary.684e33d25.0.tgz. Extracting by manifest.
997 silly tarball no local data for @material/layout-grid@https://registry.npmjs.org/@material/layout-grid/-/layout-grid-15.0.0-canary.684e33d25.0.tgz. Extracting by manifest.
998 silly tarball no local data for @material/image-list@https://registry.npmjs.org/@material/image-list/-/image-list-15.0.0-canary.684e33d25.0.tgz. Extracting by manifest.
999 silly tarball no local data for @material/icon-button@https://registry.npmjs.org/@material/icon-button/-/icon-button-15.0.0-canary.684e33d25.0.tgz. Extracting by manifest.
1000 silly tarball no local data for @material/form-field@https://registry.npmjs.org/@material/form-field/-/form-field-15.0.0-canary.684e33d25.0.tgz. Extracting by manifest.
1001 silly tarball no local data for @material/focus-ring@https://registry.npmjs.org/@material/focus-ring/-/focus-ring-15.0.0-canary.684e33d25.0.tgz. Extracting by manifest.
1002 silly tarball no local data for @material/floating-label@https://registry.npmjs.org/@material/floating-label/-/floating-label-15.0.0-canary.684e33d25.0.tgz. Extracting by manifest.
1003 silly tarball no local data for @material/feature-targeting@https://registry.npmjs.org/@material/feature-targeting/-/feature-targeting-15.0.0-canary.684e33d25.0.tgz. Extracting by manifest.
1004 silly tarball no local data for @material/fab@https://registry.npmjs.org/@material/fab/-/fab-15.0.0-canary.684e33d25.0.tgz. Extracting by manifest.
1005 silly tarball no local data for @material/elevation@https://registry.npmjs.org/@material/elevation/-/elevation-15.0.0-canary.684e33d25.0.tgz. Extracting by manifest.
1006 silly tarball no local data for @material/drawer@https://registry.npmjs.org/@material/drawer/-/drawer-15.0.0-canary.684e33d25.0.tgz. Extracting by manifest.
1007 silly tarball no local data for @material/dom@https://registry.npmjs.org/@material/dom/-/dom-15.0.0-canary.684e33d25.0.tgz. Extracting by manifest.
1008 silly tarball no local data for @material/dialog@https://registry.npmjs.org/@material/dialog/-/dialog-15.0.0-canary.684e33d25.0.tgz. Extracting by manifest.
1009 silly tarball no local data for @material/density@https://registry.npmjs.org/@material/density/-/density-15.0.0-canary.684e33d25.0.tgz. Extracting by manifest.
1010 silly tarball no local data for @material/data-table@https://registry.npmjs.org/@material/data-table/-/data-table-15.0.0-canary.684e33d25.0.tgz. Extracting by manifest.
1011 silly tarball no local data for @material/circular-progress@https://registry.npmjs.org/@material/circular-progress/-/circular-progress-15.0.0-canary.684e33d25.0.tgz. Extracting by manifest.
1012 silly tarball no local data for @material/chips@https://registry.npmjs.org/@material/chips/-/chips-15.0.0-canary.684e33d25.0.tgz. Extracting by manifest.
1013 silly tarball no local data for @material/checkbox@https://registry.npmjs.org/@material/checkbox/-/checkbox-15.0.0-canary.684e33d25.0.tgz. Extracting by manifest.
1014 silly tarball no local data for @material/card@https://registry.npmjs.org/@material/card/-/card-15.0.0-canary.684e33d25.0.tgz. Extracting by manifest.
1015 silly tarball no local data for @material/button@https://registry.npmjs.org/@material/button/-/button-15.0.0-canary.684e33d25.0.tgz. Extracting by manifest.
1016 silly tarball no local data for @material/base@https://registry.npmjs.org/@material/base/-/base-15.0.0-canary.684e33d25.0.tgz. Extracting by manifest.
1017 silly tarball no local data for @material/banner@https://registry.npmjs.org/@material/banner/-/banner-15.0.0-canary.684e33d25.0.tgz. Extracting by manifest.
1018 silly tarball no local data for @material/auto-init@https://registry.npmjs.org/@material/auto-init/-/auto-init-15.0.0-canary.684e33d25.0.tgz. Extracting by manifest.
1019 silly tarball no local data for @material/animation@https://registry.npmjs.org/@material/animation/-/animation-15.0.0-canary.684e33d25.0.tgz. Extracting by manifest.
1020 silly tarball no local data for @leichtgewicht/ip-codec@https://registry.npmjs.org/@leichtgewicht/ip-codec/-/ip-codec-2.0.4.tgz. Extracting by manifest.
1021 silly tarball no local data for @juggle/resize-observer@https://registry.npmjs.org/@juggle/resize-observer/-/resize-observer-3.4.0.tgz. Extracting by manifest.
1022 silly tarball no local data for @jridgewell/trace-mapping@https://registry.npmjs.org/@jridgewell/trace-mapping/-/trace-mapping-0.3.25.tgz. Extracting by manifest.
1023 silly tarball no local data for @jridgewell/sourcemap-codec@https://registry.npmjs.org/@jridgewell/sourcemap-codec/-/sourcemap-codec-1.4.14.tgz. Extracting by manifest.
1024 silly tarball no local data for @jridgewell/source-map@https://registry.npmjs.org/@jridgewell/source-map/-/source-map-0.3.6.tgz. Extracting by manifest.
1025 silly tarball no local data for @jridgewell/set-array@https://registry.npmjs.org/@jridgewell/set-array/-/set-array-1.2.1.tgz. Extracting by manifest.
1026 silly tarball no local data for @jridgewell/resolve-uri@https://registry.npmjs.org/@jridgewell/resolve-uri/-/resolve-uri-3.1.0.tgz. Extracting by manifest.
1027 silly tarball no local data for @jridgewell/gen-mapping@https://registry.npmjs.org/@jridgewell/gen-mapping/-/gen-mapping-0.1.1.tgz. Extracting by manifest.
1028 silly tarball no local data for @istanbuljs/schema@https://registry.npmjs.org/@istanbuljs/schema/-/schema-0.1.3.tgz. Extracting by manifest.
1029 silly tarball no local data for @istanbuljs/load-nyc-config@https://registry.npmjs.org/@istanbuljs/load-nyc-config/-/load-nyc-config-1.1.0.tgz. Extracting by manifest.
1030 silly tarball no local data for @isaacs/cliui@https://registry.npmjs.org/@isaacs/cliui/-/cliui-8.0.2.tgz. Extracting by manifest.
1031 silly tarball no local data for @grpc/proto-loader@https://registry.npmjs.org/@grpc/proto-loader/-/proto-loader-0.6.13.tgz. Extracting by manifest.
1032 silly tarball no local data for @grpc/grpc-js@https://registry.npmjs.org/@grpc/grpc-js/-/grpc-js-1.7.3.tgz. Extracting by manifest.
1033 silly tarball no local data for @gar/promisify@https://registry.npmjs.org/@gar/promisify/-/promisify-1.1.3.tgz. Extracting by manifest.
1034 silly tarball no local data for @fullcalendar/timegrid@https://registry.npmjs.org/@fullcalendar/timegrid/-/timegrid-6.1.1.tgz. Extracting by manifest.
1035 silly tarball no local data for @fullcalendar/list@https://registry.npmjs.org/@fullcalendar/list/-/list-6.1.1.tgz. Extracting by manifest.
1036 silly tarball no local data for @fullcalendar/interaction@https://registry.npmjs.org/@fullcalendar/interaction/-/interaction-6.1.1.tgz. Extracting by manifest.
1037 silly tarball no local data for @fullcalendar/daygrid@https://registry.npmjs.org/@fullcalendar/daygrid/-/daygrid-6.1.1.tgz. Extracting by manifest.
1038 silly tarball no local data for @fullcalendar/core@https://registry.npmjs.org/@fullcalendar/core/-/core-6.1.1.tgz. Extracting by manifest.
1039 silly tarball no local data for @fullcalendar/angular@https://registry.npmjs.org/@fullcalendar/angular/-/angular-6.1.1.tgz. Extracting by manifest.
1040 silly tarball no local data for @firebase/webchannel-wrapper@https://registry.npmjs.org/@firebase/webchannel-wrapper/-/webchannel-wrapper-0.10.1.tgz. Extracting by manifest.
1041 silly tarball no local data for @firebase/storage-types@https://registry.npmjs.org/@firebase/storage-types/-/storage-types-0.8.0.tgz. Extracting by manifest.
1042 silly tarball no local data for @firebase/util@https://registry.npmjs.org/@firebase/util/-/util-1.9.3.tgz. Extracting by manifest.
1043 silly tarball no local data for @firebase/storage-compat@https://registry.npmjs.org/@firebase/storage-compat/-/storage-compat-0.3.2.tgz. Extracting by manifest.
1044 silly tarball no local data for @firebase/storage@https://registry.npmjs.org/@firebase/storage/-/storage-0.11.2.tgz. Extracting by manifest.
1045 silly tarball no local data for @firebase/remote-config-types@https://registry.npmjs.org/@firebase/remote-config-types/-/remote-config-types-0.3.0.tgz. Extracting by manifest.
1046 silly tarball no local data for @firebase/remote-config-compat@https://registry.npmjs.org/@firebase/remote-config-compat/-/remote-config-compat-0.2.4.tgz. Extracting by manifest.
1047 silly tarball no local data for @firebase/remote-config@https://registry.npmjs.org/@firebase/remote-config/-/remote-config-0.4.4.tgz. Extracting by manifest.
1048 silly tarball no local data for @firebase/performance-types@https://registry.npmjs.org/@firebase/performance-types/-/performance-types-0.2.0.tgz. Extracting by manifest.
1049 silly tarball no local data for @firebase/performance-compat@https://registry.npmjs.org/@firebase/performance-compat/-/performance-compat-0.2.4.tgz. Extracting by manifest.
1050 silly tarball no local data for @firebase/performance@https://registry.npmjs.org/@firebase/performance/-/performance-0.6.4.tgz. Extracting by manifest.
1051 silly tarball no local data for @firebase/messaging-interop-types@https://registry.npmjs.org/@firebase/messaging-interop-types/-/messaging-interop-types-0.2.0.tgz. Extracting by manifest.
1052 silly tarball no local data for @firebase/messaging-compat@https://registry.npmjs.org/@firebase/messaging-compat/-/messaging-compat-0.2.4.tgz. Extracting by manifest.
1053 silly tarball no local data for @firebase/messaging@https://registry.npmjs.org/@firebase/messaging/-/messaging-0.12.4.tgz. Extracting by manifest.
1054 silly tarball no local data for @firebase/installations-types@https://registry.npmjs.org/@firebase/installations-types/-/installations-types-0.5.0.tgz. Extracting by manifest.
1055 silly tarball no local data for @firebase/logger@https://registry.npmjs.org/@firebase/logger/-/logger-0.4.0.tgz. Extracting by manifest.
1056 silly tarball no local data for @firebase/installations-compat@https://registry.npmjs.org/@firebase/installations-compat/-/installations-compat-0.2.4.tgz. Extracting by manifest.
1057 silly tarball no local data for @firebase/installations@https://registry.npmjs.org/@firebase/installations/-/installations-0.6.4.tgz. Extracting by manifest.
1058 silly tarball no local data for @firebase/functions-types@https://registry.npmjs.org/@firebase/functions-types/-/functions-types-0.6.0.tgz. Extracting by manifest.
1059 silly tarball no local data for @firebase/functions-compat@https://registry.npmjs.org/@firebase/functions-compat/-/functions-compat-0.3.5.tgz. Extracting by manifest.
1060 silly tarball no local data for @firebase/functions@https://registry.npmjs.org/@firebase/functions/-/functions-0.10.0.tgz. Extracting by manifest.
1061 silly tarball no local data for @firebase/firestore-types@https://registry.npmjs.org/@firebase/firestore-types/-/firestore-types-2.5.1.tgz. Extracting by manifest.
1062 silly tarball no local data for @firebase/firestore-compat@https://registry.npmjs.org/@firebase/firestore-compat/-/firestore-compat-0.3.12.tgz. Extracting by manifest.
1063 silly tarball no local data for @firebase/firestore@https://registry.npmjs.org/@firebase/firestore/-/firestore-3.13.0.tgz. Extracting by manifest.
1064 silly tarball no local data for @firebase/database-types@https://registry.npmjs.org/@firebase/database-types/-/database-types-0.10.4.tgz. Extracting by manifest.
1065 silly tarball no local data for @firebase/database-compat@https://registry.npmjs.org/@firebase/database-compat/-/database-compat-0.3.4.tgz. Extracting by manifest.
1066 silly tarball no local data for @firebase/database@https://registry.npmjs.org/@firebase/database/-/database-0.14.4.tgz. Extracting by manifest.
1067 silly tarball no local data for @firebase/component@https://registry.npmjs.org/@firebase/component/-/component-0.6.4.tgz. Extracting by manifest.
1068 silly tarball no local data for @firebase/auth-types@https://registry.npmjs.org/@firebase/auth-types/-/auth-types-0.12.0.tgz. Extracting by manifest.
1069 silly tarball no local data for @firebase/auth-interop-types@https://registry.npmjs.org/@firebase/auth-interop-types/-/auth-interop-types-0.2.1.tgz. Extracting by manifest.
1070 silly tarball no local data for @firebase/auth-compat@https://registry.npmjs.org/@firebase/auth-compat/-/auth-compat-0.4.2.tgz. Extracting by manifest.
1071 silly tarball no local data for @firebase/auth@https://registry.npmjs.org/@firebase/auth/-/auth-0.23.2.tgz. Extracting by manifest.
1072 silly tarball no local data for @firebase/app-types@https://registry.npmjs.org/@firebase/app-types/-/app-types-0.9.0.tgz. Extracting by manifest.
1073 silly tarball no local data for @firebase/app-compat@https://registry.npmjs.org/@firebase/app-compat/-/app-compat-0.2.13.tgz. Extracting by manifest.
1074 silly tarball no local data for @firebase/app-check-interop-types@https://registry.npmjs.org/@firebase/app-check-interop-types/-/app-check-interop-types-0.3.0.tgz. Extracting by manifest.
1075 silly tarball no local data for @firebase/app-check-types@https://registry.npmjs.org/@firebase/app-check-types/-/app-check-types-0.5.0.tgz. Extracting by manifest.
1076 silly tarball no local data for @firebase/app-check@https://registry.npmjs.org/@firebase/app-check/-/app-check-0.8.0.tgz. Extracting by manifest.
1077 silly tarball no local data for @firebase/app-check-compat@https://registry.npmjs.org/@firebase/app-check-compat/-/app-check-compat-0.3.7.tgz. Extracting by manifest.
1078 silly tarball no local data for @firebase/app@https://registry.npmjs.org/@firebase/app/-/app-0.9.13.tgz. Extracting by manifest.
1079 silly tarball no local data for @firebase/analytics-types@https://registry.npmjs.org/@firebase/analytics-types/-/analytics-types-0.8.0.tgz. Extracting by manifest.
1080 silly tarball no local data for @firebase/analytics-compat@https://registry.npmjs.org/@firebase/analytics-compat/-/analytics-compat-0.2.6.tgz. Extracting by manifest.
1081 silly tarball no local data for @firebase/analytics@https://registry.npmjs.org/@firebase/analytics/-/analytics-0.10.0.tgz. Extracting by manifest.
1082 silly tarball no local data for @esbuild/linux-x64@https://registry.npmjs.org/@esbuild/linux-x64/-/linux-x64-0.17.8.tgz. Extracting by manifest.
1083 silly tarball no local data for @discoveryjs/json-ext@https://registry.npmjs.org/@discoveryjs/json-ext/-/json-ext-0.5.7.tgz. Extracting by manifest.
1084 silly tarball no local data for @ctrl/ngx-emoji-mart@https://registry.npmjs.org/@ctrl/ngx-emoji-mart/-/ngx-emoji-mart-7.1.0.tgz. Extracting by manifest.
1085 silly tarball no local data for @cspotcode/source-map-support@https://registry.npmjs.org/@cspotcode/source-map-support/-/source-map-support-0.8.1.tgz. Extracting by manifest.
1086 silly tarball no local data for @colors/colors@https://registry.npmjs.org/@colors/colors/-/colors-1.5.0.tgz. Extracting by manifest.
1087 silly tarball no local data for @ckeditor/ckeditor5-widget@https://registry.npmjs.org/@ckeditor/ckeditor5-widget/-/ckeditor5-widget-35.4.0.tgz. Extracting by manifest.
1088 silly tarball no local data for @ckeditor/ckeditor5-watchdog@https://registry.npmjs.org/@ckeditor/ckeditor5-watchdog/-/ckeditor5-watchdog-34.2.0.tgz. Extracting by manifest.
1089 silly tarball no local data for @ckeditor/ckeditor5-utils@https://registry.npmjs.org/@ckeditor/ckeditor5-utils/-/ckeditor5-utils-35.4.0.tgz. Extracting by manifest.
1090 silly tarball no local data for @ckeditor/ckeditor5-upload@https://registry.npmjs.org/@ckeditor/ckeditor5-upload/-/ckeditor5-upload-35.4.0.tgz. Extracting by manifest.
1091 silly tarball no local data for @ckeditor/ckeditor5-undo@https://registry.npmjs.org/@ckeditor/ckeditor5-undo/-/ckeditor5-undo-35.4.0.tgz. Extracting by manifest.
1092 silly tarball no local data for @ckeditor/ckeditor5-ui@https://registry.npmjs.org/@ckeditor/ckeditor5-ui/-/ckeditor5-ui-35.4.0.tgz. Extracting by manifest.
1093 silly tarball no local data for @ckeditor/ckeditor5-typing@https://registry.npmjs.org/@ckeditor/ckeditor5-typing/-/ckeditor5-typing-35.4.0.tgz. Extracting by manifest.
1094 silly tarball no local data for @ckeditor/ckeditor5-table@https://registry.npmjs.org/@ckeditor/ckeditor5-table/-/ckeditor5-table-35.4.0.tgz. Extracting by manifest.
1095 silly tarball no local data for @ckeditor/ckeditor5-paste-from-office@https://registry.npmjs.org/@ckeditor/ckeditor5-paste-from-office/-/ckeditor5-paste-from-office-35.4.0.tgz. Extracting by manifest.
1096 silly tarball no local data for @ckeditor/ckeditor5-select-all@https://registry.npmjs.org/@ckeditor/ckeditor5-select-all/-/ckeditor5-select-all-35.4.0.tgz. Extracting by manifest.
1097 silly tarball no local data for @ckeditor/ckeditor5-paragraph@https://registry.npmjs.org/@ckeditor/ckeditor5-paragraph/-/ckeditor5-paragraph-35.4.0.tgz. Extracting by manifest.
1098 silly tarball no local data for @ckeditor/ckeditor5-media-embed@https://registry.npmjs.org/@ckeditor/ckeditor5-media-embed/-/ckeditor5-media-embed-35.4.0.tgz. Extracting by manifest.
1099 silly tarball no local data for @ckeditor/ckeditor5-list@https://registry.npmjs.org/@ckeditor/ckeditor5-list/-/ckeditor5-list-35.4.0.tgz. Extracting by manifest.
1100 silly tarball no local data for @ckeditor/ckeditor5-link@https://registry.npmjs.org/@ckeditor/ckeditor5-link/-/ckeditor5-link-35.4.0.tgz. Extracting by manifest.
1101 silly tarball no local data for @ckeditor/ckeditor5-indent@https://registry.npmjs.org/@ckeditor/ckeditor5-indent/-/ckeditor5-indent-35.4.0.tgz. Extracting by manifest.
1102 silly tarball no local data for @ckeditor/ckeditor5-image@https://registry.npmjs.org/@ckeditor/ckeditor5-image/-/ckeditor5-image-35.4.0.tgz. Extracting by manifest.
1103 silly tarball no local data for @ckeditor/ckeditor5-heading@https://registry.npmjs.org/@ckeditor/ckeditor5-heading/-/ckeditor5-heading-35.4.0.tgz. Extracting by manifest.
1104 silly tarball no local data for @ckeditor/ckeditor5-essentials@https://registry.npmjs.org/@ckeditor/ckeditor5-essentials/-/ckeditor5-essentials-35.4.0.tgz. Extracting by manifest.
1105 silly tarball no local data for @ckeditor/ckeditor5-enter@https://registry.npmjs.org/@ckeditor/ckeditor5-enter/-/ckeditor5-enter-35.4.0.tgz. Extracting by manifest.
1106 silly tarball no local data for @ckeditor/ckeditor5-engine@https://registry.npmjs.org/@ckeditor/ckeditor5-engine/-/ckeditor5-engine-35.4.0.tgz. Extracting by manifest.
1107 silly tarball no local data for @ckeditor/ckeditor5-editor-classic@https://registry.npmjs.org/@ckeditor/ckeditor5-editor-classic/-/ckeditor5-editor-classic-35.4.0.tgz. Extracting by manifest.
1108 silly tarball no local data for @ckeditor/ckeditor5-easy-image@https://registry.npmjs.org/@ckeditor/ckeditor5-easy-image/-/ckeditor5-easy-image-35.4.0.tgz. Extracting by manifest.
1109 silly tarball no local data for @ckeditor/ckeditor5-core@https://registry.npmjs.org/@ckeditor/ckeditor5-core/-/ckeditor5-core-35.4.0.tgz. Extracting by manifest.
1110 silly tarball no local data for @ckeditor/ckeditor5-cloud-services@https://registry.npmjs.org/@ckeditor/ckeditor5-cloud-services/-/ckeditor5-cloud-services-35.4.0.tgz. Extracting by manifest.
1111 silly tarball no local data for @ckeditor/ckeditor5-clipboard@https://registry.npmjs.org/@ckeditor/ckeditor5-clipboard/-/ckeditor5-clipboard-35.4.0.tgz. Extracting by manifest.
1112 silly tarball no local data for @ckeditor/ckeditor5-ckfinder@https://registry.npmjs.org/@ckeditor/ckeditor5-ckfinder/-/ckeditor5-ckfinder-35.4.0.tgz. Extracting by manifest.
1113 silly tarball no local data for @ckeditor/ckeditor5-build-classic@https://registry.npmjs.org/@ckeditor/ckeditor5-build-classic/-/ckeditor5-build-classic-35.4.0.tgz. Extracting by manifest.
1114 silly tarball no local data for @ckeditor/ckeditor5-ckbox@https://registry.npmjs.org/@ckeditor/ckeditor5-ckbox/-/ckeditor5-ckbox-35.4.0.tgz. Extracting by manifest.
1115 silly tarball no local data for @ckeditor/ckeditor5-block-quote@https://registry.npmjs.org/@ckeditor/ckeditor5-block-quote/-/ckeditor5-block-quote-35.4.0.tgz. Extracting by manifest.
1116 silly tarball no local data for @ckeditor/ckeditor5-basic-styles@https://registry.npmjs.org/@ckeditor/ckeditor5-basic-styles/-/ckeditor5-basic-styles-35.4.0.tgz. Extracting by manifest.
1117 silly tarball no local data for @ckeditor/ckeditor5-autoformat@https://registry.npmjs.org/@ckeditor/ckeditor5-autoformat/-/ckeditor5-autoformat-35.4.0.tgz. Extracting by manifest.
1118 silly tarball no local data for @ckeditor/ckeditor5-angular@https://registry.npmjs.org/@ckeditor/ckeditor5-angular/-/ckeditor5-angular-4.0.0.tgz. Extracting by manifest.
1119 silly tarball no local data for @ckeditor/ckeditor5-adapter-ckfinder@https://registry.npmjs.org/@ckeditor/ckeditor5-adapter-ckfinder/-/ckeditor5-adapter-ckfinder-35.4.0.tgz. Extracting by manifest.
1120 silly tarball no local data for @babel/types@https://registry.npmjs.org/@babel/types/-/types-7.26.5.tgz. Extracting by manifest.
1121 silly tarball no local data for @babel/traverse@https://registry.npmjs.org/@babel/traverse/-/traverse-7.26.5.tgz. Extracting by manifest.
1122 silly tarball no local data for @babel/template@https://registry.npmjs.org/@babel/template/-/template-7.20.7.tgz. Extracting by manifest.
1123 silly tarball no local data for @babel/runtime@https://registry.npmjs.org/@babel/runtime/-/runtime-7.20.13.tgz. Extracting by manifest.
1124 silly tarball no local data for @babel/preset-modules@https://registry.npmjs.org/@babel/preset-modules/-/preset-modules-0.1.5.tgz. Extracting by manifest.
1125 silly tarball no local data for @babel/preset-env@https://registry.npmjs.org/@babel/preset-env/-/preset-env-7.20.2.tgz. Extracting by manifest.
1126 silly tarball no local data for @babel/plugin-transform-unicode-regex@https://registry.npmjs.org/@babel/plugin-transform-unicode-regex/-/plugin-transform-unicode-regex-7.18.6.tgz. Extracting by manifest.
1127 silly tarball no local data for @babel/plugin-transform-unicode-escapes@https://registry.npmjs.org/@babel/plugin-transform-unicode-escapes/-/plugin-transform-unicode-escapes-7.18.10.tgz. Extracting by manifest.
1128 silly tarball no local data for @babel/plugin-transform-typeof-symbol@https://registry.npmjs.org/@babel/plugin-transform-typeof-symbol/-/plugin-transform-typeof-symbol-7.18.9.tgz. Extracting by manifest.
1129 silly tarball no local data for @babel/plugin-transform-template-literals@https://registry.npmjs.org/@babel/plugin-transform-template-literals/-/plugin-transform-template-literals-7.18.9.tgz. Extracting by manifest.
1130 silly tarball no local data for @babel/plugin-transform-sticky-regex@https://registry.npmjs.org/@babel/plugin-transform-sticky-regex/-/plugin-transform-sticky-regex-7.18.6.tgz. Extracting by manifest.
1131 silly tarball no local data for @babel/plugin-transform-spread@https://registry.npmjs.org/@babel/plugin-transform-spread/-/plugin-transform-spread-7.20.7.tgz. Extracting by manifest.
1132 silly tarball no local data for @babel/plugin-transform-shorthand-properties@https://registry.npmjs.org/@babel/plugin-transform-shorthand-properties/-/plugin-transform-shorthand-properties-7.18.6.tgz. Extracting by manifest.
1133 silly tarball no local data for @babel/plugin-transform-runtime@https://registry.npmjs.org/@babel/plugin-transform-runtime/-/plugin-transform-runtime-7.19.6.tgz. Extracting by manifest.
1134 silly tarball no local data for @babel/plugin-transform-reserved-words@https://registry.npmjs.org/@babel/plugin-transform-reserved-words/-/plugin-transform-reserved-words-7.18.6.tgz. Extracting by manifest.
1135 silly tarball no local data for @babel/plugin-transform-regenerator@https://registry.npmjs.org/@babel/plugin-transform-regenerator/-/plugin-transform-regenerator-7.20.5.tgz. Extracting by manifest.
1136 silly tarball no local data for @babel/plugin-transform-property-literals@https://registry.npmjs.org/@babel/plugin-transform-property-literals/-/plugin-transform-property-literals-7.18.6.tgz. Extracting by manifest.
1137 silly tarball no local data for @babel/plugin-transform-parameters@https://registry.npmjs.org/@babel/plugin-transform-parameters/-/plugin-transform-parameters-7.20.7.tgz. Extracting by manifest.
1138 silly tarball no local data for @babel/plugin-transform-object-super@https://registry.npmjs.org/@babel/plugin-transform-object-super/-/plugin-transform-object-super-7.18.6.tgz. Extracting by manifest.
1139 silly tarball no local data for @babel/plugin-transform-new-target@https://registry.npmjs.org/@babel/plugin-transform-new-target/-/plugin-transform-new-target-7.18.6.tgz. Extracting by manifest.
1140 silly tarball no local data for @babel/plugin-transform-named-capturing-groups-regex@https://registry.npmjs.org/@babel/plugin-transform-named-capturing-groups-regex/-/plugin-transform-named-capturing-groups-regex-7.20.5.tgz. Extracting by manifest.
1141 silly tarball no local data for @babel/plugin-transform-modules-umd@https://registry.npmjs.org/@babel/plugin-transform-modules-umd/-/plugin-transform-modules-umd-7.18.6.tgz. Extracting by manifest.
1142 silly tarball no local data for @babel/plugin-transform-modules-systemjs@https://registry.npmjs.org/@babel/plugin-transform-modules-systemjs/-/plugin-transform-modules-systemjs-7.20.11.tgz. Extracting by manifest.
1143 silly tarball no local data for @babel/plugin-transform-modules-commonjs@https://registry.npmjs.org/@babel/plugin-transform-modules-commonjs/-/plugin-transform-modules-commonjs-7.20.11.tgz. Extracting by manifest.
1144 silly tarball no local data for @babel/plugin-transform-modules-amd@https://registry.npmjs.org/@babel/plugin-transform-modules-amd/-/plugin-transform-modules-amd-7.20.11.tgz. Extracting by manifest.
1145 silly tarball no local data for @babel/plugin-transform-member-expression-literals@https://registry.npmjs.org/@babel/plugin-transform-member-expression-literals/-/plugin-transform-member-expression-literals-7.18.6.tgz. Extracting by manifest.
1146 silly tarball no local data for @babel/plugin-transform-literals@https://registry.npmjs.org/@babel/plugin-transform-literals/-/plugin-transform-literals-7.18.9.tgz. Extracting by manifest.
1147 silly tarball no local data for @babel/plugin-transform-function-name@https://registry.npmjs.org/@babel/plugin-transform-function-name/-/plugin-transform-function-name-7.18.9.tgz. Extracting by manifest.
1148 silly tarball no local data for @babel/plugin-transform-for-of@https://registry.npmjs.org/@babel/plugin-transform-for-of/-/plugin-transform-for-of-7.18.8.tgz. Extracting by manifest.
1149 silly tarball no local data for @babel/plugin-transform-exponentiation-operator@https://registry.npmjs.org/@babel/plugin-transform-exponentiation-operator/-/plugin-transform-exponentiation-operator-7.18.6.tgz. Extracting by manifest.
1150 silly tarball no local data for @babel/plugin-transform-duplicate-keys@https://registry.npmjs.org/@babel/plugin-transform-duplicate-keys/-/plugin-transform-duplicate-keys-7.18.9.tgz. Extracting by manifest.
1151 silly tarball no local data for @babel/plugin-transform-dotall-regex@https://registry.npmjs.org/@babel/plugin-transform-dotall-regex/-/plugin-transform-dotall-regex-7.18.6.tgz. Extracting by manifest.
1152 silly tarball no local data for @babel/plugin-transform-destructuring@https://registry.npmjs.org/@babel/plugin-transform-destructuring/-/plugin-transform-destructuring-7.20.7.tgz. Extracting by manifest.
1153 silly tarball no local data for @babel/plugin-transform-computed-properties@https://registry.npmjs.org/@babel/plugin-transform-computed-properties/-/plugin-transform-computed-properties-7.20.7.tgz. Extracting by manifest.
1154 silly tarball no local data for @babel/plugin-transform-classes@https://registry.npmjs.org/@babel/plugin-transform-classes/-/plugin-transform-classes-7.20.7.tgz. Extracting by manifest.
1155 silly tarball no local data for @babel/plugin-transform-block-scoping@https://registry.npmjs.org/@babel/plugin-transform-block-scoping/-/plugin-transform-block-scoping-7.20.14.tgz. Extracting by manifest.
1156 silly tarball no local data for @babel/plugin-transform-block-scoped-functions@https://registry.npmjs.org/@babel/plugin-transform-block-scoped-functions/-/plugin-transform-block-scoped-functions-7.18.6.tgz. Extracting by manifest.
1157 silly tarball no local data for @babel/plugin-transform-async-to-generator@https://registry.npmjs.org/@babel/plugin-transform-async-to-generator/-/plugin-transform-async-to-generator-7.20.7.tgz. Extracting by manifest.
1158 silly tarball no local data for @babel/plugin-transform-arrow-functions@https://registry.npmjs.org/@babel/plugin-transform-arrow-functions/-/plugin-transform-arrow-functions-7.20.7.tgz. Extracting by manifest.
1159 silly tarball no local data for @babel/plugin-syntax-top-level-await@https://registry.npmjs.org/@babel/plugin-syntax-top-level-await/-/plugin-syntax-top-level-await-7.14.5.tgz. Extracting by manifest.
1160 silly tarball no local data for @babel/plugin-syntax-private-property-in-object@https://registry.npmjs.org/@babel/plugin-syntax-private-property-in-object/-/plugin-syntax-private-property-in-object-7.14.5.tgz. Extracting by manifest.
1161 silly tarball no local data for @babel/plugin-syntax-optional-chaining@https://registry.npmjs.org/@babel/plugin-syntax-optional-chaining/-/plugin-syntax-optional-chaining-7.8.3.tgz. Extracting by manifest.
1162 silly tarball no local data for @babel/plugin-syntax-optional-catch-binding@https://registry.npmjs.org/@babel/plugin-syntax-optional-catch-binding/-/plugin-syntax-optional-catch-binding-7.8.3.tgz. Extracting by manifest.
1163 silly tarball no local data for @babel/plugin-syntax-object-rest-spread@https://registry.npmjs.org/@babel/plugin-syntax-object-rest-spread/-/plugin-syntax-object-rest-spread-7.8.3.tgz. Extracting by manifest.
1164 silly tarball no local data for @babel/plugin-syntax-numeric-separator@https://registry.npmjs.org/@babel/plugin-syntax-numeric-separator/-/plugin-syntax-numeric-separator-7.10.4.tgz. Extracting by manifest.
1165 silly tarball no local data for @babel/plugin-syntax-nullish-coalescing-operator@https://registry.npmjs.org/@babel/plugin-syntax-nullish-coalescing-operator/-/plugin-syntax-nullish-coalescing-operator-7.8.3.tgz. Extracting by manifest.
1166 silly tarball no local data for @babel/plugin-syntax-logical-assignment-operators@https://registry.npmjs.org/@babel/plugin-syntax-logical-assignment-operators/-/plugin-syntax-logical-assignment-operators-7.10.4.tgz. Extracting by manifest.
1167 silly tarball no local data for @babel/plugin-syntax-json-strings@https://registry.npmjs.org/@babel/plugin-syntax-json-strings/-/plugin-syntax-json-strings-7.8.3.tgz. Extracting by manifest.
1168 silly tarball no local data for @babel/plugin-syntax-import-assertions@https://registry.npmjs.org/@babel/plugin-syntax-import-assertions/-/plugin-syntax-import-assertions-7.20.0.tgz. Extracting by manifest.
1169 silly tarball no local data for @babel/plugin-syntax-dynamic-import@https://registry.npmjs.org/@babel/plugin-syntax-dynamic-import/-/plugin-syntax-dynamic-import-7.8.3.tgz. Extracting by manifest.
1170 silly tarball no local data for @babel/plugin-syntax-class-static-block@https://registry.npmjs.org/@babel/plugin-syntax-class-static-block/-/plugin-syntax-class-static-block-7.14.5.tgz. Extracting by manifest.
1171 silly tarball no local data for @babel/plugin-syntax-class-properties@https://registry.npmjs.org/@babel/plugin-syntax-class-properties/-/plugin-syntax-class-properties-7.12.13.tgz. Extracting by manifest.
1172 silly tarball no local data for @babel/plugin-syntax-async-generators@https://registry.npmjs.org/@babel/plugin-syntax-async-generators/-/plugin-syntax-async-generators-7.8.4.tgz. Extracting by manifest.
1173 silly tarball no local data for @babel/plugin-syntax-export-namespace-from@https://registry.npmjs.org/@babel/plugin-syntax-export-namespace-from/-/plugin-syntax-export-namespace-from-7.8.3.tgz. Extracting by manifest.
1174 silly tarball no local data for @babel/plugin-proposal-private-property-in-object@https://registry.npmjs.org/@babel/plugin-proposal-private-property-in-object/-/plugin-proposal-private-property-in-object-7.20.5.tgz. Extracting by manifest.
1175 silly tarball no local data for @babel/plugin-proposal-unicode-property-regex@https://registry.npmjs.org/@babel/plugin-proposal-unicode-property-regex/-/plugin-proposal-unicode-property-regex-7.18.6.tgz. Extracting by manifest.
1176 silly tarball no local data for @babel/plugin-proposal-optional-chaining@https://registry.npmjs.org/@babel/plugin-proposal-optional-chaining/-/plugin-proposal-optional-chaining-7.20.7.tgz. Extracting by manifest.
1177 silly tarball no local data for @babel/plugin-proposal-optional-catch-binding@https://registry.npmjs.org/@babel/plugin-proposal-optional-catch-binding/-/plugin-proposal-optional-catch-binding-7.18.6.tgz. Extracting by manifest.
1178 silly tarball no local data for @babel/plugin-proposal-object-rest-spread@https://registry.npmjs.org/@babel/plugin-proposal-object-rest-spread/-/plugin-proposal-object-rest-spread-7.20.7.tgz. Extracting by manifest.
1179 silly tarball no local data for @babel/plugin-proposal-private-methods@https://registry.npmjs.org/@babel/plugin-proposal-private-methods/-/plugin-proposal-private-methods-7.18.6.tgz. Extracting by manifest.
1180 silly tarball no local data for @babel/plugin-proposal-numeric-separator@https://registry.npmjs.org/@babel/plugin-proposal-numeric-separator/-/plugin-proposal-numeric-separator-7.18.6.tgz. Extracting by manifest.
1181 silly tarball no local data for @babel/plugin-proposal-nullish-coalescing-operator@https://registry.npmjs.org/@babel/plugin-proposal-nullish-coalescing-operator/-/plugin-proposal-nullish-coalescing-operator-7.18.6.tgz. Extracting by manifest.
1182 silly tarball no local data for @babel/plugin-proposal-logical-assignment-operators@https://registry.npmjs.org/@babel/plugin-proposal-logical-assignment-operators/-/plugin-proposal-logical-assignment-operators-7.20.7.tgz. Extracting by manifest.
1183 silly tarball no local data for @babel/plugin-proposal-json-strings@https://registry.npmjs.org/@babel/plugin-proposal-json-strings/-/plugin-proposal-json-strings-7.18.6.tgz. Extracting by manifest.
1184 silly tarball no local data for @babel/plugin-proposal-export-namespace-from@https://registry.npmjs.org/@babel/plugin-proposal-export-namespace-from/-/plugin-proposal-export-namespace-from-7.18.9.tgz. Extracting by manifest.
1185 silly tarball no local data for @babel/plugin-proposal-class-properties@https://registry.npmjs.org/@babel/plugin-proposal-class-properties/-/plugin-proposal-class-properties-7.18.6.tgz. Extracting by manifest.
1186 silly tarball no local data for @babel/plugin-proposal-class-static-block@https://registry.npmjs.org/@babel/plugin-proposal-class-static-block/-/plugin-proposal-class-static-block-7.20.7.tgz. Extracting by manifest.
1187 silly tarball no local data for @babel/plugin-proposal-dynamic-import@https://registry.npmjs.org/@babel/plugin-proposal-dynamic-import/-/plugin-proposal-dynamic-import-7.18.6.tgz. Extracting by manifest.
1188 silly tarball no local data for @babel/plugin-proposal-async-generator-functions@https://registry.npmjs.org/@babel/plugin-proposal-async-generator-functions/-/plugin-proposal-async-generator-functions-7.20.7.tgz. Extracting by manifest.
1189 silly tarball no local data for @babel/plugin-bugfix-v8-spread-parameters-in-optional-chaining@https://registry.npmjs.org/@babel/plugin-bugfix-v8-spread-parameters-in-optional-chaining/-/plugin-bugfix-v8-spread-parameters-in-optional-chaining-7.20.7.tgz. Extracting by manifest.
1190 silly tarball no local data for @babel/parser@https://registry.npmjs.org/@babel/parser/-/parser-7.26.5.tgz. Extracting by manifest.
1191 silly tarball no local data for @babel/helpers@https://registry.npmjs.org/@babel/helpers/-/helpers-7.20.13.tgz. Extracting by manifest.
1192 silly tarball no local data for @babel/helper-wrap-function@https://registry.npmjs.org/@babel/helper-wrap-function/-/helper-wrap-function-7.20.5.tgz. Extracting by manifest.
1193 silly tarball no local data for @babel/helper-validator-option@https://registry.npmjs.org/@babel/helper-validator-option/-/helper-validator-option-7.18.6.tgz. Extracting by manifest.
1194 silly tarball no local data for @babel/helper-validator-identifier@https://registry.npmjs.org/@babel/helper-validator-identifier/-/helper-validator-identifier-7.25.9.tgz. Extracting by manifest.
1195 silly tarball no local data for @babel/helper-string-parser@https://registry.npmjs.org/@babel/helper-string-parser/-/helper-string-parser-7.25.9.tgz. Extracting by manifest.
1196 silly tarball no local data for @babel/helper-split-export-declaration@https://registry.npmjs.org/@babel/helper-split-export-declaration/-/helper-split-export-declaration-7.18.6.tgz. Extracting by manifest.
1197 silly tarball no local data for @babel/helper-skip-transparent-expression-wrappers@https://registry.npmjs.org/@babel/helper-skip-transparent-expression-wrappers/-/helper-skip-transparent-expression-wrappers-7.20.0.tgz. Extracting by manifest.
1198 silly tarball no local data for @babel/helper-simple-access@https://registry.npmjs.org/@babel/helper-simple-access/-/helper-simple-access-7.20.2.tgz. Extracting by manifest.
1199 silly tarball no local data for @babel/helper-replace-supers@https://registry.npmjs.org/@babel/helper-replace-supers/-/helper-replace-supers-7.20.7.tgz. Extracting by manifest.
1200 silly tarball no local data for @babel/helper-remap-async-to-generator@https://registry.npmjs.org/@babel/helper-remap-async-to-generator/-/helper-remap-async-to-generator-7.18.9.tgz. Extracting by manifest.
1201 silly tarball no local data for @babel/helper-plugin-utils@https://registry.npmjs.org/@babel/helper-plugin-utils/-/helper-plugin-utils-7.20.2.tgz. Extracting by manifest.
1202 silly tarball no local data for @babel/helper-optimise-call-expression@https://registry.npmjs.org/@babel/helper-optimise-call-expression/-/helper-optimise-call-expression-7.18.6.tgz. Extracting by manifest.
1203 silly tarball no local data for @babel/helper-module-transforms@https://registry.npmjs.org/@babel/helper-module-transforms/-/helper-module-transforms-7.20.11.tgz. Extracting by manifest.
1204 silly tarball no local data for @babel/helper-module-imports@https://registry.npmjs.org/@babel/helper-module-imports/-/helper-module-imports-7.18.6.tgz. Extracting by manifest.
1205 silly tarball no local data for @babel/helper-member-expression-to-functions@https://registry.npmjs.org/@babel/helper-member-expression-to-functions/-/helper-member-expression-to-functions-7.20.7.tgz. Extracting by manifest.
1206 silly tarball no local data for @babel/helper-hoist-variables@https://registry.npmjs.org/@babel/helper-hoist-variables/-/helper-hoist-variables-7.18.6.tgz. Extracting by manifest.
1207 silly tarball no local data for @babel/helper-function-name@https://registry.npmjs.org/@babel/helper-function-name/-/helper-function-name-7.19.0.tgz. Extracting by manifest.
1208 silly tarball no local data for @babel/helper-explode-assignable-expression@https://registry.npmjs.org/@babel/helper-explode-assignable-expression/-/helper-explode-assignable-expression-7.18.6.tgz. Extracting by manifest.
1209 silly tarball no local data for @babel/helper-environment-visitor@https://registry.npmjs.org/@babel/helper-environment-visitor/-/helper-environment-visitor-7.18.9.tgz. Extracting by manifest.
1210 silly tarball no local data for @babel/helper-define-polyfill-provider@https://registry.npmjs.org/@babel/helper-define-polyfill-provider/-/helper-define-polyfill-provider-0.3.3.tgz. Extracting by manifest.
1211 silly tarball no local data for @babel/helper-create-regexp-features-plugin@https://registry.npmjs.org/@babel/helper-create-regexp-features-plugin/-/helper-create-regexp-features-plugin-7.20.5.tgz. Extracting by manifest.
1212 silly tarball no local data for @babel/helper-create-class-features-plugin@https://registry.npmjs.org/@babel/helper-create-class-features-plugin/-/helper-create-class-features-plugin-7.20.12.tgz. Extracting by manifest.
1213 silly tarball no local data for @babel/helper-compilation-targets@https://registry.npmjs.org/@babel/helper-compilation-targets/-/helper-compilation-targets-7.20.7.tgz. Extracting by manifest.
1214 silly tarball no local data for @babel/helper-builder-binary-assignment-operator-visitor@https://registry.npmjs.org/@babel/helper-builder-binary-assignment-operator-visitor/-/helper-builder-binary-assignment-operator-visitor-7.18.9.tgz. Extracting by manifest.
1215 silly tarball no local data for @babel/helper-annotate-as-pure@https://registry.npmjs.org/@babel/helper-annotate-as-pure/-/helper-annotate-as-pure-7.18.6.tgz. Extracting by manifest.
1216 silly tarball no local data for @babel/generator@https://registry.npmjs.org/@babel/generator/-/generator-7.20.14.tgz. Extracting by manifest.
1217 silly tarball no local data for @babel/core@https://registry.npmjs.org/@babel/core/-/core-7.20.12.tgz. Extracting by manifest.
1218 silly tarball no local data for @babel/compat-data@https://registry.npmjs.org/@babel/compat-data/-/compat-data-7.20.14.tgz. Extracting by manifest.
1219 silly tarball no local data for @babel/code-frame@https://registry.npmjs.org/@babel/code-frame/-/code-frame-7.26.2.tgz. Extracting by manifest.
1220 silly tarball no local data for @auth0/angular-jwt@https://registry.npmjs.org/@auth0/angular-jwt/-/angular-jwt-5.2.0.tgz. Extracting by manifest.
1221 silly tarball no local data for @asymmetrik/ngx-leaflet@https://registry.npmjs.org/@asymmetrik/ngx-leaflet/-/ngx-leaflet-15.0.1.tgz. Extracting by manifest.
1222 silly tarball no local data for @assemblyscript/loader@https://registry.npmjs.org/@assemblyscript/loader/-/loader-0.10.1.tgz. Extracting by manifest.
1223 silly tarball no local data for @angular/router@https://registry.npmjs.org/@angular/router/-/router-15.1.2.tgz. Extracting by manifest.
1224 silly tarball no local data for @angular/platform-browser-dynamic@https://registry.npmjs.org/@angular/platform-browser-dynamic/-/platform-browser-dynamic-15.1.2.tgz. Extracting by manifest.
1225 silly tarball no local data for @angular/platform-browser@https://registry.npmjs.org/@angular/platform-browser/-/platform-browser-15.1.2.tgz. Extracting by manifest.
1226 silly tarball no local data for @angular/material@https://registry.npmjs.org/@angular/material/-/material-15.2.9.tgz. Extracting by manifest.
1227 silly tarball no local data for @angular/localize@https://registry.npmjs.org/@angular/localize/-/localize-15.1.2.tgz. Extracting by manifest.
1228 silly tarball no local data for @angular/language-service@https://registry.npmjs.org/@angular/language-service/-/language-service-15.1.2.tgz. Extracting by manifest.
1229 silly tarball no local data for @angular/forms@https://registry.npmjs.org/@angular/forms/-/forms-15.1.2.tgz. Extracting by manifest.
1230 silly tarball no local data for @angular/core@https://registry.npmjs.org/@angular/core/-/core-15.1.2.tgz. Extracting by manifest.
1231 silly tarball no local data for @angular/compiler-cli@https://registry.npmjs.org/@angular/compiler-cli/-/compiler-cli-15.1.2.tgz. Extracting by manifest.
1232 silly tarball no local data for @angular/compiler@https://registry.npmjs.org/@angular/compiler/-/compiler-15.1.2.tgz. Extracting by manifest.
1233 silly tarball no local data for @angular/common@https://registry.npmjs.org/@angular/common/-/common-15.1.2.tgz. Extracting by manifest.
1234 silly tarball no local data for @angular/cli@https://registry.npmjs.org/@angular/cli/-/cli-15.2.11.tgz. Extracting by manifest.
1235 silly tarball no local data for @angular/cdk@https://registry.npmjs.org/@angular/cdk/-/cdk-15.2.9.tgz. Extracting by manifest.
1236 silly tarball no local data for @angular/animations@https://registry.npmjs.org/@angular/animations/-/animations-15.1.2.tgz. Extracting by manifest.
1237 silly tarball no local data for @angular-devkit/schematics@https://registry.npmjs.org/@angular-devkit/schematics/-/schematics-15.2.11.tgz. Extracting by manifest.
1238 silly tarball no local data for @angular-devkit/core@https://registry.npmjs.org/@angular-devkit/core/-/core-15.2.11.tgz. Extracting by manifest.
1239 silly tarball no local data for @angular-devkit/build-webpack@https://registry.npmjs.org/@angular-devkit/build-webpack/-/build-webpack-0.1502.11.tgz. Extracting by manifest.
1240 silly tarball no local data for @angular-devkit/build-angular@https://registry.npmjs.org/@angular-devkit/build-angular/-/build-angular-15.2.11.tgz. Extracting by manifest.
1241 silly tarball no local data for @angular-devkit/architect@https://registry.npmjs.org/@angular-devkit/architect/-/architect-0.1502.11.tgz. Extracting by manifest.
1242 silly tarball no local data for @ampproject/remapping@https://registry.npmjs.org/@ampproject/remapping/-/remapping-2.2.0.tgz. Extracting by manifest.
1243 silly tarball no local data for @npmcli/fs@https://registry.npmjs.org/@npmcli/fs/-/fs-3.1.0.tgz. Extracting by manifest.
1244 silly tarball no local data for glob-to-regexp@https://registry.npmjs.org/glob-to-regexp/-/glob-to-regexp-0.4.1.tgz. Extracting by manifest.
1245 silly tarball no local data for @babel/plugin-bugfix-safari-id-destructuring-collision-in-function-expression@https://registry.npmjs.org/@babel/plugin-bugfix-safari-id-destructuring-collision-in-function-expression/-/plugin-bugfix-safari-id-destructuring-collision-in-function-expression-7.18.6.tgz. Extracting by manifest.
1246 silly tarball no local data for schema-utils@https://registry.npmjs.org/schema-utils/-/schema-utils-3.3.0.tgz. Extracting by manifest.
1247 silly tarball no local data for tslib@https://registry.npmjs.org/tslib/-/tslib-2.3.0.tgz. Extracting by manifest.
1248 silly tarball no local data for ajv-keywords@https://registry.npmjs.org/ajv-keywords/-/ajv-keywords-3.5.2.tgz. Extracting by manifest.
1249 silly tarball no local data for json-schema-traverse@https://registry.npmjs.org/json-schema-traverse/-/json-schema-traverse-0.4.1.tgz. Extracting by manifest.
1250 silly tarball no local data for ajv@https://registry.npmjs.org/ajv/-/ajv-6.12.6.tgz. Extracting by manifest.
1251 silly tarball no local data for semver@https://registry.npmjs.org/semver/-/semver-5.7.2.tgz. Extracting by manifest.
1252 silly tarball no local data for strip-ansi@https://registry.npmjs.org/strip-ansi/-/strip-ansi-3.0.1.tgz. Extracting by manifest.
1253 silly tarball no local data for webpack-dev-middleware@https://registry.npmjs.org/webpack-dev-middleware/-/webpack-dev-middleware-5.3.4.tgz. Extracting by manifest.
1254 silly tarball no local data for rimraf@https://registry.npmjs.org/rimraf/-/rimraf-2.7.1.tgz. Extracting by manifest.
1255 silly tarball no local data for supports-color@https://registry.npmjs.org/supports-color/-/supports-color-2.0.0.tgz. Extracting by manifest.
1256 silly tarball no local data for glob@https://registry.npmjs.org/glob/-/glob-7.2.3.tgz. Extracting by manifest.
1257 silly tarball no local data for ini@https://registry.npmjs.org/ini/-/ini-1.3.8.tgz. Extracting by manifest.
1258 silly tarball no local data for minimatch@https://registry.npmjs.org/minimatch/-/minimatch-3.1.2.tgz. Extracting by manifest.
1259 silly tarball no local data for chalk@https://registry.npmjs.org/chalk/-/chalk-1.1.3.tgz. Extracting by manifest.
1260 silly tarball no local data for ansi-styles@https://registry.npmjs.org/ansi-styles/-/ansi-styles-2.2.1.tgz. Extracting by manifest.
1261 silly tarball no local data for brace-expansion@https://registry.npmjs.org/brace-expansion/-/brace-expansion-1.1.11.tgz. Extracting by manifest.
1262 silly tarball no local data for ansi-regex@https://registry.npmjs.org/ansi-regex/-/ansi-regex-2.1.1.tgz. Extracting by manifest.
1263 silly tarball no local data for has-value@https://registry.npmjs.org/has-value/-/has-value-0.3.1.tgz. Extracting by manifest.
1264 silly tarball no local data for has-values@https://registry.npmjs.org/has-values/-/has-values-0.1.4.tgz. Extracting by manifest.
1265 silly tarball no local data for isobject@https://registry.npmjs.org/isobject/-/isobject-2.1.0.tgz. Extracting by manifest.
1266 silly tarball no local data for minipass-fetch@https://registry.npmjs.org/minipass-fetch/-/minipass-fetch-3.0.5.tgz. Extracting by manifest.
1267 silly tarball no local data for minipass@https://registry.npmjs.org/minipass/-/minipass-7.1.2.tgz. Extracting by manifest.
1268 silly tarball no local data for minipass@https://registry.npmjs.org/minipass/-/minipass-5.0.0.tgz. Extracting by manifest.
1269 silly tarball no local data for make-fetch-happen@https://registry.npmjs.org/make-fetch-happen/-/make-fetch-happen-11.1.1.tgz. Extracting by manifest.
1270 silly tarball no local data for lru-cache@https://registry.npmjs.org/lru-cache/-/lru-cache-7.18.3.tgz. Extracting by manifest.
1271 silly tarball no local data for tslib@https://registry.npmjs.org/tslib/-/tslib-1.14.1.tgz. Extracting by manifest.
1272 silly tarball no local data for supports-color@https://registry.npmjs.org/supports-color/-/supports-color-5.5.0.tgz. Extracting by manifest.
1273 silly tarball no local data for tslib@https://registry.npmjs.org/tslib/-/tslib-1.14.1.tgz. Extracting by manifest.
1274 silly tarball no local data for semver@https://registry.npmjs.org/semver/-/semver-5.7.2.tgz. Extracting by manifest.
1275 silly tarball no local data for minimatch@https://registry.npmjs.org/minimatch/-/minimatch-3.1.2.tgz. Extracting by manifest.
1276 silly tarball no local data for has-flag@https://registry.npmjs.org/has-flag/-/has-flag-3.0.0.tgz. Extracting by manifest.
1277 silly tarball no local data for glob@https://registry.npmjs.org/glob/-/glob-7.2.3.tgz. Extracting by manifest.
1278 silly tarball no local data for brace-expansion@https://registry.npmjs.org/brace-expansion/-/brace-expansion-1.1.11.tgz. Extracting by manifest.
1279 silly tarball no local data for chalk@https://registry.npmjs.org/chalk/-/chalk-2.4.2.tgz. Extracting by manifest.
1280 silly tarball no local data for ansi-styles@https://registry.npmjs.org/ansi-styles/-/ansi-styles-3.2.1.tgz. Extracting by manifest.
1281 silly tarball no local data for extend-shallow@https://registry.npmjs.org/extend-shallow/-/extend-shallow-3.0.2.tgz. Extracting by manifest.
1282 silly tarball no local data for is-extendable@https://registry.npmjs.org/is-extendable/-/is-extendable-1.0.1.tgz. Extracting by manifest.
1283 silly tarball no local data for is-descriptor@https://registry.npmjs.org/is-descriptor/-/is-descriptor-1.0.3.tgz. Extracting by manifest.
1284 silly tarball no local data for define-property@https://registry.npmjs.org/define-property/-/define-property-2.0.2.tgz. Extracting by manifest.
1285 silly tarball no local data for kind-of@https://registry.npmjs.org/kind-of/-/kind-of-3.2.2.tgz. Extracting by manifest.
1286 silly tarball no local data for string_decoder@https://registry.npmjs.org/string_decoder/-/string_decoder-1.1.1.tgz. Extracting by manifest.
1287 silly tarball no local data for safe-buffer@https://registry.npmjs.org/safe-buffer/-/safe-buffer-5.1.2.tgz. Extracting by manifest.
1288 silly tarball no local data for readable-stream@https://registry.npmjs.org/readable-stream/-/readable-stream-2.3.7.tgz. Extracting by manifest.
1289 silly tarball no local data for minimatch@https://registry.npmjs.org/minimatch/-/minimatch-3.1.2.tgz. Extracting by manifest.
1290 silly tarball no local data for glob@https://registry.npmjs.org/glob/-/glob-7.2.3.tgz. Extracting by manifest.
1291 silly tarball no local data for brace-expansion@https://registry.npmjs.org/brace-expansion/-/brace-expansion-1.1.11.tgz. Extracting by manifest.
1292 silly tarball no local data for terser@https://registry.npmjs.org/terser/-/terser-5.37.0.tgz. Extracting by manifest.
1293 silly tarball no local data for yallist@https://registry.npmjs.org/yallist/-/yallist-4.0.0.tgz. Extracting by manifest.
1294 silly tarball no local data for mkdirp@https://registry.npmjs.org/mkdirp/-/mkdirp-1.0.4.tgz. Extracting by manifest.
1295 silly tarball no local data for minipass@https://registry.npmjs.org/minipass/-/minipass-5.0.0.tgz. Extracting by manifest.
1296 silly tarball no local data for fs-minipass@https://registry.npmjs.org/fs-minipass/-/fs-minipass-2.1.0.tgz. Extracting by manifest.
1297 silly tarball no local data for minipass@https://registry.npmjs.org/minipass/-/minipass-3.3.6.tgz. Extracting by manifest.
1298 silly tarball no local data for svg.select.js@https://registry.npmjs.org/svg.select.js/-/svg.select.js-2.1.2.tgz. Extracting by manifest.
1299 silly tarball no local data for jsbn@https://registry.npmjs.org/jsbn/-/jsbn-0.1.1.tgz. Extracting by manifest.
1300 silly tarball no local data for is-extendable@https://registry.npmjs.org/is-extendable/-/is-extendable-1.0.1.tgz. Extracting by manifest.
1301 silly tarball no local data for extend-shallow@https://registry.npmjs.org/extend-shallow/-/extend-shallow-3.0.2.tgz. Extracting by manifest.
1302 silly tarball no local data for source-map@https://registry.npmjs.org/source-map/-/source-map-0.6.1.tgz. Extracting by manifest.
1303 silly tarball no local data for iconv-lite@https://registry.npmjs.org/iconv-lite/-/iconv-lite-0.6.3.tgz. Extracting by manifest.
1304 silly tarball no local data for uuid@https://registry.npmjs.org/uuid/-/uuid-8.3.2.tgz. Extracting by manifest.
1305 silly tarball no local data for kind-of@https://registry.npmjs.org/kind-of/-/kind-of-3.2.2.tgz. Extracting by manifest.
1306 silly tarball no local data for is-descriptor@https://registry.npmjs.org/is-descriptor/-/is-descriptor-1.0.3.tgz. Extracting by manifest.
1307 silly tarball no local data for define-property@https://registry.npmjs.org/define-property/-/define-property-1.0.0.tgz. Extracting by manifest.
1308 silly tarball no local data for source-map@https://registry.npmjs.org/source-map/-/source-map-0.5.7.tgz. Extracting by manifest.
1309 silly tarball no local data for ms@https://registry.npmjs.org/ms/-/ms-2.0.0.tgz. Extracting by manifest.
1310 silly tarball no local data for debug@https://registry.npmjs.org/debug/-/debug-2.6.9.tgz. Extracting by manifest.
1311 silly tarball no local data for minipass-fetch@https://registry.npmjs.org/minipass-fetch/-/minipass-fetch-3.0.5.tgz. Extracting by manifest.
1312 silly tarball no local data for minipass@https://registry.npmjs.org/minipass/-/minipass-5.0.0.tgz. Extracting by manifest.
1313 silly tarball no local data for minipass@https://registry.npmjs.org/minipass/-/minipass-7.1.2.tgz. Extracting by manifest.
1314 silly tarball no local data for make-fetch-happen@https://registry.npmjs.org/make-fetch-happen/-/make-fetch-happen-11.1.1.tgz. Extracting by manifest.
1315 silly tarball no local data for lru-cache@https://registry.npmjs.org/lru-cache/-/lru-cache-7.18.3.tgz. Extracting by manifest.
1316 silly tarball no local data for encodeurl@https://registry.npmjs.org/encodeurl/-/encodeurl-2.0.0.tgz. Extracting by manifest.
1317 silly tarball no local data for setprototypeof@https://registry.npmjs.org/setprototypeof/-/setprototypeof-1.1.0.tgz. Extracting by manifest.
1318 silly tarball no local data for ms@https://registry.npmjs.org/ms/-/ms-2.0.0.tgz. Extracting by manifest.
1319 silly tarball no local data for inherits@https://registry.npmjs.org/inherits/-/inherits-2.0.3.tgz. Extracting by manifest.
1320 silly tarball no local data for http-errors@https://registry.npmjs.org/http-errors/-/http-errors-1.6.3.tgz. Extracting by manifest.
1321 silly tarball no local data for depd@https://registry.npmjs.org/depd/-/depd-1.1.2.tgz. Extracting by manifest.
1322 silly tarball no local data for debug@https://registry.npmjs.org/debug/-/debug-2.6.9.tgz. Extracting by manifest.
1323 silly tarball no local data for statuses@https://registry.npmjs.org/statuses/-/statuses-2.0.1.tgz. Extracting by manifest.
1324 silly tarball no local data for ms@https://registry.npmjs.org/ms/-/ms-2.1.3.tgz. Extracting by manifest.
1325 silly tarball no local data for mime@https://registry.npmjs.org/mime/-/mime-1.6.0.tgz. Extracting by manifest.
1326 silly tarball no local data for debug@https://registry.npmjs.org/debug/-/debug-2.6.9.tgz. Extracting by manifest.
1327 silly tarball no local data for ms@https://registry.npmjs.org/ms/-/ms-2.0.0.tgz. Extracting by manifest.
1328 silly tarball no local data for semver@https://registry.npmjs.org/semver/-/semver-5.7.2.tgz. Extracting by manifest.
1329 silly tarball no local data for yallist@https://registry.npmjs.org/yallist/-/yallist-4.0.0.tgz. Extracting by manifest.
1330 silly tarball no local data for semver@https://registry.npmjs.org/semver/-/semver-5.7.2.tgz. Extracting by manifest.
1331 silly tarball no local data for lru-cache@https://registry.npmjs.org/lru-cache/-/lru-cache-6.0.0.tgz. Extracting by manifest.
1332 silly tarball no local data for tmp@https://registry.npmjs.org/tmp/-/tmp-0.0.30.tgz. Extracting by manifest.
1333 silly tarball no local data for rimraf@https://registry.npmjs.org/rimraf/-/rimraf-2.7.1.tgz. Extracting by manifest.
1334 silly tarball no local data for minimatch@https://registry.npmjs.org/minimatch/-/minimatch-3.1.2.tgz. Extracting by manifest.
1335 silly tarball no local data for glob@https://registry.npmjs.org/glob/-/glob-7.2.3.tgz. Extracting by manifest.
1336 silly tarball no local data for brace-expansion@https://registry.npmjs.org/brace-expansion/-/brace-expansion-1.1.11.tgz. Extracting by manifest.
1337 silly tarball no local data for https-proxy-agent@https://registry.npmjs.org/https-proxy-agent/-/https-proxy-agent-2.2.4.tgz. Extracting by manifest.
1338 silly tarball no local data for debug@https://registry.npmjs.org/debug/-/debug-3.2.7.tgz. Extracting by manifest.
1339 silly tarball no local data for agent-base@https://registry.npmjs.org/agent-base/-/agent-base-4.3.0.tgz. Extracting by manifest.
1340 silly tarball no local data for yargs-parser@https://registry.npmjs.org/yargs-parser/-/yargs-parser-18.1.3.tgz. Extracting by manifest.
1341 silly tarball no local data for yargs@https://registry.npmjs.org/yargs/-/yargs-15.4.1.tgz. Extracting by manifest.
1342 silly tarball no local data for y18n@https://registry.npmjs.org/y18n/-/y18n-4.0.3.tgz. Extracting by manifest.
1343 silly tarball no local data for wrap-ansi@https://registry.npmjs.org/wrap-ansi/-/wrap-ansi-6.2.0.tgz. Extracting by manifest.
1344 silly tarball no local data for color-convert@https://registry.npmjs.org/color-convert/-/color-convert-2.0.1.tgz. Extracting by manifest.
1345 silly tarball no local data for ansi-styles@https://registry.npmjs.org/ansi-styles/-/ansi-styles-4.3.0.tgz. Extracting by manifest.
1346 silly tarball no local data for supports-color@https://registry.npmjs.org/supports-color/-/supports-color-5.5.0.tgz. Extracting by manifest.
1347 silly tarball no local data for has-flag@https://registry.npmjs.org/has-flag/-/has-flag-3.0.0.tgz. Extracting by manifest.
1348 silly tarball no local data for cliui@https://registry.npmjs.org/cliui/-/cliui-6.0.0.tgz. Extracting by manifest.
1349 silly tarball no local data for chalk@https://registry.npmjs.org/chalk/-/chalk-2.4.2.tgz. Extracting by manifest.
1350 silly tarball no local data for ansi-styles@https://registry.npmjs.org/ansi-styles/-/ansi-styles-3.2.1.tgz. Extracting by manifest.
1351 silly tarball no local data for aproba@https://registry.npmjs.org/aproba/-/aproba-1.2.0.tgz. Extracting by manifest.
1352 silly tarball no local data for glob@https://registry.npmjs.org/glob/-/glob-7.2.3.tgz. Extracting by manifest.
1353 silly tarball no local data for minimatch@https://registry.npmjs.org/minimatch/-/minimatch-3.1.2.tgz. Extracting by manifest.
1354 silly tarball no local data for brace-expansion@https://registry.npmjs.org/brace-expansion/-/brace-expansion-1.1.11.tgz. Extracting by manifest.
1355 silly tarball no local data for source-map@https://registry.npmjs.org/source-map/-/source-map-0.6.1.tgz. Extracting by manifest.
1356 silly tarball no local data for loader-utils@https://registry.npmjs.org/loader-utils/-/loader-utils-2.0.4.tgz. Extracting by manifest.
1357 silly tarball no local data for qs@https://registry.npmjs.org/qs/-/qs-6.5.3.tgz. Extracting by manifest.
1358 silly tarball no local data for jsesc@https://registry.npmjs.org/jsesc/-/jsesc-0.5.0.tgz. Extracting by manifest.
1359 silly tarball no local data for is-extendable@https://registry.npmjs.org/is-extendable/-/is-extendable-1.0.1.tgz. Extracting by manifest.
1360 silly tarball no local data for extend-shallow@https://registry.npmjs.org/extend-shallow/-/extend-shallow-3.0.2.tgz. Extracting by manifest.
1361 silly tarball no local data for json-parse-even-better-errors@https://registry.npmjs.org/json-parse-even-better-errors/-/json-parse-even-better-errors-3.0.2.tgz. Extracting by manifest.
1362 silly tarball no local data for minipass@https://registry.npmjs.org/minipass/-/minipass-7.1.2.tgz. Extracting by manifest.
1363 silly tarball no local data for minimatch@https://registry.npmjs.org/minimatch/-/minimatch-9.0.5.tgz. Extracting by manifest.
1364 silly tarball no local data for json-parse-even-better-errors@https://registry.npmjs.org/json-parse-even-better-errors/-/json-parse-even-better-errors-3.0.2.tgz. Extracting by manifest.
1365 silly tarball no local data for glob@https://registry.npmjs.org/glob/-/glob-10.4.5.tgz. Extracting by manifest.
1366 silly tarball no local data for pump@https://registry.npmjs.org/pump/-/pump-2.0.1.tgz. Extracting by manifest.
1367 silly tarball no local data for ipaddr.js@https://registry.npmjs.org/ipaddr.js/-/ipaddr.js-1.9.1.tgz. Extracting by manifest.
1368 silly tarball no local data for yargs@https://registry.npmjs.org/yargs/-/yargs-15.4.1.tgz. Extracting by manifest.
1369 silly tarball no local data for yargs-parser@https://registry.npmjs.org/yargs-parser/-/yargs-parser-18.1.3.tgz. Extracting by manifest.
1370 silly tarball no local data for y18n@https://registry.npmjs.org/y18n/-/y18n-4.0.3.tgz. Extracting by manifest.
1371 silly tarball no local data for wrap-ansi@https://registry.npmjs.org/wrap-ansi/-/wrap-ansi-6.2.0.tgz. Extracting by manifest.
1372 silly tarball no local data for strip-ansi@https://registry.npmjs.org/strip-ansi/-/strip-ansi-6.0.1.tgz. Extracting by manifest.
1373 silly tarball no local data for ansi-styles@https://registry.npmjs.org/ansi-styles/-/ansi-styles-4.3.0.tgz. Extracting by manifest.
1374 silly tarball no local data for ansi-regex@https://registry.npmjs.org/ansi-regex/-/ansi-regex-5.0.1.tgz. Extracting by manifest.
1375 silly tarball no local data for supports-color@https://registry.npmjs.org/supports-color/-/supports-color-2.0.0.tgz. Extracting by manifest.
1376 silly tarball no local data for strip-ansi@https://registry.npmjs.org/strip-ansi/-/strip-ansi-3.0.1.tgz. Extracting by manifest.
1377 silly tarball no local data for source-map-support@https://registry.npmjs.org/source-map-support/-/source-map-support-0.4.18.tgz. Extracting by manifest.
1378 silly tarball no local data for source-map@https://registry.npmjs.org/source-map/-/source-map-0.5.7.tgz. Extracting by manifest.
1379 silly tarball no local data for minimatch@https://registry.npmjs.org/minimatch/-/minimatch-3.1.2.tgz. Extracting by manifest.
1380 silly tarball no local data for glob@https://registry.npmjs.org/glob/-/glob-7.2.3.tgz. Extracting by manifest.
1381 silly tarball no local data for color-convert@https://registry.npmjs.org/color-convert/-/color-convert-2.0.1.tgz. Extracting by manifest.
1382 silly tarball no local data for cliui@https://registry.npmjs.org/cliui/-/cliui-6.0.0.tgz. Extracting by manifest.
1383 silly tarball no local data for strip-ansi@https://registry.npmjs.org/strip-ansi/-/strip-ansi-6.0.1.tgz. Extracting by manifest.
1384 silly tarball no local data for ansi-regex@https://registry.npmjs.org/ansi-regex/-/ansi-regex-5.0.1.tgz. Extracting by manifest.
1385 silly tarball no local data for chalk@https://registry.npmjs.org/chalk/-/chalk-1.1.3.tgz. Extracting by manifest.
1386 silly tarball no local data for brace-expansion@https://registry.npmjs.org/brace-expansion/-/brace-expansion-1.1.11.tgz. Extracting by manifest.
1387 silly tarball no local data for ansi-styles@https://registry.npmjs.org/ansi-styles/-/ansi-styles-2.2.1.tgz. Extracting by manifest.
1388 silly tarball no local data for ansi-regex@https://registry.npmjs.org/ansi-regex/-/ansi-regex-2.1.1.tgz. Extracting by manifest.
1389 silly tarball no local data for minipass@https://registry.npmjs.org/minipass/-/minipass-7.1.2.tgz. Extracting by manifest.
1390 silly tarball no local data for lru-cache@https://registry.npmjs.org/lru-cache/-/lru-cache-10.4.3.tgz. Extracting by manifest.
1391 silly tarball no local data for parse5@https://registry.npmjs.org/parse5/-/parse5-7.2.1.tgz. Extracting by manifest.
1392 silly tarball no local data for entities@https://registry.npmjs.org/entities/-/entities-4.5.0.tgz. Extracting by manifest.
1393 silly tarball no local data for parse5@https://registry.npmjs.org/parse5/-/parse5-7.2.1.tgz. Extracting by manifest.
1394 silly tarball no local data for entities@https://registry.npmjs.org/entities/-/entities-4.5.0.tgz. Extracting by manifest.
1395 silly tarball no local data for string_decoder@https://registry.npmjs.org/string_decoder/-/string_decoder-1.1.1.tgz. Extracting by manifest.
1396 silly tarball no local data for safe-buffer@https://registry.npmjs.org/safe-buffer/-/safe-buffer-5.1.2.tgz. Extracting by manifest.
1397 silly tarball no local data for readable-stream@https://registry.npmjs.org/readable-stream/-/readable-stream-2.3.8.tgz. Extracting by manifest.
1398 silly tarball no local data for retry@https://registry.npmjs.org/retry/-/retry-0.13.1.tgz. Extracting by manifest.
1399 silly tarball no local data for is-wsl@https://registry.npmjs.org/is-wsl/-/is-wsl-1.1.0.tgz. Extracting by manifest.
1400 silly tarball no local data for kind-of@https://registry.npmjs.org/kind-of/-/kind-of-3.2.2.tgz. Extracting by manifest.
1401 silly tarball no local data for minipass-fetch@https://registry.npmjs.org/minipass-fetch/-/minipass-fetch-3.0.5.tgz. Extracting by manifest.
1402 silly tarball no local data for minipass@https://registry.npmjs.org/minipass/-/minipass-7.1.2.tgz. Extracting by manifest.
1403 silly tarball no local data for minipass@https://registry.npmjs.org/minipass/-/minipass-5.0.0.tgz. Extracting by manifest.
1404 silly tarball no local data for make-fetch-happen@https://registry.npmjs.org/make-fetch-happen/-/make-fetch-happen-11.1.1.tgz. Extracting by manifest.
1405 silly tarball no local data for lru-cache@https://registry.npmjs.org/lru-cache/-/lru-cache-7.18.3.tgz. Extracting by manifest.
1406 silly tarball no local data for validate-npm-package-name@https://registry.npmjs.org/validate-npm-package-name/-/validate-npm-package-name-3.0.0.tgz. Extracting by manifest.
1407 silly tarball no local data for strip-ansi@https://registry.npmjs.org/strip-ansi/-/strip-ansi-3.0.1.tgz. Extracting by manifest.
1408 silly tarball no local data for string-width@https://registry.npmjs.org/string-width/-/string-width-1.0.2.tgz. Extracting by manifest.
1409 silly tarball no local data for string_decoder@https://registry.npmjs.org/string_decoder/-/string_decoder-1.1.1.tgz. Extracting by manifest.
1410 silly tarball no local data for ssri@https://registry.npmjs.org/ssri/-/ssri-5.3.0.tgz. Extracting by manifest.
1411 silly tarball no local data for semver@https://registry.npmjs.org/semver/-/semver-5.7.2.tgz. Extracting by manifest.
1412 silly tarball no local data for safe-buffer@https://registry.npmjs.org/safe-buffer/-/safe-buffer-5.1.2.tgz. Extracting by manifest.
1413 silly tarball no local data for retry@https://registry.npmjs.org/retry/-/retry-0.10.1.tgz. Extracting by manifest.
1414 silly tarball no local data for readable-stream@https://registry.npmjs.org/readable-stream/-/readable-stream-2.3.8.tgz. Extracting by manifest.
1415 silly tarball no local data for npmlog@https://registry.npmjs.org/npmlog/-/npmlog-4.1.2.tgz. Extracting by manifest.
1416 silly tarball no local data for npm-package-arg@https://registry.npmjs.org/npm-package-arg/-/npm-package-arg-6.1.1.tgz. Extracting by manifest.
1417 silly tarball no local data for normalize-package-data@https://registry.npmjs.org/normalize-package-data/-/normalize-package-data-2.5.0.tgz. Extracting by manifest.
1418 silly tarball no local data for is-fullwidth-code-point@https://registry.npmjs.org/is-fullwidth-code-point/-/is-fullwidth-code-point-1.0.0.tgz. Extracting by manifest.
1419 silly tarball no local data for hosted-git-info@https://registry.npmjs.org/hosted-git-info/-/hosted-git-info-2.8.9.tgz. Extracting by manifest.
1420 silly tarball no local data for gauge@https://registry.npmjs.org/gauge/-/gauge-2.7.4.tgz. Extracting by manifest.
1421 silly tarball no local data for are-we-there-yet@https://registry.npmjs.org/are-we-there-yet/-/are-we-there-yet-1.1.7.tgz. Extracting by manifest.
1422 silly tarball no local data for aproba@https://registry.npmjs.org/aproba/-/aproba-1.2.0.tgz. Extracting by manifest.
1423 silly tarball no local data for ansi-regex@https://registry.npmjs.org/ansi-regex/-/ansi-regex-2.1.1.tgz. Extracting by manifest.
1424 silly tarball no local data for which@https://registry.npmjs.org/which/-/which-2.0.2.tgz. Extracting by manifest.
1425 silly tarball no local data for minimatch@https://registry.npmjs.org/minimatch/-/minimatch-3.1.2.tgz. Extracting by manifest.
1426 silly tarball no local data for glob@https://registry.npmjs.org/glob/-/glob-7.2.3.tgz. Extracting by manifest.
1427 silly tarball no local data for brace-expansion@https://registry.npmjs.org/brace-expansion/-/brace-expansion-1.1.11.tgz. Extracting by manifest.
1428 silly tarball no local data for @types/youtube@https://registry.npmjs.org/@types/youtube/-/youtube-0.0.46.tgz. Extracting by manifest.
1429 silly tarball no local data for y18n@https://registry.npmjs.org/y18n/-/y18n-4.0.3.tgz. Extracting by manifest.
1430 silly tarball no local data for uri-js@https://registry.npmjs.org/uri-js/-/uri-js-3.0.2.tgz. Extracting by manifest.
1431 silly tarball no local data for validate-npm-package-name@https://registry.npmjs.org/validate-npm-package-name/-/validate-npm-package-name-3.0.0.tgz. Extracting by manifest.
1432 silly tarball no local data for yargs-parser@https://registry.npmjs.org/yargs-parser/-/yargs-parser-10.1.0.tgz. Extracting by manifest.
1433 silly tarball no local data for unique-slug@https://registry.npmjs.org/unique-slug/-/unique-slug-2.0.2.tgz. Extracting by manifest.
1434 silly tarball no local data for typescript@https://registry.npmjs.org/typescript/-/typescript-2.9.2.tgz. Extracting by manifest.
1435 silly tarball no local data for unique-filename@https://registry.npmjs.org/unique-filename/-/unique-filename-1.1.1.tgz. Extracting by manifest.
1436 silly tarball no local data for tslib@https://registry.npmjs.org/tslib/-/tslib-1.14.1.tgz. Extracting by manifest.
1437 silly tarball no local data for to-regex-range@https://registry.npmjs.org/to-regex-range/-/to-regex-range-2.1.1.tgz. Extracting by manifest.
1438 silly tarball no local data for tar@https://registry.npmjs.org/tar/-/tar-4.4.19.tgz. Extracting by manifest.
1439 silly tarball no local data for string_decoder@https://registry.npmjs.org/string_decoder/-/string_decoder-1.1.1.tgz. Extracting by manifest.
1440 silly tarball no local data for symbol-observable@https://registry.npmjs.org/symbol-observable/-/symbol-observable-1.2.0.tgz. Extracting by manifest.
1441 silly tarball no local data for safe-buffer@https://registry.npmjs.org/safe-buffer/-/safe-buffer-5.1.2.tgz. Extracting by manifest.
1442 silly tarball no local data for ssri@https://registry.npmjs.org/ssri/-/ssri-6.0.2.tgz. Extracting by manifest.
1443 silly tarball no local data for source-map@https://registry.npmjs.org/source-map/-/source-map-0.5.7.tgz. Extracting by manifest.
1444 silly tarball no local data for socks-proxy-agent@https://registry.npmjs.org/socks-proxy-agent/-/socks-proxy-agent-4.0.2.tgz. Extracting by manifest.
1445 silly tarball no local data for socks@https://registry.npmjs.org/socks/-/socks-2.3.3.tgz. Extracting by manifest.
1446 silly tarball no local data for agent-base@https://registry.npmjs.org/agent-base/-/agent-base-4.2.1.tgz. Extracting by manifest.
1447 silly tarball no local data for semver@https://registry.npmjs.org/semver/-/semver-5.6.0.tgz. Extracting by manifest.
1448 silly tarball no local data for rxjs@https://registry.npmjs.org/rxjs/-/rxjs-6.2.2.tgz. Extracting by manifest.
1449 silly tarball no local data for rimraf@https://registry.npmjs.org/rimraf/-/rimraf-2.7.1.tgz. Extracting by manifest.
1450 silly tarball no local data for retry@https://registry.npmjs.org/retry/-/retry-0.10.1.tgz. Extracting by manifest.
1451 silly tarball no local data for readdirp@https://registry.npmjs.org/readdirp/-/readdirp-2.2.1.tgz. Extracting by manifest.
1452 silly tarball no local data for readable-stream@https://registry.npmjs.org/readable-stream/-/readable-stream-2.3.8.tgz. Extracting by manifest.
1453 silly tarball no local data for safe-buffer@https://registry.npmjs.org/safe-buffer/-/safe-buffer-5.1.2.tgz. Extracting by manifest.
1454 silly tarball no local data for promise-retry@https://registry.npmjs.org/promise-retry/-/promise-retry-1.1.1.tgz. Extracting by manifest.
1455 silly tarball no local data for pacote@https://registry.npmjs.org/pacote/-/pacote-9.2.3.tgz. Extracting by manifest.
1456 silly tarball no local data for yallist@https://registry.npmjs.org/yallist/-/yallist-2.1.2.tgz. Extracting by manifest.
1457 silly tarball no local data for npm-registry-fetch@https://registry.npmjs.org/npm-registry-fetch/-/npm-registry-fetch-3.9.1.tgz. Extracting by manifest.
1458 silly tarball no local data for lru-cache@https://registry.npmjs.org/lru-cache/-/lru-cache-4.1.5.tgz. Extracting by manifest.
1459 silly tarball no local data for npm-pick-manifest@https://registry.npmjs.org/npm-pick-manifest/-/npm-pick-manifest-2.2.3.tgz. Extracting by manifest.
1460 silly tarball no local data for npm-packlist@https://registry.npmjs.org/npm-packlist/-/npm-packlist-1.4.8.tgz. Extracting by manifest.
1461 silly tarball no local data for npm-package-arg@https://registry.npmjs.org/npm-package-arg/-/npm-package-arg-6.1.0.tgz. Extracting by manifest.
1462 silly tarball no local data for npm-normalize-package-bin@https://registry.npmjs.org/npm-normalize-package-bin/-/npm-normalize-package-bin-1.0.1.tgz. Extracting by manifest.
1463 silly tarball no local data for npm-bundled@https://registry.npmjs.org/npm-bundled/-/npm-bundled-1.1.2.tgz. Extracting by manifest.
1464 silly tarball no local data for normalize-path@https://registry.npmjs.org/normalize-path/-/normalize-path-2.1.1.tgz. Extracting by manifest.
1465 silly tarball no local data for normalize-package-data@https://registry.npmjs.org/normalize-package-data/-/normalize-package-data-2.5.0.tgz. Extracting by manifest.
1466 silly tarball no local data for ms@https://registry.npmjs.org/ms/-/ms-2.0.0.tgz. Extracting by manifest.
1467 silly tarball no local data for minizlib@https://registry.npmjs.org/minizlib/-/minizlib-1.3.3.tgz. Extracting by manifest.
1468 silly tarball no local data for minipass@https://registry.npmjs.org/minipass/-/minipass-2.9.0.tgz. Extracting by manifest.
1469 silly tarball no local data for minimatch@https://registry.npmjs.org/minimatch/-/minimatch-3.1.2.tgz. Extracting by manifest.
1470 silly tarball no local data for micromatch@https://registry.npmjs.org/micromatch/-/micromatch-3.1.10.tgz. Extracting by manifest.
1471 silly tarball no local data for extend-shallow@https://registry.npmjs.org/extend-shallow/-/extend-shallow-3.0.2.tgz. Extracting by manifest.
1472 silly tarball no local data for make-fetch-happen@https://registry.npmjs.org/make-fetch-happen/-/make-fetch-happen-4.0.2.tgz. Extracting by manifest.
1473 silly tarball no local data for json-schema-traverse@https://registry.npmjs.org/json-schema-traverse/-/json-schema-traverse-0.4.1.tgz. Extracting by manifest.
1474 silly tarball no local data for is-number@https://registry.npmjs.org/is-number/-/is-number-3.0.0.tgz. Extracting by manifest.
1475 silly tarball no local data for is-extendable@https://registry.npmjs.org/is-extendable/-/is-extendable-1.0.1.tgz. Extracting by manifest.
1476 silly tarball no local data for kind-of@https://registry.npmjs.org/kind-of/-/kind-of-3.2.2.tgz. Extracting by manifest.
1477 silly tarball no local data for is-descriptor@https://registry.npmjs.org/is-descriptor/-/is-descriptor-1.0.3.tgz. Extracting by manifest.
1478 silly tarball no local data for is-binary-path@https://registry.npmjs.org/is-binary-path/-/is-binary-path-1.0.1.tgz. Extracting by manifest.
1479 silly tarball no local data for ini@https://registry.npmjs.org/ini/-/ini-1.3.5.tgz. Extracting by manifest.
1480 silly tarball no local data for ignore-walk@https://registry.npmjs.org/ignore-walk/-/ignore-walk-3.0.4.tgz. Extracting by manifest.
1481 silly tarball no local data for https-proxy-agent@https://registry.npmjs.org/https-proxy-agent/-/https-proxy-agent-2.2.4.tgz. Extracting by manifest.
1482 silly tarball no local data for http-proxy-agent@https://registry.npmjs.org/http-proxy-agent/-/http-proxy-agent-2.1.0.tgz. Extracting by manifest.
1483 silly tarball no local data for http-cache-semantics@https://registry.npmjs.org/http-cache-semantics/-/http-cache-semantics-3.8.1.tgz. Extracting by manifest.
1484 silly tarball no local data for hosted-git-info@https://registry.npmjs.org/hosted-git-info/-/hosted-git-info-2.8.9.tgz. Extracting by manifest.
1485 silly tarball no local data for glob-parent@https://registry.npmjs.org/glob-parent/-/glob-parent-3.1.0.tgz. Extracting by manifest.
1486 silly tarball no local data for is-glob@https://registry.npmjs.org/is-glob/-/is-glob-3.1.0.tgz. Extracting by manifest.
1487 silly tarball no local data for glob@https://registry.npmjs.org/glob/-/glob-7.2.3.tgz. Extracting by manifest.
1488 silly tarball no local data for get-stream@https://registry.npmjs.org/get-stream/-/get-stream-4.1.0.tgz. Extracting by manifest.
1489 silly tarball no local data for fs-minipass@https://registry.npmjs.org/fs-minipass/-/fs-minipass-1.2.7.tgz. Extracting by manifest.
1490 silly tarball no local data for fill-range@https://registry.npmjs.org/fill-range/-/fill-range-4.0.0.tgz. Extracting by manifest.
1491 silly tarball no local data for fast-deep-equal@https://registry.npmjs.org/fast-deep-equal/-/fast-deep-equal-1.1.0.tgz. Extracting by manifest.
1492 silly tarball no local data for err-code@https://registry.npmjs.org/err-code/-/err-code-1.1.2.tgz. Extracting by manifest.
1493 silly tarball no local data for define-property@https://registry.npmjs.org/define-property/-/define-property-2.0.2.tgz. Extracting by manifest.
1494 silly tarball no local data for debug@https://registry.npmjs.org/debug/-/debug-3.1.0.tgz. Extracting by manifest.
1495 silly tarball no local data for chownr@https://registry.npmjs.org/chownr/-/chownr-1.1.4.tgz. Extracting by manifest.
1496 silly tarball no local data for chokidar@https://registry.npmjs.org/chokidar/-/chokidar-2.0.4.tgz. Extracting by manifest.
1497 silly tarball no local data for camelcase@https://registry.npmjs.org/camelcase/-/camelcase-4.1.0.tgz. Extracting by manifest.
1498 silly tarball no local data for cacache@https://registry.npmjs.org/cacache/-/cacache-11.3.3.tgz. Extracting by manifest.
1499 silly tarball no local data for braces@https://registry.npmjs.org/braces/-/braces-2.3.2.tgz. Extracting by manifest.
1500 silly tarball no local data for brace-expansion@https://registry.npmjs.org/brace-expansion/-/brace-expansion-1.1.11.tgz. Extracting by manifest.
1501 silly tarball no local data for binary-extensions@https://registry.npmjs.org/binary-extensions/-/binary-extensions-1.13.1.tgz. Extracting by manifest.
1502 silly tarball no local data for anymatch@https://registry.npmjs.org/anymatch/-/anymatch-2.0.0.tgz. Extracting by manifest.
1503 silly tarball no local data for ajv@https://registry.npmjs.org/ajv/-/ajv-6.4.0.tgz. Extracting by manifest.
1504 silly tarball no local data for json-schema-traverse@https://registry.npmjs.org/json-schema-traverse/-/json-schema-traverse-0.3.1.tgz. Extracting by manifest.
1505 silly tarball no local data for agentkeepalive@https://registry.npmjs.org/agentkeepalive/-/agentkeepalive-3.5.3.tgz. Extracting by manifest.
1506 silly tarball no local data for agent-base@https://registry.npmjs.org/agent-base/-/agent-base-4.3.0.tgz. Extracting by manifest.
1507 silly tarball no local data for @schematics/angular@https://registry.npmjs.org/@schematics/angular/-/angular-0.8.9.tgz. Extracting by manifest.
1508 silly tarball no local data for @angular/cli@https://registry.npmjs.org/@angular/cli/-/cli-6.2.9.tgz. Extracting by manifest.
1509 silly tarball no local data for @angular-devkit/schematics@https://registry.npmjs.org/@angular-devkit/schematics/-/schematics-0.8.9.tgz. Extracting by manifest.
1510 silly tarball no local data for @angular-devkit/core@https://registry.npmjs.org/@angular-devkit/core/-/core-0.8.9.tgz. Extracting by manifest.
1511 silly tarball no local data for tslib@https://registry.npmjs.org/tslib/-/tslib-1.14.1.tgz. Extracting by manifest.
1512 silly tarball no local data for tslib@https://registry.npmjs.org/tslib/-/tslib-1.14.1.tgz. Extracting by manifest.
1513 silly tarball no local data for @angular-devkit/architect@https://registry.npmjs.org/@angular-devkit/architect/-/architect-0.8.9.tgz. Extracting by manifest.
1514 silly tarball no local data for rxjs@https://registry.npmjs.org/rxjs/-/rxjs-5.5.12.tgz. Extracting by manifest.
1515 silly tarball no local data for tslib@https://registry.npmjs.org/tslib/-/tslib-2.4.1.tgz. Extracting by manifest.
1516 silly tarball no local data for iconv-lite@https://registry.npmjs.org/iconv-lite/-/iconv-lite-0.6.3.tgz. Extracting by manifest.
1517 silly tarball no local data for debug@https://registry.npmjs.org/debug/-/debug-3.2.7.tgz. Extracting by manifest.
1518 silly tarball no local data for is-extendable@https://registry.npmjs.org/is-extendable/-/is-extendable-1.0.1.tgz. Extracting by manifest.
1519 silly tarball no local data for is-descriptor@https://registry.npmjs.org/is-descriptor/-/is-descriptor-1.0.3.tgz. Extracting by manifest.
1520 silly tarball no local data for extend-shallow@https://registry.npmjs.org/extend-shallow/-/extend-shallow-3.0.2.tgz. Extracting by manifest.
1521 silly tarball no local data for define-property@https://registry.npmjs.org/define-property/-/define-property-2.0.2.tgz. Extracting by manifest.
1522 silly tarball no local data for rimraf@https://registry.npmjs.org/rimraf/-/rimraf-2.7.1.tgz. Extracting by manifest.
1523 silly tarball no local data for glob@https://registry.npmjs.org/glob/-/glob-7.2.3.tgz. Extracting by manifest.
1524 silly tarball no local data for minimatch@https://registry.npmjs.org/minimatch/-/minimatch-3.1.2.tgz. Extracting by manifest.
1525 silly tarball no local data for brace-expansion@https://registry.npmjs.org/brace-expansion/-/brace-expansion-1.1.11.tgz. Extracting by manifest.
1526 silly tarball no local data for aproba@https://registry.npmjs.org/aproba/-/aproba-1.2.0.tgz. Extracting by manifest.
1527 silly tarball no local data for is-extendable@https://registry.npmjs.org/is-extendable/-/is-extendable-1.0.1.tgz. Extracting by manifest.
1528 silly tarball no local data for yallist@https://registry.npmjs.org/yallist/-/yallist-4.0.0.tgz. Extracting by manifest.
1529 silly tarball no local data for minipass@https://registry.npmjs.org/minipass/-/minipass-3.3.6.tgz. Extracting by manifest.
1530 silly tarball no local data for yallist@https://registry.npmjs.org/yallist/-/yallist-4.0.0.tgz. Extracting by manifest.
1531 silly tarball no local data for minipass@https://registry.npmjs.org/minipass/-/minipass-3.3.6.tgz. Extracting by manifest.
1532 silly tarball no local data for yallist@https://registry.npmjs.org/yallist/-/yallist-4.0.0.tgz. Extracting by manifest.
1533 silly tarball no local data for minipass@https://registry.npmjs.org/minipass/-/minipass-3.3.6.tgz. Extracting by manifest.
1534 silly tarball no local data for yallist@https://registry.npmjs.org/yallist/-/yallist-4.0.0.tgz. Extracting by manifest.
1535 silly tarball no local data for minipass@https://registry.npmjs.org/minipass/-/minipass-3.3.6.tgz. Extracting by manifest.
1536 silly tarball no local data for yallist@https://registry.npmjs.org/yallist/-/yallist-4.0.0.tgz. Extracting by manifest.
1537 silly tarball no local data for minipass@https://registry.npmjs.org/minipass/-/minipass-3.3.6.tgz. Extracting by manifest.
1538 silly tarball no local data for yallist@https://registry.npmjs.org/yallist/-/yallist-4.0.0.tgz. Extracting by manifest.
1539 silly tarball no local data for minipass@https://registry.npmjs.org/minipass/-/minipass-3.3.6.tgz. Extracting by manifest.
1540 silly tarball no local data for yallist@https://registry.npmjs.org/yallist/-/yallist-4.0.0.tgz. Extracting by manifest.
1541 silly tarball no local data for minipass@https://registry.npmjs.org/minipass/-/minipass-3.3.6.tgz. Extracting by manifest.
1542 silly tarball no local data for yallist@https://registry.npmjs.org/yallist/-/yallist-4.0.0.tgz. Extracting by manifest.
1543 silly tarball no local data for unique-filename@https://registry.npmjs.org/unique-filename/-/unique-filename-2.0.1.tgz. Extracting by manifest.
1544 silly tarball no local data for unique-slug@https://registry.npmjs.org/unique-slug/-/unique-slug-3.0.0.tgz. Extracting by manifest.
1545 silly tarball no local data for ssri@https://registry.npmjs.org/ssri/-/ssri-9.0.1.tgz. Extracting by manifest.
1546 silly tarball no local data for mkdirp@https://registry.npmjs.org/mkdirp/-/mkdirp-1.0.4.tgz. Extracting by manifest.
1547 silly tarball no local data for minipass@https://registry.npmjs.org/minipass/-/minipass-3.3.6.tgz. Extracting by manifest.
1548 silly tarball no local data for lru-cache@https://registry.npmjs.org/lru-cache/-/lru-cache-7.18.3.tgz. Extracting by manifest.
1549 silly tarball no local data for fs-minipass@https://registry.npmjs.org/fs-minipass/-/fs-minipass-2.1.0.tgz. Extracting by manifest.
1550 silly tarball no local data for cacache@https://registry.npmjs.org/cacache/-/cacache-16.1.3.tgz. Extracting by manifest.
1551 silly tarball no local data for @npmcli/fs@https://registry.npmjs.org/@npmcli/fs/-/fs-2.1.2.tgz. Extracting by manifest.
1552 silly tarball no local data for semver@https://registry.npmjs.org/semver/-/semver-6.3.1.tgz. Extracting by manifest.
1553 silly tarball no local data for semver@https://registry.npmjs.org/semver/-/semver-5.7.2.tgz. Extracting by manifest.
1554 silly tarball no local data for source-map@https://registry.npmjs.org/source-map/-/source-map-0.6.1.tgz. Extracting by manifest.
1555 silly tarball no local data for pify@https://registry.npmjs.org/pify/-/pify-4.0.1.tgz. Extracting by manifest.
1556 silly tarball no local data for mime@https://registry.npmjs.org/mime/-/mime-1.6.0.tgz. Extracting by manifest.
1557 silly tarball no local data for make-dir@https://registry.npmjs.org/make-dir/-/make-dir-2.1.0.tgz. Extracting by manifest.
1558 silly tarball no local data for brace-expansion@https://registry.npmjs.org/brace-expansion/-/brace-expansion-1.1.11.tgz. Extracting by manifest.
1559 silly tarball no local data for minimatch@https://registry.npmjs.org/minimatch/-/minimatch-3.1.2.tgz. Extracting by manifest.
1560 silly tarball no local data for yargs@https://registry.npmjs.org/yargs/-/yargs-16.2.0.tgz. Extracting by manifest.
1561 silly tarball no local data for yargs-parser@https://registry.npmjs.org/yargs-parser/-/yargs-parser-20.2.9.tgz. Extracting by manifest.
1562 silly tarball no local data for tmp@https://registry.npmjs.org/tmp/-/tmp-0.2.1.tgz. Extracting by manifest.
1563 silly tarball no local data for source-map@https://registry.npmjs.org/source-map/-/source-map-0.6.1.tgz. Extracting by manifest.
1564 silly tarball no local data for minimatch@https://registry.npmjs.org/minimatch/-/minimatch-3.1.2.tgz. Extracting by manifest.
1565 silly tarball no local data for glob@https://registry.npmjs.org/glob/-/glob-7.2.3.tgz. Extracting by manifest.
1566 silly tarball no local data for cliui@https://registry.npmjs.org/cliui/-/cliui-7.0.4.tgz. Extracting by manifest.
1567 silly tarball no local data for brace-expansion@https://registry.npmjs.org/brace-expansion/-/brace-expansion-1.1.11.tgz. Extracting by manifest.
1568 silly tarball no local data for string_decoder@https://registry.npmjs.org/string_decoder/-/string_decoder-1.1.1.tgz. Extracting by manifest.
1569 silly tarball no local data for safe-buffer@https://registry.npmjs.org/safe-buffer/-/safe-buffer-5.1.2.tgz. Extracting by manifest.
1570 silly tarball no local data for readable-stream@https://registry.npmjs.org/readable-stream/-/readable-stream-2.3.7.tgz. Extracting by manifest.
1571 silly tarball no local data for supports-color@https://registry.npmjs.org/supports-color/-/supports-color-8.1.1.tgz. Extracting by manifest.
1572 silly tarball no local data for minimatch@https://registry.npmjs.org/minimatch/-/minimatch-3.1.2.tgz. Extracting by manifest.
1573 silly tarball no local data for jasmine-core@https://registry.npmjs.org/jasmine-core/-/jasmine-core-2.8.0.tgz. Extracting by manifest.
1574 silly tarball no local data for glob@https://registry.npmjs.org/glob/-/glob-7.2.3.tgz. Extracting by manifest.
1575 silly tarball no local data for brace-expansion@https://registry.npmjs.org/brace-expansion/-/brace-expansion-1.1.11.tgz. Extracting by manifest.
1576 silly tarball no local data for source-map@https://registry.npmjs.org/source-map/-/source-map-0.6.1.tgz. Extracting by manifest.
1577 silly tarball no local data for semver@https://registry.npmjs.org/semver/-/semver-5.7.2.tgz. Extracting by manifest.
1578 silly tarball no local data for rimraf@https://registry.npmjs.org/rimraf/-/rimraf-2.7.1.tgz. Extracting by manifest.
1579 silly tarball no local data for pify@https://registry.npmjs.org/pify/-/pify-4.0.1.tgz. Extracting by manifest.
1580 silly tarball no local data for minimatch@https://registry.npmjs.org/minimatch/-/minimatch-3.1.2.tgz. Extracting by manifest.
1581 silly tarball no local data for make-dir@https://registry.npmjs.org/make-dir/-/make-dir-2.1.0.tgz. Extracting by manifest.
1582 silly tarball no local data for istanbul-lib-coverage@https://registry.npmjs.org/istanbul-lib-coverage/-/istanbul-lib-coverage-2.0.5.tgz. Extracting by manifest.
1583 silly tarball no local data for brace-expansion@https://registry.npmjs.org/brace-expansion/-/brace-expansion-1.1.11.tgz. Extracting by manifest.
1584 silly tarball no local data for glob@https://registry.npmjs.org/glob/-/glob-7.2.3.tgz. Extracting by manifest.
1585 silly tarball no local data for semver@https://registry.npmjs.org/semver/-/semver-6.3.1.tgz. Extracting by manifest.
1586 silly tarball no local data for minimatch@https://registry.npmjs.org/minimatch/-/minimatch-9.0.5.tgz. Extracting by manifest.
1587 silly tarball no local data for statuses@https://registry.npmjs.org/statuses/-/statuses-2.0.1.tgz. Extracting by manifest.
1588 silly tarball no local data for string_decoder@https://registry.npmjs.org/string_decoder/-/string_decoder-1.1.1.tgz. Extracting by manifest.
1589 silly tarball no local data for readable-stream@https://registry.npmjs.org/readable-stream/-/readable-stream-2.3.7.tgz. Extracting by manifest.
1590 silly tarball no local data for safe-buffer@https://registry.npmjs.org/safe-buffer/-/safe-buffer-5.1.2.tgz. Extracting by manifest.
1591 silly tarball no local data for lru-cache@https://registry.npmjs.org/lru-cache/-/lru-cache-7.18.3.tgz. Extracting by manifest.
1592 silly tarball no local data for kind-of@https://registry.npmjs.org/kind-of/-/kind-of-4.0.0.tgz. Extracting by manifest.
1593 silly tarball no local data for is-number@https://registry.npmjs.org/is-number/-/is-number-3.0.0.tgz. Extracting by manifest.
1594 silly tarball no local data for kind-of@https://registry.npmjs.org/kind-of/-/kind-of-3.2.2.tgz. Extracting by manifest.
1595 silly tarball no local data for ansi-regex@https://registry.npmjs.org/ansi-regex/-/ansi-regex-2.1.1.tgz. Extracting by manifest.
1596 silly tarball no local data for json-schema-traverse@https://registry.npmjs.org/json-schema-traverse/-/json-schema-traverse-0.4.1.tgz. Extracting by manifest.
1597 silly tarball no local data for ajv@https://registry.npmjs.org/ajv/-/ajv-6.12.6.tgz. Extracting by manifest.
1598 silly tarball no local data for string_decoder@https://registry.npmjs.org/string_decoder/-/string_decoder-1.1.1.tgz. Extracting by manifest.
1599 silly tarball no local data for safe-buffer@https://registry.npmjs.org/safe-buffer/-/safe-buffer-5.1.2.tgz. Extracting by manifest.
1600 silly tarball no local data for readable-stream@https://registry.npmjs.org/readable-stream/-/readable-stream-2.3.8.tgz. Extracting by manifest.
1601 silly tarball no local data for string_decoder@https://registry.npmjs.org/string_decoder/-/string_decoder-1.1.1.tgz. Extracting by manifest.
1602 silly tarball no local data for signal-exit@https://registry.npmjs.org/signal-exit/-/signal-exit-4.1.0.tgz. Extracting by manifest.
1603 silly tarball no local data for string_decoder@https://registry.npmjs.org/string_decoder/-/string_decoder-1.1.1.tgz. Extracting by manifest.
1604 silly tarball no local data for safe-buffer@https://registry.npmjs.org/safe-buffer/-/safe-buffer-5.1.2.tgz. Extracting by manifest.
1605 silly tarball no local data for resolve-from@https://registry.npmjs.org/resolve-from/-/resolve-from-4.0.0.tgz. Extracting by manifest.
1606 silly tarball no local data for safe-buffer@https://registry.npmjs.org/safe-buffer/-/safe-buffer-5.1.2.tgz. Extracting by manifest.
1607 silly tarball no local data for readable-stream@https://registry.npmjs.org/readable-stream/-/readable-stream-2.3.8.tgz. Extracting by manifest.
1608 silly tarball no local data for readable-stream@https://registry.npmjs.org/readable-stream/-/readable-stream-2.3.8.tgz. Extracting by manifest.
1609 silly tarball no local data for on-finished@https://registry.npmjs.org/on-finished/-/on-finished-2.3.0.tgz. Extracting by manifest.
1610 silly tarball no local data for ms@https://registry.npmjs.org/ms/-/ms-2.0.0.tgz. Extracting by manifest.
1611 silly tarball no local data for debug@https://registry.npmjs.org/debug/-/debug-2.6.9.tgz. Extracting by manifest.
1612 silly tarball no local data for is-descriptor@https://registry.npmjs.org/is-descriptor/-/is-descriptor-1.0.3.tgz. Extracting by manifest.
1613 silly tarball no local data for define-property@https://registry.npmjs.org/define-property/-/define-property-1.0.0.tgz. Extracting by manifest.
1614 silly tarball no local data for statuses@https://registry.npmjs.org/statuses/-/statuses-2.0.1.tgz. Extracting by manifest.
1615 silly tarball no local data for ms@https://registry.npmjs.org/ms/-/ms-2.0.0.tgz. Extracting by manifest.
1616 silly tarball no local data for finalhandler@https://registry.npmjs.org/finalhandler/-/finalhandler-1.3.1.tgz. Extracting by manifest.
1617 silly tarball no local data for encodeurl@https://registry.npmjs.org/encodeurl/-/encodeurl-2.0.0.tgz. Extracting by manifest.
1618 silly tarball no local data for debug@https://registry.npmjs.org/debug/-/debug-2.6.9.tgz. Extracting by manifest.
1619 silly tarball no local data for cookie@https://registry.npmjs.org/cookie/-/cookie-0.7.1.tgz. Extracting by manifest.
1620 silly tarball no local data for array-flatten@https://registry.npmjs.org/array-flatten/-/array-flatten-1.1.1.tgz. Extracting by manifest.
1621 silly tarball no local data for debug@https://registry.npmjs.org/debug/-/debug-2.6.9.tgz. Extracting by manifest.
1622 silly tarball no local data for ms@https://registry.npmjs.org/ms/-/ms-2.0.0.tgz. Extracting by manifest.
1623 silly tarball no local data for estraverse@https://registry.npmjs.org/estraverse/-/estraverse-5.3.0.tgz. Extracting by manifest.
1624 silly tarball no local data for iconv-lite@https://registry.npmjs.org/iconv-lite/-/iconv-lite-0.6.3.tgz. Extracting by manifest.
1625 silly tarball no local data for tslib@https://registry.npmjs.org/tslib/-/tslib-2.3.0.tgz. Extracting by manifest.
1626 silly tarball no local data for jsbn@https://registry.npmjs.org/jsbn/-/jsbn-0.1.1.tgz. Extracting by manifest.
1627 silly tarball no local data for string_decoder@https://registry.npmjs.org/string_decoder/-/string_decoder-1.1.1.tgz. Extracting by manifest.
1628 silly tarball no local data for safe-buffer@https://registry.npmjs.org/safe-buffer/-/safe-buffer-5.1.2.tgz. Extracting by manifest.
1629 silly tarball no local data for readable-stream@https://registry.npmjs.org/readable-stream/-/readable-stream-2.3.8.tgz. Extracting by manifest.
1630 silly tarball no local data for rimraf@https://registry.npmjs.org/rimraf/-/rimraf-2.7.1.tgz. Extracting by manifest.
1631 silly tarball no local data for minimatch@https://registry.npmjs.org/minimatch/-/minimatch-3.1.2.tgz. Extracting by manifest.
1632 silly tarball no local data for globby@https://registry.npmjs.org/globby/-/globby-5.0.0.tgz. Extracting by manifest.
1633 silly tarball no local data for glob@https://registry.npmjs.org/glob/-/glob-7.2.3.tgz. Extracting by manifest.
1634 silly tarball no local data for brace-expansion@https://registry.npmjs.org/brace-expansion/-/brace-expansion-1.1.11.tgz. Extracting by manifest.
1635 silly tarball no local data for which@https://registry.npmjs.org/which/-/which-2.0.2.tgz. Extracting by manifest.
1636 silly tarball no local data for rimraf@https://registry.npmjs.org/rimraf/-/rimraf-2.7.1.tgz. Extracting by manifest.
1637 silly tarball no local data for minimatch@https://registry.npmjs.org/minimatch/-/minimatch-3.1.2.tgz. Extracting by manifest.
1638 silly tarball no local data for glob-parent@https://registry.npmjs.org/glob-parent/-/glob-parent-6.0.2.tgz. Extracting by manifest.
1639 silly tarball no local data for glob@https://registry.npmjs.org/glob/-/glob-7.2.3.tgz. Extracting by manifest.
1640 silly tarball no local data for brace-expansion@https://registry.npmjs.org/brace-expansion/-/brace-expansion-1.1.11.tgz. Extracting by manifest.
1641 silly tarball no local data for aproba@https://registry.npmjs.org/aproba/-/aproba-1.2.0.tgz. Extracting by manifest.
1642 silly tarball no local data for ms@https://registry.npmjs.org/ms/-/ms-2.0.0.tgz. Extracting by manifest.
1643 silly tarball no local data for debug@https://registry.npmjs.org/debug/-/debug-2.6.9.tgz. Extracting by manifest.
1644 silly tarball no local data for string_decoder@https://registry.npmjs.org/string_decoder/-/string_decoder-1.1.1.tgz. Extracting by manifest.
1645 silly tarball no local data for safe-buffer@https://registry.npmjs.org/safe-buffer/-/safe-buffer-5.1.2.tgz. Extracting by manifest.
1646 silly tarball no local data for readable-stream@https://registry.npmjs.org/readable-stream/-/readable-stream-2.3.8.tgz. Extracting by manifest.
1647 silly tarball no local data for safe-buffer@https://registry.npmjs.org/safe-buffer/-/safe-buffer-5.1.2.tgz. Extracting by manifest.
1648 silly tarball no local data for ms@https://registry.npmjs.org/ms/-/ms-2.0.0.tgz. Extracting by manifest.
1649 silly tarball no local data for debug@https://registry.npmjs.org/debug/-/debug-2.6.9.tgz. Extracting by manifest.
1650 silly tarball no local data for bytes@https://registry.npmjs.org/bytes/-/bytes-3.0.0.tgz. Extracting by manifest.
1651 silly tarball no local data for color-name@https://registry.npmjs.org/color-name/-/color-name-1.1.3.tgz. Extracting by manifest.
1652 silly tarball no local data for zone.js@https://registry.npmjs.org/zone.js/-/zone.js-0.10.3.tgz. Extracting by manifest.
1653 silly tarball no local data for tslib@https://registry.npmjs.org/tslib/-/tslib-1.14.1.tgz. Extracting by manifest.
1654 silly tarball no local data for source-map@https://registry.npmjs.org/source-map/-/source-map-0.5.7.tgz. Extracting by manifest.
1655 silly tarball no local data for rxjs@https://registry.npmjs.org/rxjs/-/rxjs-6.6.7.tgz. Extracting by manifest.
1656 silly tarball no local data for @angular/core@https://registry.npmjs.org/@angular/core/-/core-9.0.0.tgz. Extracting by manifest.
1657 silly tarball no local data for @angular/compiler@https://registry.npmjs.org/@angular/compiler/-/compiler-9.0.0.tgz. Extracting by manifest.
1658 silly tarball no local data for lru-cache@https://registry.npmjs.org/lru-cache/-/lru-cache-7.18.3.tgz. Extracting by manifest.
1659 silly tarball no local data for https-proxy-agent@https://registry.npmjs.org/https-proxy-agent/-/https-proxy-agent-2.2.4.tgz. Extracting by manifest.
1660 silly tarball no local data for debug@https://registry.npmjs.org/debug/-/debug-3.2.7.tgz. Extracting by manifest.
1661 silly tarball no local data for agent-base@https://registry.npmjs.org/agent-base/-/agent-base-4.3.0.tgz. Extracting by manifest.
1662 silly tarball no local data for ms@https://registry.npmjs.org/ms/-/ms-2.0.0.tgz. Extracting by manifest.
1663 silly tarball no local data for debug@https://registry.npmjs.org/debug/-/debug-2.6.9.tgz. Extracting by manifest.
1664 silly tarball no local data for is-descriptor@https://registry.npmjs.org/is-descriptor/-/is-descriptor-1.0.3.tgz. Extracting by manifest.
1665 silly tarball no local data for define-property@https://registry.npmjs.org/define-property/-/define-property-1.0.0.tgz. Extracting by manifest.
1666 silly tarball no local data for semver@https://registry.npmjs.org/semver/-/semver-6.3.1.tgz. Extracting by manifest.
1667 silly tarball no local data for sprintf-js@https://registry.npmjs.org/sprintf-js/-/sprintf-js-1.0.3.tgz. Extracting by manifest.
1668 silly tarball no local data for color-convert@https://registry.npmjs.org/color-convert/-/color-convert-2.0.1.tgz. Extracting by manifest.
1669 silly tarball no local data for loader-utils@https://registry.npmjs.org/loader-utils/-/loader-utils-2.0.4.tgz. Extracting by manifest.
1670 silly tarball no local data for minipass-fetch@https://registry.npmjs.org/minipass-fetch/-/minipass-fetch-3.0.5.tgz. Extracting by manifest.
1671 silly tarball no local data for minipass@https://registry.npmjs.org/minipass/-/minipass-7.1.2.tgz. Extracting by manifest.
1672 silly tarball no local data for minimatch@https://registry.npmjs.org/minimatch/-/minimatch-9.0.5.tgz. Extracting by manifest.
1673 silly tarball no local data for minipass@https://registry.npmjs.org/minipass/-/minipass-5.0.0.tgz. Extracting by manifest.
1674 silly tarball no local data for make-fetch-happen@https://registry.npmjs.org/make-fetch-happen/-/make-fetch-happen-11.1.1.tgz. Extracting by manifest.
1675 silly tarball no local data for lru-cache@https://registry.npmjs.org/lru-cache/-/lru-cache-7.18.3.tgz. Extracting by manifest.
1676 silly tarball no local data for uri-js@https://registry.npmjs.org/uri-js/-/uri-js-3.0.2.tgz. Extracting by manifest.
1677 silly tarball no local data for tslib@https://registry.npmjs.org/tslib/-/tslib-1.14.1.tgz. Extracting by manifest.
1678 silly tarball no local data for to-regex-range@https://registry.npmjs.org/to-regex-range/-/to-regex-range-2.1.1.tgz. Extracting by manifest.
1679 silly tarball no local data for string_decoder@https://registry.npmjs.org/string_decoder/-/string_decoder-1.1.1.tgz. Extracting by manifest.
1680 silly tarball no local data for source-map@https://registry.npmjs.org/source-map/-/source-map-0.5.7.tgz. Extracting by manifest.
1681 silly tarball no local data for safe-buffer@https://registry.npmjs.org/safe-buffer/-/safe-buffer-5.1.2.tgz. Extracting by manifest.
1682 silly tarball no local data for semver@https://registry.npmjs.org/semver/-/semver-5.6.0.tgz. Extracting by manifest.
1683 silly tarball no local data for rxjs@https://registry.npmjs.org/rxjs/-/rxjs-6.2.2.tgz. Extracting by manifest.
1684 silly tarball no local data for readdirp@https://registry.npmjs.org/readdirp/-/readdirp-2.2.1.tgz. Extracting by manifest.
1685 silly tarball no local data for readable-stream@https://registry.npmjs.org/readable-stream/-/readable-stream-2.3.8.tgz. Extracting by manifest.
1686 silly tarball no local data for normalize-path@https://registry.npmjs.org/normalize-path/-/normalize-path-2.1.1.tgz. Extracting by manifest.
1687 silly tarball no local data for micromatch@https://registry.npmjs.org/micromatch/-/micromatch-3.1.10.tgz. Extracting by manifest.
1688 silly tarball no local data for extend-shallow@https://registry.npmjs.org/extend-shallow/-/extend-shallow-3.0.2.tgz. Extracting by manifest.
1689 silly tarball no local data for json-schema-traverse@https://registry.npmjs.org/json-schema-traverse/-/json-schema-traverse-0.3.1.tgz. Extracting by manifest.
1690 silly tarball no local data for is-number@https://registry.npmjs.org/is-number/-/is-number-3.0.0.tgz. Extracting by manifest.
1691 silly tarball no local data for kind-of@https://registry.npmjs.org/kind-of/-/kind-of-3.2.2.tgz. Extracting by manifest.
1692 silly tarball no local data for is-extendable@https://registry.npmjs.org/is-extendable/-/is-extendable-1.0.1.tgz. Extracting by manifest.
1693 silly tarball no local data for is-descriptor@https://registry.npmjs.org/is-descriptor/-/is-descriptor-1.0.3.tgz. Extracting by manifest.
1694 silly tarball no local data for is-binary-path@https://registry.npmjs.org/is-binary-path/-/is-binary-path-1.0.1.tgz. Extracting by manifest.
1695 silly tarball no local data for glob-parent@https://registry.npmjs.org/glob-parent/-/glob-parent-3.1.0.tgz. Extracting by manifest.
1696 silly tarball no local data for is-glob@https://registry.npmjs.org/is-glob/-/is-glob-3.1.0.tgz. Extracting by manifest.
1697 silly tarball no local data for fill-range@https://registry.npmjs.org/fill-range/-/fill-range-4.0.0.tgz. Extracting by manifest.
1698 silly tarball no local data for fast-deep-equal@https://registry.npmjs.org/fast-deep-equal/-/fast-deep-equal-1.1.0.tgz. Extracting by manifest.
1699 silly tarball no local data for define-property@https://registry.npmjs.org/define-property/-/define-property-2.0.2.tgz. Extracting by manifest.
1700 silly tarball no local data for chokidar@https://registry.npmjs.org/chokidar/-/chokidar-2.0.4.tgz. Extracting by manifest.
1701 silly tarball no local data for binary-extensions@https://registry.npmjs.org/binary-extensions/-/binary-extensions-1.13.1.tgz. Extracting by manifest.
1702 silly tarball no local data for braces@https://registry.npmjs.org/braces/-/braces-2.3.2.tgz. Extracting by manifest.
1703 silly tarball no local data for anymatch@https://registry.npmjs.org/anymatch/-/anymatch-2.0.0.tgz. Extracting by manifest.
1704 silly tarball no local data for ajv@https://registry.npmjs.org/ajv/-/ajv-6.4.0.tgz. Extracting by manifest.
1705 silly tarball no local data for @angular-devkit/schematics@https://registry.npmjs.org/@angular-devkit/schematics/-/schematics-0.8.9.tgz. Extracting by manifest.
1706 silly tarball no local data for @angular-devkit/core@https://registry.npmjs.org/@angular-devkit/core/-/core-0.8.9.tgz. Extracting by manifest.
1707 silly tarball no local data for which@https://registry.npmjs.org/which/-/which-3.0.1.tgz. Extracting by manifest.
1708 silly tarball no local data for which@https://registry.npmjs.org/which/-/which-3.0.1.tgz. Extracting by manifest.
1709 silly tarball no local data for mkdirp@https://registry.npmjs.org/mkdirp/-/mkdirp-1.0.4.tgz. Extracting by manifest.
1710 silly tarball no local data for which@https://registry.npmjs.org/which/-/which-3.0.1.tgz. Extracting by manifest.
1711 silly tarball no local data for lru-cache@https://registry.npmjs.org/lru-cache/-/lru-cache-7.18.3.tgz. Extracting by manifest.
1712 silly tarball no local data for @jridgewell/gen-mapping@https://registry.npmjs.org/@jridgewell/gen-mapping/-/gen-mapping-0.3.8.tgz. Extracting by manifest.
1713 silly tarball no local data for wrap-ansi@https://registry.npmjs.org/wrap-ansi/-/wrap-ansi-8.1.0.tgz. Extracting by manifest.
1714 silly tarball no local data for strip-ansi@https://registry.npmjs.org/strip-ansi/-/strip-ansi-7.1.0.tgz. Extracting by manifest.
1715 silly tarball no local data for string-width@https://registry.npmjs.org/string-width/-/string-width-5.1.2.tgz. Extracting by manifest.
1716 silly tarball no local data for emoji-regex@https://registry.npmjs.org/emoji-regex/-/emoji-regex-9.2.2.tgz. Extracting by manifest.
1717 silly tarball no local data for ansi-styles@https://registry.npmjs.org/ansi-styles/-/ansi-styles-6.2.1.tgz. Extracting by manifest.
1718 silly tarball no local data for ansi-regex@https://registry.npmjs.org/ansi-regex/-/ansi-regex-6.1.0.tgz. Extracting by manifest.
1719 silly tarball no local data for yargs-parser@https://registry.npmjs.org/yargs-parser/-/yargs-parser-20.2.9.tgz. Extracting by manifest.
1720 silly tarball no local data for yargs@https://registry.npmjs.org/yargs/-/yargs-16.2.0.tgz. Extracting by manifest.
1721 silly tarball no local data for cliui@https://registry.npmjs.org/cliui/-/cliui-7.0.4.tgz. Extracting by manifest.
1722 silly tarball no local data for yargs@https://registry.npmjs.org/yargs/-/yargs-17.7.2.tgz. Extracting by manifest.
1723 silly tarball no local data for protobufjs@https://registry.npmjs.org/protobufjs/-/protobufjs-7.4.0.tgz. Extracting by manifest.
1724 silly tarball no local data for long@https://registry.npmjs.org/long/-/long-5.2.4.tgz. Extracting by manifest.
1725 silly tarball no local data for @grpc/proto-loader@https://registry.npmjs.org/@grpc/proto-loader/-/proto-loader-0.7.13.tgz. Extracting by manifest.
1726 silly tarball no local data for idb@https://registry.npmjs.org/idb/-/idb-7.0.1.tgz. Extracting by manifest.
1727 silly tarball no local data for symbol-observable@https://registry.npmjs.org/symbol-observable/-/symbol-observable-1.0.1.tgz. Extracting by manifest.
1728 silly tarball no local data for idb@https://registry.npmjs.org/idb/-/idb-7.0.1.tgz. Extracting by manifest.
1729 silly tarball no local data for @jridgewell/trace-mapping@https://registry.npmjs.org/@jridgewell/trace-mapping/-/trace-mapping-0.3.9.tgz. Extracting by manifest.
1730 silly tarball no local data for @babel/template@https://registry.npmjs.org/@babel/template/-/template-7.25.9.tgz. Extracting by manifest.
1731 silly tarball no local data for @babel/generator@https://registry.npmjs.org/@babel/generator/-/generator-7.26.5.tgz. Extracting by manifest.
1732 silly tarball no local data for jsesc@https://registry.npmjs.org/jsesc/-/jsesc-3.1.0.tgz. Extracting by manifest.
1733 silly tarball no local data for @jridgewell/gen-mapping@https://registry.npmjs.org/@jridgewell/gen-mapping/-/gen-mapping-0.3.8.tgz. Extracting by manifest.
1734 silly tarball no local data for semver@https://registry.npmjs.org/semver/-/semver-6.3.1.tgz. Extracting by manifest.
1735 silly tarball no local data for semver@https://registry.npmjs.org/semver/-/semver-6.3.1.tgz. Extracting by manifest.
1736 silly tarball no local data for semver@https://registry.npmjs.org/semver/-/semver-6.3.1.tgz. Extracting by manifest.
1737 silly tarball no local data for semver@https://registry.npmjs.org/semver/-/semver-6.3.1.tgz. Extracting by manifest.
1738 silly tarball no local data for @jridgewell/gen-mapping@https://registry.npmjs.org/@jridgewell/gen-mapping/-/gen-mapping-0.3.2.tgz. Extracting by manifest.
1739 silly tarball no local data for semver@https://registry.npmjs.org/semver/-/semver-6.3.1.tgz. Extracting by manifest.
1740 silly tarball no local data for semver@https://registry.npmjs.org/semver/-/semver-6.3.1.tgz. Extracting by manifest.
1741 silly tarball no local data for @babel/core@https://registry.npmjs.org/@babel/core/-/core-7.19.3.tgz. Extracting by manifest.
1742 silly tarball no local data for magic-string@https://registry.npmjs.org/magic-string/-/magic-string-0.27.0.tgz. Extracting by manifest.
1743 silly tarball no local data for @babel/core@https://registry.npmjs.org/@babel/core/-/core-7.19.3.tgz. Extracting by manifest.
1744 silly tarball no local data for parse5@https://registry.npmjs.org/parse5/-/parse5-7.3.0.tgz. Extracting by manifest.
1745 silly tarball no local data for entities@https://registry.npmjs.org/entities/-/entities-6.0.1.tgz. Extracting by manifest.
1746 silly tarball no local data for semver@https://registry.npmjs.org/semver/-/semver-6.3.1.tgz. Extracting by manifest.
1747 silly tarball no local data for rxjs@https://registry.npmjs.org/rxjs/-/rxjs-6.6.7.tgz. Extracting by manifest.
1748 silly tarball no local data for tslib@https://registry.npmjs.org/tslib/-/tslib-1.14.1.tgz. Extracting by manifest.
1749 silly tarball no local data for tslib@https://registry.npmjs.org/tslib/-/tslib-1.14.1.tgz. Extracting by manifest.
1750 silly tarball no local data for rxjs@https://registry.npmjs.org/rxjs/-/rxjs-6.6.7.tgz. Extracting by manifest.
1751 silly tarball no local data for tslib@https://registry.npmjs.org/tslib/-/tslib-1.14.1.tgz. Extracting by manifest.
1752 silly tarball no local data for rxjs@https://registry.npmjs.org/rxjs/-/rxjs-6.6.7.tgz. Extracting by manifest.
1753 silly tarball no local data for rxjs@https://registry.npmjs.org/rxjs/-/rxjs-6.6.7.tgz. Extracting by manifest.
1754 silly tarball no local data for tslib@https://registry.npmjs.org/tslib/-/tslib-1.14.1.tgz. Extracting by manifest.
1755 silly tarball no local data for tslib@https://registry.npmjs.org/tslib/-/tslib-1.14.1.tgz. Extracting by manifest.
1756 silly tarball no local data for rxjs@https://registry.npmjs.org/rxjs/-/rxjs-6.6.7.tgz. Extracting by manifest.
1757 http fetch GET 200 https://registry.npmjs.org/xmlbuilder/-/xmlbuilder-11.0.1.tgz 6488ms (cache miss)
1758 http fetch GET 200 https://registry.npmjs.org/xml2js/-/xml2js-0.4.23.tgz 6637ms (cache miss)
1759 http fetch GET 200 https://registry.npmjs.org/y18n/-/y18n-5.0.8.tgz 6748ms (cache miss)
1760 http fetch GET 200 https://registry.npmjs.org/yn/-/yn-3.1.1.tgz 6880ms (cache miss)
1761 http fetch GET 200 https://registry.npmjs.org/yargs-parser/-/yargs-parser-21.1.1.tgz 7002ms (cache miss)
1762 http fetch GET 200 https://registry.npmjs.org/wide-align/-/wide-align-1.1.5.tgz 7058ms (cache miss)
1763 http fetch GET 200 https://registry.npmjs.org/wrappy/-/wrappy-1.0.2.tgz 7261ms (cache miss)
1764 http fetch GET 200 https://registry.npmjs.org/which/-/which-1.3.1.tgz 7338ms (cache miss)
1765 http fetch GET 200 https://registry.npmjs.org/wildcard/-/wildcard-2.0.0.tgz 7344ms (cache miss)
1766 http fetch GET 200 https://registry.npmjs.org/wrap-ansi/-/wrap-ansi-7.0.0.tgz 7349ms (cache miss)
1767 http fetch GET 200 https://registry.npmjs.org/wrap-ansi/-/wrap-ansi-7.0.0.tgz 7374ms (cache miss)
1768 http fetch GET 200 https://registry.npmjs.org/which-module/-/which-module-2.0.0.tgz 7533ms (cache miss)
1769 http fetch GET 200 https://registry.npmjs.org/yargs/-/yargs-17.6.2.tgz 7551ms (cache miss)
1770 http fetch GET https://codeload.github.com/angular/router/tar.gz/HEAD attempt 1 failed with ETIMEDOUT
1771 http fetch GET 200 https://registry.npmjs.org/ws/-/ws-8.17.1.tgz 7614ms (cache miss)
1772 http fetch POST 200 https://registry.npmjs.org/-/npm/v1/security/advisories/bulk 9577ms
1773 silly audit report {
1773 silly audit report   semver: [
1773 silly audit report     {
1773 silly audit report       id: 1101089,
1773 silly audit report       url: 'https://github.com/advisories/GHSA-c2qf-rxjj-qqgw',
1773 silly audit report       title: 'semver vulnerable to Regular Expression Denial of Service',
1773 silly audit report       severity: 'high',
1773 silly audit report       vulnerable_versions: '<5.7.2',
1773 silly audit report       cwe: [Array],
1773 silly audit report       cvss: [Object]
1773 silly audit report     }
1773 silly audit report   ],
1773 silly audit report   '@angular/core': [
1773 silly audit report     {
1773 silly audit report       id: 1094291,
1773 silly audit report       url: 'https://github.com/advisories/GHSA-c75v-2vq8-878f',
1773 silly audit report       title: 'Cross site scripting in Angular',
1773 silly audit report       severity: 'moderate',
1773 silly audit report       vulnerable_versions: '<10.2.5',
1773 silly audit report       cwe: [Array],
1773 silly audit report       cvss: [Object]
1773 silly audit report     }
1773 silly audit report   ],
1773 silly audit report   '@babel/helpers': [
1773 silly audit report     {
1773 silly audit report       id: 1104001,
1773 silly audit report       url: 'https://github.com/advisories/GHSA-968p-4wvh-cqc8',
1773 silly audit report       title: 'Babel has inefficient RegExp complexity in generated code with .replace when transpiling named capturing groups',
1773 silly audit report       severity: 'moderate',
1773 silly audit report       vulnerable_versions: '<7.26.10',
1773 silly audit report       cwe: [Array],
1773 silly audit report       cvss: [Object]
1773 silly audit report     }
1773 silly audit report   ],
1773 silly audit report   '@babel/runtime': [
1773 silly audit report     {
1773 silly audit report       id: 1104000,
1773 silly audit report       url: 'https://github.com/advisories/GHSA-968p-4wvh-cqc8',
1773 silly audit report       title: 'Babel has inefficient RegExp complexity in generated code with .replace when transpiling named capturing groups',
1773 silly audit report       severity: 'moderate',
1773 silly audit report       vulnerable_versions: '<7.26.10',
1773 silly audit report       cwe: [Array],
1773 silly audit report       cvss: [Object]
1773 silly audit report     }
1773 silly audit report   ],
1773 silly audit report   '@grpc/grpc-js': [
1773 silly audit report     {
1773 silly audit report       id: 1097546,
1773 silly audit report       url: 'https://github.com/advisories/GHSA-7v5v-9h63-cj86',
1773 silly audit report       title: '@grpc/grpc-js can allocate memory for incoming messages well above configured limits',
1773 silly audit report       severity: 'moderate',
1773 silly audit report       vulnerable_versions: '<1.8.22',
1773 silly audit report       cwe: [Array],
1773 silly audit report       cvss: [Object]
1773 silly audit report     }
1773 silly audit report   ],
1773 silly audit report   'yargs-parser': [
1773 silly audit report     {
1773 silly audit report       id: 1088811,
1773 silly audit report       url: 'https://github.com/advisories/GHSA-p9pc-299p-vxgp',
1773 silly audit report       title: 'yargs-parser Vulnerable to Prototype Pollution',
1773 silly audit report       severity: 'moderate',
1773 silly audit report       vulnerable_versions: '>=6.0.0 <13.1.2',
1773 silly audit report       cwe: [Array],
1773 silly audit report       cvss: [Object]
1773 silly audit report     }
1773 silly audit report   ],
1773 silly audit report   ajv: [
1773 silly audit report     {
1773 silly audit report       id: 1097685,
1773 silly audit report       url: 'https://github.com/advisories/GHSA-v88g-cgmw-v5xw',
1773 silly audit report       title: 'Prototype Pollution in Ajv',
1773 silly audit report       severity: 'moderate',
1773 silly audit report       vulnerable_versions: '<6.12.3',
1773 silly audit report       cwe: [Array],
1773 silly audit report       cvss: [Object]
1773 silly audit report     }
1773 silly audit report   ],
1773 silly audit report   braces: [
1773 silly audit report     {
1773 silly audit report       id: 1098094,
1773 silly audit report       url: 'https://github.com/advisories/GHSA-grv7-fg5c-xmjg',
1773 silly audit report       title: 'Uncontrolled resource consumption in braces',
1773 silly audit report       severity: 'high',
1773 silly audit report       vulnerable_versions: '<3.0.3',
1773 silly audit report       cwe: [Array],
1773 silly audit report       cvss: [Object]
1773 silly audit report     }
1773 silly audit report   ],
1773 silly audit report   micromatch: [
1773 silly audit report     {
1773 silly audit report       id: 1098681,
1773 silly audit report       url: 'https://github.com/advisories/GHSA-952p-6rrq-rcjv',
1773 silly audit report       title: 'Regular Expression Denial of Service (ReDoS) in micromatch',
1773 silly audit report       severity: 'moderate',
1773 silly audit report       vulnerable_versions: '<4.0.8',
1773 silly audit report       cwe: [Array],
1773 silly audit report       cvss: [Object]
1773 silly audit report     }
1773 silly audit report   ],
1773 silly audit report   'brace-expansion': [
1773 silly audit report     {
1773 silly audit report       id: 1105443,
1773 silly audit report       url: 'https://github.com/advisories/GHSA-v6h2-p8h4-qcjw',
1773 silly audit report       title: 'brace-expansion Regular Expression Denial of Service vulnerability',
1773 silly audit report       severity: 'low',
1773 silly audit report       vulnerable_versions: '>=1.0.0 <=1.1.11',
1773 silly audit report       cwe: [Array],
1773 silly audit report       cvss: [Object]
1773 silly audit report     },
1773 silly audit report     {
1773 silly audit report       id: 1105444,
1773 silly audit report       url: 'https://github.com/advisories/GHSA-v6h2-p8h4-qcjw',
1773 silly audit report       title: 'brace-expansion Regular Expression Denial of Service vulnerability',
1773 silly audit report       severity: 'low',
1773 silly audit report       vulnerable_versions: '>=2.0.0 <=2.0.1',
1773 silly audit report       cwe: [Array],
1773 silly audit report       cvss: [Object]
1773 silly audit report     }
1773 silly audit report   ],
1773 silly audit report   esbuild: [
1773 silly audit report     {
1773 silly audit report       id: 1102341,
1773 silly audit report       url: 'https://github.com/advisories/GHSA-67mh-4wv8-2f99',
1773 silly audit report       title: 'esbuild enables any website to send any requests to the development server and read the response',
1773 silly audit report       severity: 'moderate',
1773 silly audit report       vulnerable_versions: '<=0.24.2',
1773 silly audit report       cwe: [Array],
1773 silly audit report       cvss: [Object]
1773 silly audit report     }
1773 silly audit report   ],
1773 silly audit report   firebase: [
1773 silly audit report     {
1773 silly audit report       id: 1100557,
1773 silly audit report       url: 'https://github.com/advisories/GHSA-3wf4-68gx-mph8',
1773 silly audit report       title: 'Firebase JavaScript SDK allows attackers to manipulate the "_authTokenSyncURL" to point to their own server',
1773 silly audit report       severity: 'moderate',
1773 silly audit report       vulnerable_versions: '<10.9.0',
1773 silly audit report       cwe: [Array],
1773 silly audit report       cvss: [Object]
1773 silly audit report     }
1773 silly audit report   ],
1773 silly audit report   'form-data': [
1773 silly audit report     {
1773 silly audit report       id: 1109540,
1773 silly audit report       url: 'https://github.com/advisories/GHSA-fjxv-7rqg-78g4',
1773 silly audit report       title: 'form-data uses unsafe random function in form-data for choosing boundary',
1773 silly audit report       severity: 'critical',
1773 silly audit report       vulnerable_versions: '<2.5.4',
1773 silly audit report       cwe: [Array],
1773 silly audit report       cvss: [Object]
1773 silly audit report     }
1773 silly audit report   ],
1773 silly audit report   'http-cache-semantics': [
1773 silly audit report     {
1773 silly audit report       id: 1102456,
1773 silly audit report       url: 'https://github.com/advisories/GHSA-rc47-6667-2j5j',
1773 silly audit report       title: 'http-cache-semantics vulnerable to Regular Expression Denial of Service',
1773 silly audit report       severity: 'high',
1773 silly audit report       vulnerable_versions: '<4.1.1',
1773 silly audit report       cwe: [Array],
1773 silly audit report       cvss: [Object]
1773 silly audit report     }
1773 silly audit report   ],
1773 silly audit report   'http-proxy-middleware': [
1773 silly audit report     {
1773 silly audit report       id: 1104105,
1773 silly audit report       url: 'https://github.com/advisories/GHSA-9gqv-wp59-fq42',
1773 silly audit report       title: 'http-proxy-middleware allows fixRequestBody to proceed even if bodyParser has failed',
1773 silly audit report       severity: 'moderate',
1773 silly audit report       vulnerable_versions: '>=1.3.0 <2.0.9',
1773 silly audit report       cwe: [Array],
1773 silly audit report       cvss: [Object]
1773 silly audit report     },
1773 silly audit report     {
1773 silly audit report       id: 1104106,
1773 silly audit report       url: 'https://github.com/advisories/GHSA-4www-5p9h-95mh',
1773 silly audit report       title: 'http-proxy-middleware can call writeBody twice because "else if" is not used',
1773 silly audit report       severity: 'moderate',
1773 silly audit report       vulnerable_versions: '>=1.3.0 <2.0.8',
1773 silly audit report       cwe: [Array],
1773 silly audit report       cvss: [Object]
1773 silly audit report     }
1773 silly audit report   ],
1773 silly audit report   ini: [
1773 silly audit report     {
1773 silly audit report       id: 1093224,
1773 silly audit report       url: 'https://github.com/advisories/GHSA-qqgx-2p2h-9c37',
1773 silly audit report       title: 'ini before 1.3.6 vulnerable to Prototype Pollution via ini.parse',
1773 silly audit report       severity: 'high',
1773 silly audit report       vulnerable_versions: '<1.3.6',
1773 silly audit report       cwe: [Array],
1773 silly audit report       cvss: [Object]
1773 silly audit report     }
1773 silly audit report   ],
1773 silly audit report   ip: [
1773 silly audit report     {
1773 silly audit report       id: 1101851,
1773 silly audit report       url: 'https://github.com/advisories/GHSA-2p57-rm9w-gvfp',
1773 silly audit report       title: 'ip SSRF improper categorization in isPublic',
1773 silly audit report       severity: 'high',
1773 silly audit report       vulnerable_versions: '<=2.0.1',
1773 silly audit report       cwe: [Array],
1773 silly audit report       cvss: [Object]
1773 silly audit report     },
1773 silly audit report     {
1773 silly audit report       id: 1097720,
1773 silly audit report       url: 'https://github.com/advisories/GHSA-78xj-cgh5-2h22',
1773 silly audit report       title: 'NPM IP package incorrectly identifies some private IP addresses as public',
1773 silly audit report       severity: 'low',
1773 silly audit report       vulnerable_versions: '<1.1.9',
1773 silly audit report       cwe: [Array],
1773 silly audit report       cvss: [Object]
1773 silly audit report     }
1773 silly audit report   ],
1773 silly audit report   tmp: [
1773 silly audit report     {
1773 silly audit report       id: 1109537,
1773 silly audit report       url: 'https://github.com/advisories/GHSA-52f5-9888-hmc6',
1773 silly audit report       title: 'tmp allows arbitrary temporary file / directory write via symbolic link `dir` parameter',
1773 silly audit report       severity: 'low',
1773 silly audit report       vulnerable_versions: '<=0.2.3',
1773 silly audit report       cwe: [Array],
1773 silly audit report       cvss: [Object]
1773 silly audit report     }
1773 silly audit report   ],
1773 silly audit report   ssri: [
1773 silly audit report     {
1773 silly audit report       id: 1094077,
1773 silly audit report       url: 'https://github.com/advisories/GHSA-vx3p-948g-6vhq',
1773 silly audit report       title: 'Regular Expression Denial of Service (ReDoS)',
1773 silly audit report       severity: 'high',
1773 silly audit report       vulnerable_versions: '>=5.2.2 <6.0.2',
1773 silly audit report       cwe: [Array],
1773 silly audit report       cvss: [Object]
1773 silly audit report     }
1773 silly audit report   ],
1773 silly audit report   'npm-registry-fetch': [
1773 silly audit report     {
1773 silly audit report       id: 1087467,
1773 silly audit report       url: 'https://github.com/advisories/GHSA-jmqm-f2gx-4fjv',
1773 silly audit report       title: 'Sensitive information exposure through logs in npm-registry-fetch',
1773 silly audit report       severity: 'moderate',
1773 silly audit report       vulnerable_versions: '<4.0.5',
1773 silly audit report       cwe: [Array],
1773 silly audit report       cvss: [Object]
1773 silly audit report     }
1773 silly audit report   ],
1773 silly audit report   tar: [
1773 silly audit report     {
1773 silly audit report       id: 1097493,
1773 silly audit report       url: 'https://github.com/advisories/GHSA-f5x3-32g6-xq36',
1773 silly audit report       title: 'Denial of service while parsing a tar file due to lack of folders count validation',
1773 silly audit report       severity: 'moderate',
1773 silly audit report       vulnerable_versions: '<6.2.1',
1773 silly audit report       cwe: [Array],
1773 silly audit report       cvss: [Object]
1773 silly audit report     }
1773 silly audit report   ],
1773 silly audit report   'on-headers': [
1773 silly audit report     {
1773 silly audit report       id: 1106812,
1773 silly audit report       url: 'https://github.com/advisories/GHSA-76c9-3jph-rj3q',
1773 silly audit report       title: 'on-headers is vulnerable to http response header manipulation',
1773 silly audit report       severity: 'low',
1773 silly audit report       vulnerable_versions: '<1.1.0',
1773 silly audit report       cwe: [Array],
1773 silly audit report       cvss: [Object]
1773 silly audit report     }
1773 silly audit report   ],
1773 silly audit report   request: [
1773 silly audit report     {
1773 silly audit report       id: 1096727,
1773 silly audit report       url: 'https://github.com/advisories/GHSA-p8p7-x288-28g6',
1773 silly audit report       title: 'Server-Side Request Forgery in Request',
1773 silly audit report       severity: 'moderate',
1773 silly audit report       vulnerable_versions: '<=2.88.2',
1773 silly audit report       cwe: [Array],
1773 silly audit report       cvss: [Object]
1773 silly audit report     }
1773 silly audit report   ],
1773 silly audit report   sweetalert2: [
1773 silly audit report     {
1773 silly audit report       id: 1106928,
1773 silly audit report       url: 'https://github.com/advisories/GHSA-mrr8-v49w-3333',
1773 silly audit report       title: 'sweetalert2 contains potentially undesirable behavior',
1773 silly audit report       severity: 'low',
1773 silly audit report       vulnerable_versions: '>=11.6.14 <11.22.4',
1773 silly audit report       cwe: [Array],
1773 silly audit report       cvss: [Object]
1773 silly audit report     }
1773 silly audit report   ],
1773 silly audit report   'tough-cookie': [
1773 silly audit report     {
1773 silly audit report       id: 1097682,
1773 silly audit report       url: 'https://github.com/advisories/GHSA-72xf-g2v4-qvf3',
1773 silly audit report       title: 'tough-cookie Prototype Pollution vulnerability',
1773 silly audit report       severity: 'moderate',
1773 silly audit report       vulnerable_versions: '<4.1.3',
1773 silly audit report       cwe: [Array],
1773 silly audit report       cvss: [Object]
1773 silly audit report     }
1773 silly audit report   ],
1773 silly audit report   webpack: [
1773 silly audit report     {
1773 silly audit report       id: 1099351,
1773 silly audit report       url: 'https://github.com/advisories/GHSA-4vvj-4cpr-p986',
1773 silly audit report       title: "Webpack's AutoPublicPathRuntimeModule has a DOM Clobbering Gadget that leads to XSS",
1773 silly audit report       severity: 'moderate',
1773 silly audit report       vulnerable_versions: '>=5.0.0-alpha.0 <5.94.0',
1773 silly audit report       cwe: [Array],
1773 silly audit report       cvss: [Object]
1773 silly audit report     }
1773 silly audit report   ],
1773 silly audit report   'webpack-dev-server': [
1773 silly audit report     {
1773 silly audit report       id: 1108429,
1773 silly audit report       url: 'https://github.com/advisories/GHSA-9jgg-88mc-972h',
1773 silly audit report       title: "webpack-dev-server users' source code may be stolen when they access a malicious web site with non-Chromium based browser",
1773 silly audit report       severity: 'moderate',
1773 silly audit report       vulnerable_versions: '<=5.2.0',
1773 silly audit report       cwe: [Array],
1773 silly audit report       cvss: [Object]
1773 silly audit report     },
1773 silly audit report     {
1773 silly audit report       id: 1108430,
1773 silly audit report       url: 'https://github.com/advisories/GHSA-4v9v-hfq4-rm2v',
1773 silly audit report       title: "webpack-dev-server users' source code may be stolen when they access a malicious web site",
1773 silly audit report       severity: 'moderate',
1773 silly audit report       vulnerable_versions: '<=5.2.0',
1773 silly audit report       cwe: [Array],
1773 silly audit report       cvss: [Object]
1773 silly audit report     }
1773 silly audit report   ],
1773 silly audit report   xml2js: [
1773 silly audit report     {
1773 silly audit report       id: 1096693,
1773 silly audit report       url: 'https://github.com/advisories/GHSA-776f-qx25-q3cc',
1773 silly audit report       title: 'xml2js is vulnerable to prototype pollution',
1773 silly audit report       severity: 'moderate',
1773 silly audit report       vulnerable_versions: '<0.5.0',
1773 silly audit report       cwe: [Array],
1773 silly audit report       cvss: [Object]
1773 silly audit report     }
1773 silly audit report   ]
1773 silly audit report }
1774 silly packumentCache corgi:https://registry.npmjs.org/semver cache-miss
1775 silly packumentCache corgi:https://registry.npmjs.org/@angular%2fcore cache-miss
1776 silly packumentCache corgi:https://registry.npmjs.org/@babel%2fhelpers cache-miss
1777 silly packumentCache corgi:https://registry.npmjs.org/@babel%2fruntime cache-miss
1778 silly packumentCache corgi:https://registry.npmjs.org/@grpc%2fgrpc-js cache-miss
1779 silly packumentCache corgi:https://registry.npmjs.org/yargs-parser cache-miss
1780 silly packumentCache corgi:https://registry.npmjs.org/ajv cache-miss
1781 silly packumentCache corgi:https://registry.npmjs.org/braces cache-miss
1782 silly packumentCache corgi:https://registry.npmjs.org/micromatch cache-miss
1783 silly packumentCache corgi:https://registry.npmjs.org/brace-expansion cache-miss
1784 silly packumentCache corgi:https://registry.npmjs.org/esbuild cache-miss
1785 silly packumentCache corgi:https://registry.npmjs.org/firebase cache-miss
1786 silly packumentCache corgi:https://registry.npmjs.org/form-data cache-miss
1787 silly packumentCache corgi:https://registry.npmjs.org/http-cache-semantics cache-miss
1788 silly packumentCache corgi:https://registry.npmjs.org/http-proxy-middleware cache-miss
1789 silly packumentCache corgi:https://registry.npmjs.org/ini cache-miss
1790 silly packumentCache corgi:https://registry.npmjs.org/ip cache-miss
1791 silly packumentCache corgi:https://registry.npmjs.org/tmp cache-miss
1792 silly packumentCache corgi:https://registry.npmjs.org/ssri cache-miss
1793 silly packumentCache corgi:https://registry.npmjs.org/npm-registry-fetch cache-miss
1794 silly packumentCache corgi:https://registry.npmjs.org/tar cache-miss
1795 silly packumentCache corgi:https://registry.npmjs.org/on-headers cache-miss
1796 silly packumentCache corgi:https://registry.npmjs.org/request cache-miss
1797 silly packumentCache corgi:https://registry.npmjs.org/sweetalert2 cache-miss
1798 silly packumentCache corgi:https://registry.npmjs.org/tough-cookie cache-miss
1799 silly packumentCache corgi:https://registry.npmjs.org/webpack cache-miss
1800 silly packumentCache corgi:https://registry.npmjs.org/webpack-dev-server cache-miss
1801 silly packumentCache corgi:https://registry.npmjs.org/xml2js cache-miss
1802 http fetch GET 200 https://registry.npmjs.org/websocket-driver/-/websocket-driver-0.7.4.tgz 8067ms (cache miss)
1803 http fetch GET 200 https://registry.npmjs.org/webpack-sources/-/webpack-sources-3.2.3.tgz 8137ms (cache miss)
1804 http fetch GET 200 https://registry.npmjs.org/websocket-extensions/-/websocket-extensions-0.1.4.tgz 8176ms (cache miss)
1805 http fetch GET 200 https://registry.npmjs.org/webpack-subresource-integrity/-/webpack-subresource-integrity-5.1.0.tgz 8243ms (cache miss)
1806 http fetch GET 200 https://registry.npmjs.org/npm 13005ms
1807 http fetch GET 200 https://registry.npmjs.org/whatwg-url/-/whatwg-url-5.0.0.tgz 8318ms (cache miss)
1808 http fetch GET 200 https://registry.npmjs.org/xtend/-/xtend-4.0.2.tgz 8406ms (cache miss)
1809 http fetch GET 200 https://registry.npmjs.org/void-elements/-/void-elements-2.0.1.tgz 9248ms (cache miss)
1810 http fetch GET 200 https://registry.npmjs.org/wbuf/-/wbuf-1.7.3.tgz 9322ms (cache miss)
1811 http fetch GET 200 https://registry.npmjs.org/webpack-dev-server/-/webpack-dev-server-4.11.1.tgz 9387ms (cache miss)
1812 http fetch GET 200 https://registry.npmjs.org/yallist/-/yallist-3.1.1.tgz 9548ms (cache miss)
1813 http fetch GET 200 https://registry.npmjs.org/webdriver-js-extender/-/webdriver-js-extender-2.1.0.tgz 9586ms (cache miss)
1814 http fetch GET 200 https://registry.npmjs.org/webpack-merge/-/webpack-merge-5.8.0.tgz 9647ms (cache miss)
1815 http fetch GET 200 https://registry.npmjs.org/wcwidth/-/wcwidth-1.0.1.tgz 9628ms (cache miss)
1816 http fetch GET 200 https://registry.npmjs.org/validate-npm-package-name/-/validate-npm-package-name-5.0.1.tgz 9822ms (cache miss)
1817 http fetch GET 200 https://registry.npmjs.org/validate-npm-package-license/-/validate-npm-package-license-3.0.4.tgz 10119ms (cache miss)
1818 http fetch GET 200 https://registry.npmjs.org/uuid/-/uuid-3.4.0.tgz 10117ms (cache miss)
1819 warn deprecated uuid@3.4.0: Please upgrade  to version 7 or higher.  Older versions may use Math.random() in certain circumstances, which is known to be problematic.  See https://v8.dev/blog/math-random for details.
1820 http fetch GET 200 https://registry.npmjs.org/webidl-conversions/-/webidl-conversions-3.0.1.tgz 10164ms (cache miss)
1821 http fetch GET 200 https://registry.npmjs.org/util-deprecate/-/util-deprecate-1.0.2.tgz 10166ms (cache miss)
1822 http fetch GET 200 https://registry.npmjs.org/watchpack/-/watchpack-2.4.2.tgz 10240ms (cache miss)
1823 http fetch GET 200 https://registry.npmjs.org/utils-merge/-/utils-merge-1.0.1.tgz 10383ms (cache miss)
1824 http fetch GET 200 https://registry.npmjs.org/urix/-/urix-0.1.0.tgz 10500ms (cache miss)
1825 warn deprecated urix@0.1.0: Please see https://github.com/lydell/urix#deprecated
1826 http fetch GET 200 https://registry.npmjs.org/use/-/use-3.1.1.tgz 10545ms (cache miss)
1827 http fetch GET 200 https://registry.npmjs.org/webpack-dev-middleware/-/webpack-dev-middleware-6.1.2.tgz 10617ms (cache miss)
1828 http fetch GET 200 https://registry.npmjs.org/update-browserslist-db/-/update-browserslist-db-1.0.10.tgz 10599ms (cache miss)
1829 http fetch GET 200 https://registry.npmjs.org/verror/-/verror-1.10.0.tgz 10615ms (cache miss)
1830 http fetch GET 200 https://registry.npmjs.org/v8-compile-cache-lib/-/v8-compile-cache-lib-3.0.1.tgz 10612ms (cache miss)
1831 http fetch GET 200 https://registry.npmjs.org/vary/-/vary-1.1.2.tgz 10708ms (cache miss)
1832 http fetch GET 200 https://registry.npmjs.org/unique-slug/-/unique-slug-4.0.0.tgz 10790ms (cache miss)
1833 http fetch GET 200 https://registry.npmjs.org/unique-filename/-/unique-filename-3.0.0.tgz 10845ms (cache miss)
1834 http fetch GET 200 https://registry.npmjs.org/unpipe/-/unpipe-1.0.0.tgz 10855ms (cache miss)
1835 http fetch GET 200 https://registry.npmjs.org/webdriver-manager/-/webdriver-manager-12.1.9.tgz 10889ms (cache miss)
1836 http fetch GET 200 https://registry.npmjs.org/universalify/-/universalify-0.1.2.tgz 10929ms (cache miss)
1837 http fetch GET 200 https://registry.npmjs.org/unicode-match-property-ecmascript/-/unicode-match-property-ecmascript-2.0.0.tgz 10949ms (cache miss)
1838 http fetch GET 200 https://registry.npmjs.org/upath/-/upath-1.2.0.tgz 11216ms (cache miss)
1839 http fetch GET 200 https://registry.npmjs.org/unicode-match-property-value-ecmascript/-/unicode-match-property-value-ecmascript-2.1.0.tgz 11283ms (cache miss)
1840 http fetch GET 200 https://registry.npmjs.org/typedarray/-/typedarray-0.0.6.tgz 11385ms (cache miss)
1841 http fetch GET 200 https://registry.npmjs.org/unicode-property-aliases-ecmascript/-/unicode-property-aliases-ecmascript-2.1.0.tgz 11537ms (cache miss)
1842 http fetch GET 200 https://registry.npmjs.org/yaml/-/yaml-1.10.2.tgz 11856ms (cache miss)
1843 http fetch GET 200 https://registry.npmjs.org/typed-assert/-/typed-assert-1.0.9.tgz 11812ms (cache miss)
1844 http fetch GET 200 https://registry.npmjs.org/unicode-canonical-property-names-ecmascript/-/unicode-canonical-property-names-ecmascript-2.0.0.tgz 12014ms (cache miss)
1845 http fetch GET 200 https://registry.npmjs.org/union-value/-/union-value-1.0.1.tgz 12190ms (cache miss)
1846 http fetch GET 200 https://registry.npmjs.org/uri-js/-/uri-js-4.4.1.tgz 12655ms (cache miss)
1847 http fetch GET 200 https://registry.npmjs.org/ua-parser-js/-/ua-parser-js-0.7.33.tgz 13053ms (cache miss)
1848 http fetch GET 200 https://registry.npmjs.org/type-is/-/type-is-1.6.18.tgz 13059ms (cache miss)
1849 http fetch GET 200 https://registry.npmjs.org/unset-value/-/unset-value-1.0.0.tgz 13599ms (cache miss)
1850 http fetch GET 200 https://registry.npmjs.org/tree-kill/-/tree-kill-1.2.2.tgz 13559ms (cache miss)
1851 http fetch GET 200 https://registry.npmjs.org/type-fest/-/type-fest-0.21.3.tgz 14029ms (cache miss)
1852 http fetch GET 200 https://registry.npmjs.org/tweetnacl/-/tweetnacl-0.14.5.tgz 14289ms (cache miss)
1853 http fetch GET 200 https://registry.npmjs.org/to-regex-range/-/to-regex-range-5.0.1.tgz 14634ms (cache miss)
1854 http fetch GET 200 https://registry.npmjs.org/to-regex/-/to-regex-3.0.2.tgz 14735ms (cache miss)
1855 http fetch GET 200 https://registry.npmjs.org/toidentifier/-/toidentifier-1.0.1.tgz 14753ms (cache miss)
1856 http fetch GET 200 https://registry.npmjs.org/to-object-path/-/to-object-path-0.3.0.tgz 14939ms (cache miss)
1857 http fetch GET 200 https://registry.npmjs.org/thunky/-/thunky-1.1.0.tgz 15041ms (cache miss)
1858 http fetch GET 200 https://registry.npmjs.org/ts-node/-/ts-node-10.9.1.tgz 15140ms (cache miss)
1859 http fetch GET 200 https://registry.npmjs.org/through/-/through-2.3.8.tgz 15252ms (cache miss)
1860 http fetch GET 200 https://registry.npmjs.org/test-exclude/-/test-exclude-6.0.0.tgz 15384ms (cache miss)
1861 http fetch GET 200 https://registry.npmjs.org/tmp/-/tmp-0.0.33.tgz 15390ms (cache miss)
1862 http fetch GET 200 https://registry.npmjs.org/tuf-js/-/tuf-js-1.1.7.tgz 15430ms (cache miss)
1863 http fetch GET 200 https://registry.npmjs.org/tunnel-agent/-/tunnel-agent-0.6.0.tgz 15557ms (cache miss)
1864 http fetch GET 200 https://registry.npmjs.org/through2/-/through2-2.0.5.tgz 15523ms (cache miss)
1865 http fetch GET 200 https://registry.npmjs.org/tslib/-/tslib-2.5.0.tgz 15632ms (cache miss)
1866 http fetch GET 200 https://registry.npmjs.org/text-table/-/text-table-0.2.0.tgz 15599ms (cache miss)
1867 http fetch GET 200 https://registry.npmjs.org/tapable/-/tapable-2.2.1.tgz 16042ms (cache miss)
1868 http fetch GET 200 https://registry.npmjs.org/svg.select.js/-/svg.select.js-3.0.1.tgz 16230ms (cache miss)
1869 http fetch GET 200 https://registry.npmjs.org/svg.resize.js/-/svg.resize.js-1.4.3.tgz 16261ms (cache miss)
1870 http fetch GET 200 https://registry.npmjs.org/symbol-observable/-/symbol-observable-4.0.0.tgz 16482ms (cache miss)
1871 http fetch GET 200 https://registry.npmjs.org/tar/-/tar-6.2.1.tgz 16539ms (cache miss)
1872 http fetch GET 200 https://registry.npmjs.org/svg.pathmorphing.js/-/svg.pathmorphing.js-0.1.3.tgz 16853ms (cache miss)
1873 http fetch GET 200 https://registry.npmjs.org/tough-cookie/-/tough-cookie-2.5.0.tgz 17045ms (cache miss)
1874 http fetch GET 200 https://registry.npmjs.org/terser-webpack-plugin/-/terser-webpack-plugin-5.3.11.tgz 17087ms (cache miss)
1875 http fetch GET 200 https://registry.npmjs.org/svg.easing.js/-/svg.easing.js-2.0.0.tgz 17271ms (cache miss)
1876 http fetch GET 200 https://registry.npmjs.org/svg.draggable.js/-/svg.draggable.js-2.2.2.tgz 17295ms (cache miss)
1877 http fetch GET 200 https://registry.npmjs.org/supports-color/-/supports-color-7.2.0.tgz 17469ms (cache miss)
1878 http fetch GET 200 https://registry.npmjs.org/tr46/-/tr46-0.0.3.tgz 17540ms (cache miss)
1879 http fetch GET 200 https://registry.npmjs.org/strip-final-newline/-/strip-final-newline-2.0.0.tgz 17468ms (cache miss)
1880 http fetch GET 200 https://registry.npmjs.org/supports-preserve-symlinks-flag/-/supports-preserve-symlinks-flag-1.0.0.tgz 17474ms (cache miss)
1881 http fetch GET 200 https://registry.npmjs.org/strip-ansi/-/strip-ansi-6.0.1.tgz 17587ms (cache miss)
1882 http fetch GET https://codeload.github.com/angular/router/tar.gz/HEAD attempt 2 failed with ETIMEDOUT
1883 http fetch GET 200 https://registry.npmjs.org/strip-ansi/-/strip-ansi-6.0.1.tgz 17699ms (cache miss)
1884 http fetch GET 200 https://registry.npmjs.org/string-width/-/string-width-4.2.3.tgz 17716ms (cache miss)
1885 http fetch GET 200 https://registry.npmjs.org/svg.filter.js/-/svg.filter.js-2.0.2.tgz 17751ms (cache miss)
1886 http fetch GET 200 https://registry.npmjs.org/string-width/-/string-width-4.2.3.tgz 17871ms (cache miss)
1887 http fetch GET 200 https://registry.npmjs.org/stream-shift/-/stream-shift-1.0.3.tgz 17957ms (cache miss)
1888 http fetch GET 200 https://registry.npmjs.org/static-extend/-/static-extend-0.1.2.tgz 18050ms (cache miss)
1889 http fetch GET 200 https://registry.npmjs.org/string_decoder/-/string_decoder-1.3.0.tgz 18268ms (cache miss)
1890 http fetch GET 200 https://registry.npmjs.org/stream-each/-/stream-each-1.2.3.tgz 18492ms (cache miss)
1891 http fetch GET 200 https://registry.npmjs.org/statuses/-/statuses-1.5.0.tgz 18748ms (cache miss)
1892 http fetch GET 200 https://registry.npmjs.org/streamroller/-/streamroller-3.1.4.tgz 18848ms (cache miss)
1893 http fetch GET 200 https://registry.npmjs.org/split-string/-/split-string-3.1.0.tgz 18969ms (cache miss)
1894 http fetch GET 200 https://registry.npmjs.org/tsutils/-/tsutils-2.29.0.tgz 19117ms (cache miss)
1895 http fetch GET 200 https://registry.npmjs.org/spdx-license-ids/-/spdx-license-ids-3.0.21.tgz 19368ms (cache miss)
1896 http fetch GET 200 https://registry.npmjs.org/ssri/-/ssri-10.0.1.tgz 19458ms (cache miss)
1897 http fetch GET 200 https://registry.npmjs.org/spdx-expression-parse/-/spdx-expression-parse-3.0.1.tgz 19625ms (cache miss)
1898 http fetch GET 200 https://registry.npmjs.org/spdy/-/spdy-4.0.2.tgz 20017ms (cache miss)
1899 http fetch GET 200 https://registry.npmjs.org/source-map-url/-/source-map-url-0.4.1.tgz 20072ms (cache miss)
1900 warn deprecated source-map-url@0.4.1: See https://github.com/lydell/source-map-url#deprecated
1901 http fetch GET 200 https://registry.npmjs.org/sprintf-js/-/sprintf-js-1.1.3.tgz 20117ms (cache miss)
1902 http fetch GET 200 https://registry.npmjs.org/sshpk/-/sshpk-1.17.0.tgz 20413ms (cache miss)
1903 http fetch GET 200 https://registry.npmjs.org/spdx-exceptions/-/spdx-exceptions-2.5.0.tgz 20435ms (cache miss)
1904 http fetch GET 200 https://registry.npmjs.org/spdx-correct/-/spdx-correct-3.2.0.tgz 20613ms (cache miss)
1905 http fetch GET 200 https://registry.npmjs.org/spdy-transport/-/spdy-transport-3.0.0.tgz 20841ms (cache miss)
1906 http fetch GET 200 https://registry.npmjs.org/socks-proxy-agent/-/socks-proxy-agent-7.0.0.tgz 21145ms (cache miss)
1907 http fetch GET 200 https://registry.npmjs.org/source-map-resolve/-/source-map-resolve-0.5.3.tgz 21297ms (cache miss)
1908 warn deprecated source-map-resolve@0.5.3: See https://github.com/lydell/source-map-resolve#deprecated
1909 http fetch GET 200 https://registry.npmjs.org/source-map-loader/-/source-map-loader-4.0.1.tgz 21359ms (cache miss)
1910 http fetch GET 200 https://registry.npmjs.org/source-map-js/-/source-map-js-1.0.2.tgz 21542ms (cache miss)
1911 http fetch GET 200 https://registry.npmjs.org/source-map-support/-/source-map-support-0.5.21.tgz 21851ms (cache miss)
1912 http fetch GET 200 https://registry.npmjs.org/socket.io-parser/-/socket.io-parser-4.2.4.tgz 22288ms (cache miss)
1913 http fetch GET 200 https://registry.npmjs.org/tslint/-/tslint-5.20.1.tgz 22702ms (cache miss)
1914 http fetch GET 200 https://registry.npmjs.org/sockjs/-/sockjs-0.3.24.tgz 22765ms (cache miss)
1915 http fetch GET 200 https://registry.npmjs.org/socket.io-adapter/-/socket.io-adapter-2.5.5.tgz 22832ms (cache miss)
1916 http fetch GET 200 https://registry.npmjs.org/socks/-/socks-2.8.3.tgz 23036ms (cache miss)
1917 http fetch GET 200 https://registry.npmjs.org/snapdragon-node/-/snapdragon-node-2.1.1.tgz 23210ms (cache miss)
1918 http fetch GET 200 https://registry.npmjs.org/snapdragon/-/snapdragon-0.8.2.tgz 23225ms (cache miss)
1919 http fetch GET 200 https://registry.npmjs.org/slide/-/slide-1.1.6.tgz 23570ms (cache miss)
1920 http fetch GET 200 https://registry.npmjs.org/slash/-/slash-4.0.0.tgz 23661ms (cache miss)
1921 http fetch GET 200 https://registry.npmjs.org/snapdragon-util/-/snapdragon-util-3.0.1.tgz 23876ms (cache miss)
1922 http fetch GET 200 https://registry.npmjs.org/side-channel-weakmap/-/side-channel-weakmap-1.0.2.tgz 24432ms (cache miss)
1923 http fetch GET 200 https://registry.npmjs.org/source-map/-/source-map-0.7.4.tgz 24534ms (cache miss)
1924 http fetch GET 200 https://registry.npmjs.org/signal-exit/-/signal-exit-3.0.7.tgz 24847ms (cache miss)
1925 http fetch GET 200 https://registry.npmjs.org/side-channel-map/-/side-channel-map-1.0.1.tgz 25105ms (cache miss)
1926 http fetch GET 200 https://registry.npmjs.org/simplebar-angular/-/simplebar-angular-2.5.0.tgz 25144ms (cache miss)
1927 http fetch GET 200 https://registry.npmjs.org/side-channel-list/-/side-channel-list-1.0.0.tgz 25231ms (cache miss)
1928 http fetch GET 200 https://registry.npmjs.org/shebang-regex/-/shebang-regex-3.0.0.tgz 25255ms (cache miss)
1929 http fetch GET 200 https://registry.npmjs.org/zone.js/-/zone.js-0.12.0.tgz 25793ms (cache miss)
1930 http fetch GET 200 https://registry.npmjs.org/smart-buffer/-/smart-buffer-4.2.0.tgz 25527ms (cache miss)
1931 http fetch GET 200 https://registry.npmjs.org/shallow-clone/-/shallow-clone-3.0.1.tgz 25606ms (cache miss)
1932 http fetch GET 200 https://registry.npmjs.org/setimmediate/-/setimmediate-1.0.5.tgz 25711ms (cache miss)
1933 http fetch GET 200 https://registry.npmjs.org/side-channel/-/side-channel-1.1.0.tgz 25830ms (cache miss)
1934 http fetch GET 200 https://registry.npmjs.org/set-blocking/-/set-blocking-2.0.0.tgz 25853ms (cache miss)
1935 http fetch GET 200 https://registry.npmjs.org/set-value/-/set-value-2.0.1.tgz 25900ms (cache miss)
1936 http fetch GET 200 https://registry.npmjs.org/shebang-command/-/shebang-command-2.0.0.tgz 25987ms (cache miss)
1937 http fetch GET 200 https://registry.npmjs.org/serve-static/-/serve-static-1.16.2.tgz 25991ms (cache miss)
1938 http fetch GET 200 https://registry.npmjs.org/semver-dsl/-/semver-dsl-1.0.1.tgz 26186ms (cache miss)
1939 http fetch GET 200 https://registry.npmjs.org/setprototypeof/-/setprototypeof-1.2.0.tgz 26252ms (cache miss)
1940 http fetch GET 200 https://registry.npmjs.org/serialize-javascript/-/serialize-javascript-6.0.2.tgz 26357ms (cache miss)
1941 http fetch GET 200 https://registry.npmjs.org/semver-intersect/-/semver-intersect-1.4.0.tgz 26374ms (cache miss)
1942 http fetch GET 200 https://registry.npmjs.org/semver/-/semver-7.5.3.tgz 26789ms (cache miss)
1943 http fetch GET 200 https://registry.npmjs.org/sigstore/-/sigstore-1.9.0.tgz 26890ms (cache miss)
1944 http fetch GET 200 https://registry.npmjs.org/select-hose/-/select-hose-2.0.0.tgz 26906ms (cache miss)
1945 http fetch GET 200 https://registry.npmjs.org/send/-/send-0.19.0.tgz 27034ms (cache miss)
1946 http fetch GET 200 https://registry.npmjs.org/schema-utils/-/schema-utils-4.3.0.tgz 27225ms (cache miss)
1947 http fetch GET 200 https://registry.npmjs.org/selfsigned/-/selfsigned-2.1.1.tgz 27324ms (cache miss)
1948 http fetch GET 200 https://registry.npmjs.org/simplebar/-/simplebar-5.3.9.tgz 27588ms (cache miss)
1949 http fetch GET 200 https://registry.npmjs.org/saucelabs/-/saucelabs-1.5.0.tgz 27663ms (cache miss)
1950 http fetch GET 200 https://registry.npmjs.org/sax/-/sax-1.2.4.tgz 27853ms (cache miss)
1951 http fetch GET 200 https://registry.npmjs.org/sass-loader/-/sass-loader-13.2.0.tgz 27956ms (cache miss)
1952 http fetch GET 200 https://registry.npmjs.org/safe-regex/-/safe-regex-1.1.0.tgz 27962ms (cache miss)
1953 http fetch GET 200 https://registry.npmjs.org/safer-buffer/-/safer-buffer-2.1.2.tgz 28271ms (cache miss)
1954 http fetch GET 200 https://registry.npmjs.org/socket.io/-/socket.io-4.8.1.tgz 28424ms (cache miss)
1955 http fetch GET 200 https://registry.npmjs.org/rxjs-tslint/-/rxjs-tslint-0.1.8.tgz 28531ms (cache miss)
1956 http fetch GET 200 https://registry.npmjs.org/safe-buffer/-/safe-buffer-5.2.1.tgz 28635ms (cache miss)
1957 http fetch GET 200 https://registry.npmjs.org/serve-index/-/serve-index-1.9.1.tgz 28706ms (cache miss)
1958 http fetch GET 200 https://registry.npmjs.org/run-queue/-/run-queue-1.0.3.tgz 28796ms (cache miss)
1959 http fetch GET 200 https://registry.npmjs.org/run-parallel/-/run-parallel-1.2.0.tgz 28798ms (cache miss)
1960 http fetch GET 200 https://registry.npmjs.org/rimraf/-/rimraf-3.0.2.tgz 28957ms (cache miss)
1961 warn deprecated rimraf@3.0.2: Rimraf versions prior to v4 are no longer supported
1962 http fetch GET 200 https://registry.npmjs.org/reusify/-/reusify-1.0.4.tgz 29109ms (cache miss)
1963 http fetch GET 200 https://registry.npmjs.org/rfdc/-/rfdc-1.3.0.tgz 29208ms (cache miss)
1964 http fetch GET 200 https://registry.npmjs.org/run-async/-/run-async-2.4.1.tgz 29319ms (cache miss)
1965 http fetch GET 200 https://registry.npmjs.org/retry/-/retry-0.12.0.tgz 29376ms (cache miss)
1966 http fetch GET 200 https://registry.npmjs.org/restore-cursor/-/restore-cursor-3.1.0.tgz 29383ms (cache miss)
1967 http fetch GET 200 https://registry.npmjs.org/ret/-/ret-0.1.15.tgz 29581ms (cache miss)
1968 http fetch GET 200 https://registry.npmjs.org/resolve-from/-/resolve-from-5.0.0.tgz 29593ms (cache miss)
1969 http fetch GET 200 https://registry.npmjs.org/resolve-url/-/resolve-url-0.2.1.tgz 30004ms (cache miss)
1970 warn deprecated resolve-url@0.2.1: https://github.com/lydell/resolve-url#deprecated
1971 http fetch GET 200 https://registry.npmjs.org/resize-observer-polyfill/-/resize-observer-polyfill-1.5.1.tgz 30510ms (cache miss)
1972 http fetch GET 200 https://registry.npmjs.org/svg.js/-/svg.js-2.7.1.tgz 31071ms (cache miss)
1973 http fetch GET 200 https://registry.npmjs.org/require-main-filename/-/require-main-filename-2.0.0.tgz 30885ms (cache miss)
1974 http fetch GET 200 https://registry.npmjs.org/require-from-string/-/require-from-string-2.0.2.tgz 31147ms (cache miss)
1975 http fetch GET 200 https://registry.npmjs.org/resolve-url-loader/-/resolve-url-loader-5.0.0.tgz 31160ms (cache miss)
1976 http fetch GET 200 https://registry.npmjs.org/require-directory/-/require-directory-2.1.1.tgz 31469ms (cache miss)
1977 http fetch GET 200 https://registry.npmjs.org/resolve/-/resolve-1.22.1.tgz 31530ms (cache miss)
1978 http fetch GET 200 https://registry.npmjs.org/repeat-string/-/repeat-string-1.6.1.tgz 31991ms (cache miss)
1979 http fetch GET 200 https://registry.npmjs.org/repeat-element/-/repeat-element-1.1.4.tgz 32371ms (cache miss)
1980 http fetch GET 200 https://registry.npmjs.org/remove-trailing-separator/-/remove-trailing-separator-1.1.0.tgz 32514ms (cache miss)
1981 http fetch GET 200 https://registry.npmjs.org/regex-parser/-/regex-parser-2.2.11.tgz 32863ms (cache miss)
1982 http fetch GET 200 https://registry.npmjs.org/regjsgen/-/regjsgen-0.7.1.tgz 32982ms (cache miss)
1983 http fetch GET 200 https://registry.npmjs.org/regjsparser/-/regjsparser-0.9.1.tgz 33117ms (cache miss)
1984 http fetch GET 200 https://registry.npmjs.org/requires-port/-/requires-port-1.0.0.tgz 33235ms (cache miss)
1985 http fetch GET 200 https://registry.npmjs.org/safevalues/-/safevalues-0.3.4.tgz 33520ms (cache miss)
1986 http fetch GET 200 https://registry.npmjs.org/regexpu-core/-/regexpu-core-5.2.2.tgz 33535ms (cache miss)
1987 http fetch GET 200 https://registry.npmjs.org/regenerator-runtime/-/regenerator-runtime-0.13.11.tgz 33622ms (cache miss)
1988 http fetch GET 200 https://registry.npmjs.org/regex-not/-/regex-not-1.0.2.tgz 33759ms (cache miss)
1989 http fetch GET 200 https://registry.npmjs.org/regenerate/-/regenerate-1.4.2.tgz 34133ms (cache miss)
1990 http fetch GET 200 https://registry.npmjs.org/readdirp/-/readdirp-3.6.0.tgz 34319ms (cache miss)
1991 http fetch GET 200 https://registry.npmjs.org/regenerator-transform/-/regenerator-transform-0.15.1.tgz 34417ms (cache miss)
1992 http fetch GET 200 https://registry.npmjs.org/terser/-/terser-5.16.3.tgz 34743ms (cache miss)
1993 http fetch GET 200 https://registry.npmjs.org/read-package-json-fast/-/read-package-json-fast-3.0.2.tgz 34700ms (cache miss)
1994 http fetch GET 200 https://registry.npmjs.org/raw-body/-/raw-body-2.5.2.tgz 34996ms (cache miss)
1995 http fetch GET 200 https://registry.npmjs.org/range-parser/-/range-parser-1.2.1.tgz 35075ms (cache miss)
1996 http fetch GET 200 https://registry.npmjs.org/zrender/-/zrender-5.4.1.tgz 35585ms (cache miss)
1997 http fetch GET 200 https://registry.npmjs.org/request/-/request-2.88.2.tgz 35226ms (cache miss)
1998 warn deprecated request@2.88.2: request has been deprecated, see https://github.com/request/request/issues/3142
1999 http fetch GET 200 https://registry.npmjs.org/read-package-json/-/read-package-json-6.0.4.tgz 35268ms (cache miss)
2000 warn deprecated read-package-json@6.0.4: This package is no longer supported. Please use @npmcli/package-json instead.
2001 http fetch GET 200 https://registry.npmjs.org/readable-stream/-/readable-stream-3.6.0.tgz 35326ms (cache miss)
2002 http fetch GET 200 https://registry.npmjs.org/randombytes/-/randombytes-2.1.0.tgz 35372ms (cache miss)
2003 http fetch GET 200 https://registry.npmjs.org/queue-microtask/-/queue-microtask-1.2.3.tgz 35463ms (cache miss)
2004 http fetch GET 200 https://registry.npmjs.org/qjobs/-/qjobs-1.2.0.tgz 35618ms (cache miss)
2005 http fetch GET 200 https://registry.npmjs.org/pumpify/-/pumpify-1.5.1.tgz 35753ms (cache miss)
2006 http fetch GET 200 https://registry.npmjs.org/pseudomap/-/pseudomap-1.0.2.tgz 36004ms (cache miss)
2007 http fetch GET 200 https://registry.npmjs.org/punycode/-/punycode-2.3.0.tgz 36250ms (cache miss)
2008 http fetch GET 200 https://registry.npmjs.org/qs/-/qs-6.13.0.tgz 36470ms (cache miss)
2009 http fetch GET 200 https://registry.npmjs.org/proxy-addr/-/proxy-addr-2.0.7.tgz 36773ms (cache miss)
2010 http fetch GET 200 https://registry.npmjs.org/q/-/q-1.4.1.tgz 36890ms (cache miss)
2011 warn deprecated q@1.4.1: You or someone you depend on is using Q, the JavaScript Promise library that gave JavaScript developers strong feelings about promises. They can almost certainly migrate to the native JavaScript promise now. Thank you literally everyone for joining me in this bet against the odds. Be excellent to each other.
2011 warn deprecated
2011 warn deprecated (For a CapTP with native promises, see @endo/eventual-send and @endo/captp)
2012 http fetch GET 200 https://registry.npmjs.org/pump/-/pump-3.0.2.tgz 37364ms (cache miss)
2013 http fetch GET 200 https://registry.npmjs.org/promise-inflight/-/promise-inflight-1.0.1.tgz 37593ms (cache miss)
2014 http fetch GET 200 https://registry.npmjs.org/protoduck/-/protoduck-5.0.1.tgz 37724ms (cache miss)
2015 http fetch GET 200 https://registry.npmjs.org/prr/-/prr-1.0.1.tgz 37915ms (cache miss)
2016 http fetch GET 200 https://registry.npmjs.org/process-nextick-args/-/process-nextick-args-2.0.1.tgz 37955ms (cache miss)
2017 http fetch GET 200 https://registry.npmjs.org/proc-log/-/proc-log-3.0.0.tgz 38125ms (cache miss)
2018 http fetch GET 200 https://registry.npmjs.org/promise-retry/-/promise-retry-2.0.1.tgz 38220ms (cache miss)
2019 http fetch GET 200 https://registry.npmjs.org/webpack/-/webpack-5.76.1.tgz 39106ms (cache miss)
2020 http fetch GET 200 https://registry.npmjs.org/postcss-value-parser/-/postcss-value-parser-4.2.0.tgz 38860ms (cache miss)
2021 http fetch GET 200 https://registry.npmjs.org/pretty-bytes/-/pretty-bytes-5.6.0.tgz 38870ms (cache miss)
2022 http fetch GET 200 https://registry.npmjs.org/sass/-/sass-1.58.1.tgz 38987ms (cache miss)
2023 http fetch GET 200 https://registry.npmjs.org/postcss-modules-local-by-default/-/postcss-modules-local-by-default-4.0.0.tgz 39106ms (cache miss)
2024 http fetch GET 200 https://registry.npmjs.org/postcss-modules-scope/-/postcss-modules-scope-3.0.0.tgz 39401ms (cache miss)
2025 http fetch GET 200 https://registry.npmjs.org/postcss-modules-values/-/postcss-modules-values-4.0.0.tgz 39510ms (cache miss)
2026 http fetch GET 200 https://registry.npmjs.org/protractor/-/protractor-7.0.0.tgz 39556ms (cache miss)
2027 warn deprecated protractor@7.0.0: We have news to share - Protractor is deprecated and will reach end-of-life by Summer 2023. To learn more and find out about other options please refer to this post on the Angular blog. Thank you for using and contributing to Protractor. https://goo.gle/state-of-e2e-in-angular
2028 http fetch GET 200 https://registry.npmjs.org/posix-character-classes/-/posix-character-classes-0.1.1.tgz 39735ms (cache miss)
2029 http fetch GET 200 https://registry.npmjs.org/pkg-dir/-/pkg-dir-4.2.0.tgz 39942ms (cache miss)
2030 http fetch GET 200 https://registry.npmjs.org/postcss-modules-extract-imports/-/postcss-modules-extract-imports-3.0.0.tgz 40314ms (cache miss)
2031 http fetch GET 200 https://registry.npmjs.org/postcss-loader/-/postcss-loader-7.0.2.tgz 40441ms (cache miss)
2032 http fetch GET 200 https://registry.npmjs.org/postcss-selector-parser/-/postcss-selector-parser-6.0.11.tgz 40756ms (cache miss)
2033 http fetch GET 200 https://registry.npmjs.org/piscina/-/piscina-3.2.0.tgz 40905ms (cache miss)
2034 http fetch GET 200 https://registry.npmjs.org/pinkie-promise/-/pinkie-promise-2.0.1.tgz 41361ms (cache miss)
2035 http fetch GET 200 https://registry.npmjs.org/pinkie/-/pinkie-2.0.4.tgz 41546ms (cache miss)
2036 http fetch GET 200 https://registry.npmjs.org/pify/-/pify-2.3.0.tgz 41585ms (cache miss)
2037 http fetch GET 200 https://registry.npmjs.org/picomatch/-/picomatch-2.3.1.tgz 41612ms (cache miss)
2038 http fetch GET 200 https://registry.npmjs.org/picocolors/-/picocolors-1.0.0.tgz 41696ms (cache miss)
2039 http fetch GET 200 https://registry.npmjs.org/performance-now/-/performance-now-2.1.0.tgz 41954ms (cache miss)
2040 http fetch GET 200 https://registry.npmjs.org/path-to-regexp/-/path-to-regexp-0.1.12.tgz 41967ms (cache miss)
2041 http fetch GET 200 https://registry.npmjs.org/path-type/-/path-type-4.0.0.tgz 42147ms (cache miss)
2042 http fetch GET 200 https://registry.npmjs.org/path-key/-/path-key-3.1.1.tgz 42199ms (cache miss)
2043 http fetch GET 200 https://registry.npmjs.org/path-is-absolute/-/path-is-absolute-1.0.1.tgz 42356ms (cache miss)
2044 http fetch GET 200 https://registry.npmjs.org/path-parse/-/path-parse-1.0.7.tgz 42615ms (cache miss)
2045 http fetch GET 200 https://registry.npmjs.org/path-is-inside/-/path-is-inside-1.0.2.tgz 42738ms (cache miss)
2046 http fetch GET 200 https://registry.npmjs.org/postcss/-/postcss-8.4.31.tgz 42774ms (cache miss)
2047 http fetch GET 200 https://registry.npmjs.org/path-dirname/-/path-dirname-1.0.2.tgz 42918ms (cache miss)
2048 http fetch GET 200 https://registry.npmjs.org/path-exists/-/path-exists-4.0.0.tgz 43026ms (cache miss)
2049 http fetch GET 200 https://registry.npmjs.org/path-scurry/-/path-scurry-1.11.1.tgz 43079ms (cache miss)
2050 http fetch GET 200 https://registry.npmjs.org/pascalcase/-/pascalcase-0.1.1.tgz 43159ms (cache miss)
2051 http fetch GET 200 https://registry.npmjs.org/parse5-html-rewriting-stream/-/parse5-html-rewriting-stream-7.0.0.tgz 43302ms (cache miss)
2052 http fetch GET 200 https://registry.npmjs.org/parseurl/-/parseurl-1.3.3.tgz 43307ms (cache miss)
2053 http fetch GET 200 https://registry.npmjs.org/parse-node-version/-/parse-node-version-1.0.1.tgz 43547ms (cache miss)
2054 http fetch GET 200 https://registry.npmjs.org/parse5-htmlparser2-tree-adapter/-/parse5-htmlparser2-tree-adapter-6.0.1.tgz 43569ms (cache miss)
2055 http fetch GET 200 https://registry.npmjs.org/parse-json/-/parse-json-5.2.0.tgz 43675ms (cache miss)
2056 http fetch GET 200 https://registry.npmjs.org/parent-module/-/parent-module-1.0.1.tgz 43735ms (cache miss)
2057 http fetch GET 200 https://registry.npmjs.org/parallel-transform/-/parallel-transform-1.2.0.tgz 43796ms (cache miss)
2058 http fetch GET 200 https://registry.npmjs.org/parse5-sax-parser/-/parse5-sax-parser-7.0.0.tgz 43885ms (cache miss)
2059 http fetch GET 200 https://registry.npmjs.org/p-try/-/p-try-2.2.0.tgz 44117ms (cache miss)
2060 http fetch GET 200 https://registry.npmjs.org/p-retry/-/p-retry-4.6.2.tgz 44511ms (cache miss)
2061 http fetch GET 200 https://registry.npmjs.org/rxjs-compat/-/rxjs-compat-6.6.7.tgz 44735ms (cache miss)
2062 http fetch GET 200 https://registry.npmjs.org/package-json-from-dist/-/package-json-from-dist-1.0.1.tgz 44621ms (cache miss)
2063 http fetch GET 200 https://registry.npmjs.org/pacote/-/pacote-15.1.0.tgz 44652ms (cache miss)
2064 http fetch GET 200 https://registry.npmjs.org/p-locate/-/p-locate-4.1.0.tgz 44739ms (cache miss)
2065 http fetch GET 200 https://registry.npmjs.org/outlayer/-/outlayer-2.1.1.tgz 45482ms (cache miss)
2066 http fetch GET 200 https://registry.npmjs.org/psl/-/psl-1.9.0.tgz 45692ms (cache miss)
2067 http fetch GET 200 https://registry.npmjs.org/p-map/-/p-map-4.0.0.tgz 45747ms (cache miss)
2068 http fetch GET 200 https://registry.npmjs.org/rxjs/-/rxjs-7.8.0.tgz 46033ms (cache miss)
2069 http fetch GET 200 https://registry.npmjs.org/os-homedir/-/os-homedir-1.0.2.tgz 45942ms (cache miss)
2070 http fetch GET 200 https://registry.npmjs.org/p-limit/-/p-limit-2.3.0.tgz 46027ms (cache miss)
2071 http fetch GET 200 https://registry.npmjs.org/os-tmpdir/-/os-tmpdir-1.0.2.tgz 46175ms (cache miss)
2072 http fetch GET 200 https://registry.npmjs.org/osenv/-/osenv-0.1.5.tgz 46215ms (cache miss)
2073 warn deprecated osenv@0.1.5: This package is no longer supported.
2074 http fetch GET 200 https://registry.npmjs.org/regenerate-unicode-properties/-/regenerate-unicode-properties-10.1.0.tgz 46390ms (cache miss)
2075 http fetch GET 200 https://registry.npmjs.org/on-headers/-/on-headers-1.0.2.tgz 46371ms (cache miss)
2076 http fetch GET 200 https://registry.npmjs.org/on-finished/-/on-finished-2.4.1.tgz 46406ms (cache miss)
2077 http fetch GET 200 https://registry.npmjs.org/preact/-/preact-10.11.3.tgz 46633ms (cache miss)
2078 http fetch GET 200 https://registry.npmjs.org/obuf/-/obuf-1.1.2.tgz 46728ms (cache miss)
2079 http fetch GET 200 https://registry.npmjs.org/onetime/-/onetime-5.1.2.tgz 46766ms (cache miss)
2080 http fetch GET 200 https://registry.npmjs.org/object-visit/-/object-visit-1.0.1.tgz 46881ms (cache miss)
2081 http fetch GET 200 https://registry.npmjs.org/once/-/once-1.4.0.tgz 47054ms (cache miss)
2082 http fetch GET 200 https://registry.npmjs.org/object.pick/-/object.pick-1.3.0.tgz 47109ms (cache miss)
2083 http fetch GET 200 https://registry.npmjs.org/number-is-nan/-/number-is-nan-1.0.1.tgz 47265ms (cache miss)
2084 http fetch GET 200 https://registry.npmjs.org/opn/-/opn-5.4.0.tgz 47514ms (cache miss)
2085 http fetch GET 200 https://registry.npmjs.org/object-copy/-/object-copy-0.1.0.tgz 47517ms (cache miss)
2086 http fetch GET 200 https://registry.npmjs.org/open/-/open-8.4.1.tgz 47680ms (cache miss)
2087 http fetch GET 200 https://registry.npmjs.org/ora/-/ora-5.4.1.tgz 47700ms (cache miss)
2088 http fetch GET 200 https://registry.npmjs.org/object-assign/-/object-assign-4.1.1.tgz 47799ms (cache miss)
2089 http fetch GET 200 https://registry.npmjs.org/object-inspect/-/object-inspect-1.13.3.tgz 47808ms (cache miss)
2090 http fetch GET 200 https://registry.npmjs.org/oauth-sign/-/oauth-sign-0.9.0.tgz 47817ms (cache miss)
2091 http fetch GET 200 https://registry.npmjs.org/npmlog/-/npmlog-6.0.2.tgz 47896ms (cache miss)
2092 warn deprecated npmlog@6.0.2: This package is no longer supported.
2093 http fetch GET 200 https://registry.npmjs.org/npm-normalize-package-bin/-/npm-normalize-package-bin-3.0.1.tgz 48109ms (cache miss)
2094 http fetch GET 200 https://registry.npmjs.org/npm-pick-manifest/-/npm-pick-manifest-8.0.1.tgz 48155ms (cache miss)
2095 http fetch GET 200 https://registry.npmjs.org/npm-packlist/-/npm-packlist-7.0.4.tgz 48220ms (cache miss)
2096 http fetch GET 200 https://registry.npmjs.org/npm-bundled/-/npm-bundled-3.0.1.tgz 48338ms (cache miss)
2097 http fetch GET 200 https://registry.npmjs.org/nth-check/-/nth-check-2.1.1.tgz 48459ms (cache miss)
2098 http fetch GET 200 https://registry.npmjs.org/normalize-range/-/normalize-range-0.1.2.tgz 48487ms (cache miss)
2099 http fetch GET 200 https://registry.npmjs.org/npm-install-checks/-/npm-install-checks-6.3.0.tgz 48596ms (cache miss)
2100 http fetch GET 200 https://registry.npmjs.org/normalize-path/-/normalize-path-3.0.0.tgz 48600ms (cache miss)
2101 http fetch GET 200 https://registry.npmjs.org/npm-registry-fetch/-/npm-registry-fetch-14.0.5.tgz 48670ms (cache miss)
2102 http fetch GET 200 https://registry.npmjs.org/npm-run-path/-/npm-run-path-4.0.1.tgz 48718ms (cache miss)
2103 http fetch GET 200 https://registry.npmjs.org/npm-package-arg/-/npm-package-arg-10.1.0.tgz 48713ms (cache miss)
2104 http fetch GET 200 https://registry.npmjs.org/node-releases/-/node-releases-2.0.9.tgz 48862ms (cache miss)
2105 http fetch GET 200 https://registry.npmjs.org/node-gyp-build/-/node-gyp-build-4.8.4.tgz 49033ms (cache miss)
2106 http fetch GET 200 https://registry.npmjs.org/nopt/-/nopt-6.0.0.tgz 49323ms (cache miss)
2107 http fetch GET 200 https://registry.npmjs.org/normalize-package-data/-/normalize-package-data-5.0.0.tgz 49346ms (cache miss)
2108 http fetch GET 200 https://registry.npmjs.org/npm-registry-client/-/npm-registry-client-8.6.0.tgz 50120ms (cache miss)
2109 warn deprecated npm-registry-client@8.6.0: This package is no longer supported.
2110 http fetch GET 200 https://registry.npmjs.org/node-fetch-npm/-/node-fetch-npm-2.0.4.tgz 50231ms (cache miss)
2111 warn deprecated node-fetch-npm@2.0.4: This module is not used anymore, npm uses minipass-fetch for its fetch implementation now
2112 http fetch GET 200 https://registry.npmjs.org/node-addon-api/-/node-addon-api-3.2.1.tgz 50463ms (cache miss)
2113 http fetch GET 200 https://registry.npmjs.org/parse5/-/parse5-6.0.1.tgz 50627ms (cache miss)
2114 http fetch GET 200 https://registry.npmjs.org/nice-napi/-/nice-napi-1.0.2.tgz 50745ms (cache miss)
2115 http fetch GET 200 https://registry.npmjs.org/ngx-youtube-player/-/ngx-youtube-player-12.0.2.tgz 51396ms (cache miss)
2116 http fetch GET 200 https://registry.npmjs.org/ngx-masonry/-/ngx-masonry-14.0.1.tgz 51414ms (cache miss)
2117 http fetch GET 200 https://registry.npmjs.org/node-fetch/-/node-fetch-2.6.7.tgz 51928ms (cache miss)
2118 http fetch GET 200 https://registry.npmjs.org/sweetalert2/-/sweetalert2-11.15.10.tgz 53693ms (cache miss)
2119 http fetch GET 200 https://registry.npmjs.org/ngx-mask/-/ngx-mask-14.2.4.tgz 54252ms (cache miss)
2120 http fetch GET 200 https://registry.npmjs.org/ngx-filesaver/-/ngx-filesaver-14.0.0.tgz 54360ms (cache miss)
2121 http fetch GET 200 https://registry.npmjs.org/ngx-ui-switch/-/ngx-ui-switch-14.0.3.tgz 54638ms (cache miss)
2122 http fetch GET 200 https://registry.npmjs.org/ngx-echarts/-/ngx-echarts-15.0.1.tgz 55102ms (cache miss)
2123 http fetch GET 200 https://registry.npmjs.org/ngx-drag-drop/-/ngx-drag-drop-15.0.1.tgz 57266ms (cache miss)
2124 http fetch GET 200 https://registry.npmjs.org/ngx-cookie-service/-/ngx-cookie-service-15.0.0.tgz 58341ms (cache miss)
2125 http fetch GET 200 https://registry.npmjs.org/ngx-image-cropper/-/ngx-image-cropper-6.3.2.tgz 59152ms (cache miss)
2126 http fetch GET 200 https://registry.npmjs.org/ngx-toastr/-/ngx-toastr-16.0.2.tgz 59953ms (cache miss)
2127 http fetch GET 200 https://registry.npmjs.org/ngx-dropzone-wrapper/-/ngx-dropzone-wrapper-13.0.0.tgz 59929ms (cache miss)
2128 http fetch GET 200 https://registry.npmjs.org/ngx-dropzone/-/ngx-dropzone-3.1.0.tgz 64191ms (cache miss)
2129 warn deprecated ngx-dropzone@3.1.0: This package is deprecated and will no longer receive any updates. Please take a look at the official successor repo at hackingharold/ngx-dropzone
2130 http fetch GET 200 https://registry.npmjs.org/ngx-color-picker/-/ngx-color-picker-13.0.0.tgz 65327ms (cache miss)
2131 http fetch GET 200 https://registry.npmjs.org/ng2-search-filter/-/ng2-search-filter-0.5.1.tgz 65714ms (cache miss)
2132 http fetch GET 200 https://registry.npmjs.org/ngx-chartist/-/ngx-chartist-1.0.3.tgz 68103ms (cache miss)
2133 http fetch GET 200 https://registry.npmjs.org/ngx-owl-carousel-o/-/ngx-owl-carousel-o-15.0.0.tgz 69762ms (cache miss)
2134 http fetch GET 200 https://registry.npmjs.org/ng2-completer/-/ng2-completer-9.0.1.tgz 72216ms (cache miss)
2135 http fetch GET 200 https://registry.npmjs.org/ng-recaptcha/-/ng-recaptcha-13.2.1.tgz 73048ms (cache miss)
2136 http fetch GET 200 https://registry.npmjs.org/ng-otp-input/-/ng-otp-input-1.8.5.tgz 73421ms (cache miss)
2137 http fetch GET 200 https://registry.npmjs.org/ng-chartist/-/ng-chartist-7.1.1.tgz 73883ms (cache miss)
2138 http fetch GET 200 https://registry.npmjs.org/pako/-/pako-1.0.11.tgz 74870ms (cache miss)
2139 http fetch GET 200 https://registry.npmjs.org/negotiator/-/negotiator-0.6.3.tgz 74870ms (cache miss)
2140 http fetch GET 200 https://registry.npmjs.org/neo-async/-/neo-async-2.6.2.tgz 75131ms (cache miss)
2141 http fetch GET 200 https://registry.npmjs.org/node-forge/-/node-forge-1.3.1.tgz 75484ms (cache miss)
2142 http fetch GET 200 https://registry.npmjs.org/ng2-charts/-/ng2-charts-2.4.3.tgz 76131ms (cache miss)
2143 http fetch GET 200 https://registry.npmjs.org/nanoid/-/nanoid-3.3.8.tgz 76648ms (cache miss)
2144 http fetch GET 200 https://registry.npmjs.org/multicast-dns/-/multicast-dns-7.2.5.tgz 77090ms (cache miss)
2145 http fetch GET 200 https://registry.npmjs.org/mute-stream/-/mute-stream-0.0.8.tgz 77338ms (cache miss)
2146 http fetch GET https://codeload.github.com/angular/router/tar.gz/HEAD attempt 3 failed with ETIMEDOUT
2147 http fetch GET 200 https://registry.npmjs.org/ms/-/ms-2.1.2.tgz 77781ms (cache miss)
2148 http fetch GET 200 https://registry.npmjs.org/ng-apexcharts/-/ng-apexcharts-1.7.4.tgz 77804ms (cache miss)
2149 http fetch GET 200 https://registry.npmjs.org/nanomatch/-/nanomatch-1.2.13.tgz 77987ms (cache miss)
2150 http fetch GET 200 https://registry.npmjs.org/mixin-deep/-/mixin-deep-1.3.2.tgz 78378ms (cache miss)
2151 http fetch GET 200 https://registry.npmjs.org/needle/-/needle-3.2.0.tgz 78429ms (cache miss)
2152 http fetch GET 200 https://registry.npmjs.org/move-concurrently/-/move-concurrently-1.0.1.tgz 78506ms (cache miss)
2153 warn deprecated move-concurrently@1.0.1: This package is no longer supported.
2154 http fetch GET 200 https://registry.npmjs.org/mississippi/-/mississippi-3.0.0.tgz 79101ms (cache miss)
2155 http fetch GET 200 https://registry.npmjs.org/minizlib/-/minizlib-2.1.2.tgz 79204ms (cache miss)
2156 http fetch GET 200 https://registry.npmjs.org/minipass-pipeline/-/minipass-pipeline-1.2.4.tgz 80151ms (cache miss)
2157 http fetch GET 200 https://registry.npmjs.org/mkdirp/-/mkdirp-0.5.6.tgz 80221ms (cache miss)
2158 http fetch GET 200 https://registry.npmjs.org/minipass-flush/-/minipass-flush-1.0.5.tgz 80651ms (cache miss)
2159 http fetch GET 200 https://registry.npmjs.org/nan/-/nan-2.23.0.tgz 81244ms (cache miss)
2160 http fetch GET 200 https://registry.npmjs.org/minipass-json-stream/-/minipass-json-stream-1.0.2.tgz 81594ms (cache miss)
2161 http fetch GET 200 https://registry.npmjs.org/minipass-collect/-/minipass-collect-1.0.2.tgz 81593ms (cache miss)
2162 http fetch GET 200 https://registry.npmjs.org/minipass-sized/-/minipass-sized-1.0.3.tgz 81952ms (cache miss)
2163 http fetch GET 200 https://registry.npmjs.org/minimatch/-/minimatch-5.1.6.tgz 83152ms (cache miss)
2164 http fetch GET 200 https://registry.npmjs.org/minimalistic-assert/-/minimalistic-assert-1.0.1.tgz 83381ms (cache miss)
2165 http fetch GET 200 https://registry.npmjs.org/minipass/-/minipass-4.0.1.tgz 83419ms (cache miss)
2166 http fetch GET 200 https://registry.npmjs.org/mimic-fn/-/mimic-fn-2.1.0.tgz 83686ms (cache miss)
2167 http fetch GET 200 https://registry.npmjs.org/minimist/-/minimist-1.2.7.tgz 84116ms (cache miss)
2168 http fetch GET 200 https://registry.npmjs.org/mime-types/-/mime-types-2.1.35.tgz 84783ms (cache miss)
2169 http fetch GET 200 https://registry.npmjs.org/minipass-fetch/-/minipass-fetch-2.1.2.tgz 85059ms (cache miss)
2170 http fetch GET 200 https://registry.npmjs.org/mini-css-extract-plugin/-/mini-css-extract-plugin-2.7.2.tgz 85303ms (cache miss)
2171 http fetch GET 200 https://registry.npmjs.org/methods/-/methods-1.1.2.tgz 85664ms (cache miss)
2172 http fetch GET 200 https://registry.npmjs.org/merge2/-/merge2-1.4.1.tgz 86021ms (cache miss)
2173 http fetch GET 200 https://registry.npmjs.org/mime/-/mime-2.6.0.tgz 86141ms (cache miss)
2174 http fetch GET 200 https://registry.npmjs.org/ng5-slider/-/ng5-slider-1.2.6.tgz 86252ms (cache miss)
2175 warn deprecated ng5-slider@1.2.6: ng5-slider is now replaced by @angular-slider/ngx-slider targeting Angular 6+ and rxjs 6+
2176 http fetch GET 200 https://registry.npmjs.org/merge-stream/-/merge-stream-2.0.0.tgz 86308ms (cache miss)
2177 http fetch GET 200 https://registry.npmjs.org/merge-descriptors/-/merge-descriptors-1.0.3.tgz 86416ms (cache miss)
2178 http fetch GET 200 https://registry.npmjs.org/mime-db/-/mime-db-1.52.0.tgz 86442ms (cache miss)
2179 http fetch GET 200 https://registry.npmjs.org/media-typer/-/media-typer-0.3.0.tgz 86883ms (cache miss)
2180 http fetch GET 200 https://registry.npmjs.org/math-intrinsics/-/math-intrinsics-1.1.0.tgz 86894ms (cache miss)
2181 http fetch GET 200 https://registry.npmjs.org/map-cache/-/map-cache-0.2.2.tgz 87174ms (cache miss)
2182 http fetch GET 200 https://registry.npmjs.org/map-visit/-/map-visit-1.0.0.tgz 87225ms (cache miss)
2183 http fetch GET 200 https://registry.npmjs.org/make-error/-/make-error-1.3.6.tgz 87642ms (cache miss)
2184 http fetch GET 200 https://registry.npmjs.org/metismenujs/-/metismenujs-1.4.0.tgz 87698ms (cache miss)
2185 http fetch GET 200 https://registry.npmjs.org/masonry-layout/-/masonry-layout-4.2.2.tgz 87745ms (cache miss)
2186 http fetch GET 200 https://registry.npmjs.org/make-dir/-/make-dir-3.1.0.tgz 88008ms (cache miss)
2187 http fetch GET 200 https://registry.npmjs.org/lru-cache/-/lru-cache-5.1.1.tgz 88150ms (cache miss)
2188 http fetch GET 200 https://registry.npmjs.org/make-fetch-happen/-/make-fetch-happen-10.2.1.tgz 88516ms (cache miss)
2189 http fetch GET 200 https://registry.npmjs.org/log-symbols/-/log-symbols-4.1.0.tgz 88815ms (cache miss)
2190 http fetch GET 200 https://registry.npmjs.org/ngx-scrollspy/-/ngx-scrollspy-1.2.1.tgz 89069ms (cache miss)
2191 http fetch GET 200 https://registry.npmjs.org/lodash.throttle/-/lodash.throttle-4.1.1.tgz 89284ms (cache miss)
2192 http fetch GET 200 https://registry.npmjs.org/lodash.memoize/-/lodash.memoize-4.1.2.tgz 89320ms (cache miss)
2193 http fetch GET 200 https://registry.npmjs.org/log4js/-/log4js-6.7.1.tgz 89656ms (cache miss)
2194 http fetch GET 200 https://registry.npmjs.org/lodash.debounce/-/lodash.debounce-4.0.8.tgz 89959ms (cache miss)
2195 http fetch GET 200 https://registry.npmjs.org/memfs/-/memfs-3.4.13.tgz 90002ms (cache miss)
2196 http fetch GET 200 https://registry.npmjs.org/locate-path/-/locate-path-5.0.0.tgz 90281ms (cache miss)
2197 http fetch GET 200 https://registry.npmjs.org/loader-utils/-/loader-utils-3.2.1.tgz 90767ms (cache miss)
2198 http fetch GET 200 https://registry.npmjs.org/long/-/long-4.0.0.tgz 91080ms (cache miss)
2199 http fetch GET 200 https://registry.npmjs.org/lines-and-columns/-/lines-and-columns-1.2.4.tgz 91924ms (cache miss)
2200 http fetch GET 200 https://registry.npmjs.org/loader-runner/-/loader-runner-4.3.0.tgz 92434ms (cache miss)
2201 http fetch GET 200 https://registry.npmjs.org/lie/-/lie-3.3.0.tgz 92704ms (cache miss)
2202 http fetch GET 200 https://registry.npmjs.org/license-webpack-plugin/-/license-webpack-plugin-4.0.2.tgz 93840ms (cache miss)
2203 http fetch GET 200 https://registry.npmjs.org/less-loader/-/less-loader-11.1.0.tgz 94065ms (cache miss)
2204 http fetch GET 200 https://registry.npmjs.org/magic-string/-/magic-string-0.29.0.tgz 94338ms (cache miss)
2205 http fetch GET 200 https://registry.npmjs.org/klona/-/klona-2.0.6.tgz 94989ms (cache miss)
2206 http fetch GET 200 https://registry.npmjs.org/lodash.camelcase/-/lodash.camelcase-4.3.0.tgz 98275ms (cache miss)
2207 http fetch GET 200 https://registry.npmjs.org/selenium-webdriver/-/selenium-webdriver-3.6.0.tgz 99343ms (cache miss)
2208 http fetch GET 200 https://registry.npmjs.org/karma-source-map-support/-/karma-source-map-support-1.4.0.tgz 99582ms (cache miss)
2209 http fetch GET 200 https://registry.npmjs.org/karma-jasmine-html-reporter/-/karma-jasmine-html-reporter-2.0.0.tgz 100158ms (cache miss)
2210 http fetch GET 200 https://registry.npmjs.org/karma-coverage-istanbul-reporter/-/karma-coverage-istanbul-reporter-3.0.3.tgz 101296ms (cache miss)
2211 http fetch GET 200 https://registry.npmjs.org/karma-chrome-launcher/-/karma-chrome-launcher-3.1.1.tgz 102380ms (cache miss)
2212 http fetch GET 200 https://registry.npmjs.org/lodash-es/-/lodash-es-4.17.21.tgz 102819ms (cache miss)
2213 http fetch GET 200 https://registry.npmjs.org/karma-jasmine/-/karma-jasmine-5.1.0.tgz 102791ms (cache miss)
2214 http fetch GET 200 https://registry.npmjs.org/kind-of/-/kind-of-6.0.3.tgz 104705ms (cache miss)
2215 http fetch GET 200 https://registry.npmjs.org/jsprim/-/jsprim-1.4.2.tgz 104888ms (cache miss)
2216 http fetch GET 200 https://registry.npmjs.org/lodash/-/lodash-4.17.21.tgz 105691ms (cache miss)
2217 http fetch GET 200 https://registry.npmjs.org/jsonparse/-/jsonparse-1.3.1.tgz 105754ms (cache miss)
2218 http fetch GET 200 https://registry.npmjs.org/jsonfile/-/jsonfile-4.0.0.tgz 106035ms (cache miss)
2219 http fetch GET 200 https://registry.npmjs.org/ng2-smart-table/-/ng2-smart-table-1.7.2.tgz 108033ms (cache miss)
2220 http fetch GET 200 https://registry.npmjs.org/json-stringify-safe/-/json-stringify-safe-5.0.1.tgz 108100ms (cache miss)
2221 http fetch GET 200 https://registry.npmjs.org/json5/-/json5-2.2.3.tgz 108814ms (cache miss)
2222 http fetch GET 200 https://registry.npmjs.org/json-schema/-/json-schema-0.4.0.tgz 109708ms (cache miss)
2223 http fetch GET 200 https://registry.npmjs.org/json-schema-traverse/-/json-schema-traverse-1.0.0.tgz 109909ms (cache miss)
2224 http fetch GET 200 https://registry.npmjs.org/json-parse-better-errors/-/json-parse-better-errors-1.0.2.tgz 110018ms (cache miss)
2225 http fetch GET 200 https://registry.npmjs.org/json-parse-even-better-errors/-/json-parse-even-better-errors-2.3.1.tgz 110229ms (cache miss)
2226 http fetch GET 200 https://registry.npmjs.org/jsonc-parser/-/jsonc-parser-3.2.0.tgz 110312ms (cache miss)
2227 http fetch GET 200 https://registry.npmjs.org/jsesc/-/jsesc-2.5.2.tgz 110506ms (cache miss)
2228 http fetch GET 200 https://registry.npmjs.org/js-tokens/-/js-tokens-4.0.0.tgz 110960ms (cache miss)
2229 http fetch GET 200 https://registry.npmjs.org/jsbn/-/jsbn-1.1.0.tgz 111529ms (cache miss)
2230 http fetch GET 200 https://registry.npmjs.org/jasminewd2/-/jasminewd2-2.2.0.tgz 111609ms (cache miss)
2231 http fetch GET 200 https://registry.npmjs.org/micromatch/-/micromatch-4.0.8.tgz 112467ms (cache miss)
2232 http fetch GET 200 https://registry.npmjs.org/jest-worker/-/jest-worker-27.5.1.tgz 112466ms (cache miss)
2233 http fetch GET 200 https://registry.npmjs.org/jszip/-/jszip-3.10.1.tgz 114561ms (cache miss)
2234 http fetch GET 200 https://registry.npmjs.org/karma/-/karma-6.4.1.tgz 115405ms (cache miss)
2235 http fetch GET 200 https://registry.npmjs.org/jasmine/-/jasmine-2.8.0.tgz 115795ms (cache miss)
2236 http fetch GET 200 https://registry.npmjs.org/node-gyp/-/node-gyp-9.4.1.tgz 118136ms (cache miss)
2237 http fetch GET 200 https://registry.npmjs.org/jasmine-core/-/jasmine-core-4.5.0.tgz 117996ms (cache miss)
2238 http fetch GET 200 https://registry.npmjs.org/istanbul-lib-report/-/istanbul-lib-report-3.0.0.tgz 119203ms (cache miss)
2239 http fetch GET 200 https://registry.npmjs.org/istanbul-lib-source-maps/-/istanbul-lib-source-maps-3.0.6.tgz 119389ms (cache miss)
2240 http fetch GET 200 https://registry.npmjs.org/jasmine-spec-reporter/-/jasmine-spec-reporter-7.0.0.tgz 119940ms (cache miss)
2241 http fetch GET 200 https://registry.npmjs.org/istanbul-lib-coverage/-/istanbul-lib-coverage-3.2.0.tgz 120690ms (cache miss)
2242 http fetch GET 200 https://registry.npmjs.org/isobject/-/isobject-3.0.1.tgz 121481ms (cache miss)
2243 http fetch GET 200 https://registry.npmjs.org/isstream/-/isstream-0.1.2.tgz 121887ms (cache miss)
2244 http fetch GET 200 https://registry.npmjs.org/isbinaryfile/-/isbinaryfile-4.0.10.tgz 122156ms (cache miss)
2245 http fetch GET 200 https://registry.npmjs.org/isexe/-/isexe-2.0.0.tgz 122189ms (cache miss)
2246 http fetch GET 200 https://registry.npmjs.org/istanbul-lib-instrument/-/istanbul-lib-instrument-5.2.1.tgz 122546ms (cache miss)
2247 http fetch GET 200 https://registry.npmjs.org/is-wsl/-/is-wsl-2.2.0.tgz 122748ms (cache miss)
2248 http fetch GET 200 https://registry.npmjs.org/is-windows/-/is-windows-1.0.2.tgz 123088ms (cache miss)
2249 http fetch GET 200 https://registry.npmjs.org/isarray/-/isarray-1.0.0.tgz 123126ms (cache miss)
2250 http fetch GET 200 https://registry.npmjs.org/is-typedarray/-/is-typedarray-1.0.0.tgz 123374ms (cache miss)
2251 http fetch GET 200 https://registry.npmjs.org/istanbul-reports/-/istanbul-reports-3.1.5.tgz 123572ms (cache miss)
2252 http fetch GET 200 https://registry.npmjs.org/is-unicode-supported/-/is-unicode-supported-0.1.0.tgz 123541ms (cache miss)
2253 http fetch GET 200 https://registry.npmjs.org/protobufjs/-/protobufjs-6.11.4.tgz 124151ms (cache miss)
2254 http fetch GET 200 https://registry.npmjs.org/is-what/-/is-what-3.14.1.tgz 123640ms (cache miss)
2255 http fetch GET 200 https://registry.npmjs.org/is-stream/-/is-stream-2.0.1.tgz 123824ms (cache miss)
2256 http fetch GET 200 https://registry.npmjs.org/is-path-inside/-/is-path-inside-1.0.1.tgz 123871ms (cache miss)
2257 http fetch GET 200 https://registry.npmjs.org/is-plain-object/-/is-plain-object-2.0.4.tgz 124044ms (cache miss)
2258 http fetch GET 200 https://registry.npmjs.org/is-path-cwd/-/is-path-cwd-1.0.0.tgz 124201ms (cache miss)
2259 http fetch GET 200 https://registry.npmjs.org/is-path-in-cwd/-/is-path-in-cwd-1.0.1.tgz 124352ms (cache miss)
2260 http fetch GET 200 https://registry.npmjs.org/is-plain-obj/-/is-plain-obj-3.0.0.tgz 124355ms (cache miss)
2261 http fetch GET 200 https://registry.npmjs.org/is-lambda/-/is-lambda-1.0.1.tgz 124346ms (cache miss)
2262 http fetch GET 200 https://registry.npmjs.org/is-number/-/is-number-7.0.0.tgz 124380ms (cache miss)
2263 http fetch GET 200 https://registry.npmjs.org/is-interactive/-/is-interactive-1.0.0.tgz 124461ms (cache miss)
2264 http fetch GET 200 https://registry.npmjs.org/is-extglob/-/is-extglob-2.1.1.tgz 124616ms (cache miss)
2265 http fetch GET 200 https://registry.npmjs.org/is-docker/-/is-docker-2.2.1.tgz 124653ms (cache miss)
2266 http fetch GET 200 https://registry.npmjs.org/is-fullwidth-code-point/-/is-fullwidth-code-point-3.0.0.tgz 125017ms (cache miss)
2267 http fetch GET 200 https://registry.npmjs.org/is-extendable/-/is-extendable-0.1.1.tgz 125178ms (cache miss)
2268 http fetch GET 200 https://registry.npmjs.org/js-yaml/-/js-yaml-3.14.1.tgz 125345ms (cache miss)
2269 http fetch GET 200 https://registry.npmjs.org/is-glob/-/is-glob-4.0.3.tgz 125284ms (cache miss)
2270 http fetch GET 200 https://registry.npmjs.org/is-data-descriptor/-/is-data-descriptor-1.0.1.tgz 125309ms (cache miss)
2271 http fetch GET 200 https://registry.npmjs.org/is-buffer/-/is-buffer-1.1.6.tgz 125617ms (cache miss)
2272 http fetch GET 200 https://registry.npmjs.org/is-descriptor/-/is-descriptor-0.1.7.tgz 125873ms (cache miss)
2273 http fetch GET 200 https://registry.npmjs.org/reflect-metadata/-/reflect-metadata-0.1.13.tgz 126710ms (cache miss)
2274 http fetch GET 200 https://registry.npmjs.org/is-binary-path/-/is-binary-path-2.1.0.tgz 126285ms (cache miss)
2275 http fetch GET 200 https://registry.npmjs.org/is-core-module/-/is-core-module-2.11.0.tgz 126314ms (cache miss)
2276 http fetch GET 200 https://registry.npmjs.org/is-accessor-descriptor/-/is-accessor-descriptor-1.0.1.tgz 126421ms (cache miss)
2277 http fetch GET 200 https://registry.npmjs.org/JSONStream/-/JSONStream-1.3.5.tgz 126677ms (cache miss)
2278 http fetch GET 200 https://registry.npmjs.org/inherits/-/inherits-2.0.4.tgz 126774ms (cache miss)
2279 http fetch GET 200 https://registry.npmjs.org/inflight/-/inflight-1.0.6.tgz 126846ms (cache miss)
2280 warn deprecated inflight@1.0.6: This module is not supported, and leaks memory. Do not use it. Check out lru-cache if you want a good and tested way to coalesce async requests by a key value, which is much more comprehensive and powerful.
2281 http fetch GET 200 https://registry.npmjs.org/is-arrayish/-/is-arrayish-0.2.1.tgz 127201ms (cache miss)
2282 http fetch GET 200 https://registry.npmjs.org/leaflet/-/leaflet-1.9.3.tgz 127371ms (cache miss)
2283 http fetch GET 200 https://registry.npmjs.org/ipaddr.js/-/ipaddr.js-2.0.1.tgz 127514ms (cache miss)
2284 http fetch GET 200 https://registry.npmjs.org/infer-owner/-/infer-owner-1.0.4.tgz 127523ms (cache miss)
2285 http fetch GET 200 https://registry.npmjs.org/imurmurhash/-/imurmurhash-0.1.4.tgz 127634ms (cache miss)
2286 http fetch GET 200 https://registry.npmjs.org/indent-string/-/indent-string-4.0.0.tgz 127687ms (cache miss)
2287 http fetch GET 200 https://registry.npmjs.org/inquirer/-/inquirer-8.2.4.tgz 127717ms (cache miss)
2288 http fetch GET 200 https://registry.npmjs.org/ini/-/ini-3.0.1.tgz 127830ms (cache miss)
2289 http fetch GET 200 https://registry.npmjs.org/ignore-walk/-/ignore-walk-6.0.5.tgz 128018ms (cache miss)
2290 http fetch GET 200 https://registry.npmjs.org/immediate/-/immediate-3.0.6.tgz 128120ms (cache miss)
2291 http fetch GET 200 https://registry.npmjs.org/ieee754/-/ieee754-1.2.1.tgz 128392ms (cache miss)
2292 http fetch GET 200 https://registry.npmjs.org/import-fresh/-/import-fresh-3.3.0.tgz 128405ms (cache miss)
2293 http fetch GET 200 https://registry.npmjs.org/iferr/-/iferr-0.1.5.tgz 129023ms (cache miss)
2294 http fetch GET 200 https://registry.npmjs.org/ip/-/ip-1.1.5.tgz 129137ms (cache miss)
2295 http fetch GET 200 https://registry.npmjs.org/image-size/-/image-size-0.5.5.tgz 129462ms (cache miss)
2296 http fetch GET 200 https://registry.npmjs.org/icss-utils/-/icss-utils-5.1.0.tgz 129559ms (cache miss)
2297 http fetch GET 200 https://registry.npmjs.org/idb/-/idb-7.1.1.tgz 129724ms (cache miss)
2298 http fetch GET 200 https://registry.npmjs.org/humanize-ms/-/humanize-ms-1.2.1.tgz 130045ms (cache miss)
2299 http fetch GET 200 https://registry.npmjs.org/ignore/-/ignore-5.2.4.tgz 130105ms (cache miss)
2300 http fetch GET 200 https://registry.npmjs.org/https-proxy-agent/-/https-proxy-agent-5.0.1.tgz 130225ms (cache miss)
2301 http fetch GET 200 https://registry.npmjs.org/ip-address/-/ip-address-9.0.5.tgz 130352ms (cache miss)
2302 http fetch GET 200 https://registry.npmjs.org/http-proxy-agent/-/http-proxy-agent-5.0.0.tgz 130592ms (cache miss)
2303 http fetch GET 200 https://registry.npmjs.org/http-deceiver/-/http-deceiver-1.2.7.tgz 130953ms (cache miss)
2304 http fetch GET 200 https://registry.npmjs.org/http-errors/-/http-errors-2.0.0.tgz 131346ms (cache miss)
2305 http fetch GET 200 https://registry.npmjs.org/http-signature/-/http-signature-1.2.0.tgz 131785ms (cache miss)
2306 http fetch GET 200 https://registry.npmjs.org/human-signals/-/human-signals-2.1.0.tgz 131837ms (cache miss)
2307 http fetch GET 200 https://registry.npmjs.org/html-escaper/-/html-escaper-2.0.2.tgz 131920ms (cache miss)
2308 http fetch GET 200 https://registry.npmjs.org/http-parser-js/-/http-parser-js-0.5.8.tgz 131979ms (cache miss)
2309 http fetch GET 200 https://registry.npmjs.org/hdr-histogram-percentiles-obj/-/hdr-histogram-percentiles-obj-3.0.0.tgz 132487ms (cache miss)
2310 http fetch GET 200 https://registry.npmjs.org/http-cache-semantics/-/http-cache-semantics-4.1.1.tgz 132948ms (cache miss)
2311 http fetch GET 200 https://registry.npmjs.org/hasown/-/hasown-2.0.2.tgz 133645ms (cache miss)
2312 http fetch GET 200 https://registry.npmjs.org/has-value/-/has-value-1.0.0.tgz 133664ms (cache miss)
2313 http fetch GET 200 https://registry.npmjs.org/has-unicode/-/has-unicode-2.0.1.tgz 134058ms (cache miss)
2314 http fetch GET 200 https://registry.npmjs.org/hpack.js/-/hpack.js-2.1.6.tgz 134512ms (cache miss)
2315 http fetch GET 200 https://registry.npmjs.org/iconv-lite/-/iconv-lite-0.4.24.tgz 134799ms (cache miss)
2316 http fetch GET 200 https://registry.npmjs.org/has-symbols/-/has-symbols-1.1.0.tgz 134812ms (cache miss)
2317 http fetch GET 200 https://registry.npmjs.org/has-flag/-/has-flag-4.0.0.tgz 134823ms (cache miss)
2318 http fetch GET 200 https://registry.npmjs.org/has-ansi/-/has-ansi-2.0.0.tgz 134868ms (cache miss)
2319 http fetch GET 200 https://registry.npmjs.org/has/-/has-1.0.3.tgz 135087ms (cache miss)
2320 http fetch GET 200 https://registry.npmjs.org/html-entities/-/html-entities-2.3.3.tgz 135126ms (cache miss)
2321 http fetch GET 200 https://registry.npmjs.org/har-schema/-/har-schema-2.0.0.tgz 135291ms (cache miss)
2322 http fetch GET 200 https://registry.npmjs.org/handle-thing/-/handle-thing-2.0.1.tgz 135428ms (cache miss)
2323 http fetch GET 200 https://registry.npmjs.org/gopd/-/gopd-1.2.0.tgz 135582ms (cache miss)
2324 http fetch GET 200 https://registry.npmjs.org/graceful-fs/-/graceful-fs-4.2.10.tgz 135638ms (cache miss)
2325 http fetch GET 200 https://registry.npmjs.org/http-proxy/-/http-proxy-1.18.1.tgz 135878ms (cache miss)
2326 http fetch GET 200 https://registry.npmjs.org/glob-parent/-/glob-parent-5.1.2.tgz 136015ms (cache miss)
2327 http fetch GET 200 https://registry.npmjs.org/har-validator/-/har-validator-5.1.5.tgz 136103ms (cache miss)
2328 warn deprecated har-validator@5.1.5: this library is no longer supported
2329 http fetch GET 200 https://registry.npmjs.org/immutable/-/immutable-4.3.7.tgz 136245ms (cache miss)
2330 http fetch GET 200 https://registry.npmjs.org/hosted-git-info/-/hosted-git-info-6.1.3.tgz 136266ms (cache miss)
2331 http fetch GET 200 https://registry.npmjs.org/globby/-/globby-13.1.3.tgz 136360ms (cache miss)
2332 http fetch GET 200 https://registry.npmjs.org/getpass/-/getpass-0.1.7.tgz 136388ms (cache miss)
2333 http fetch GET 200 https://registry.npmjs.org/get-value/-/get-value-2.0.6.tgz 136388ms (cache miss)
2334 http fetch GET 200 https://registry.npmjs.org/get-stream/-/get-stream-6.0.1.tgz 136745ms (cache miss)
2335 http fetch GET 200 https://registry.npmjs.org/get-package-type/-/get-package-type-0.1.0.tgz 136743ms (cache miss)
2336 http fetch GET 200 https://registry.npmjs.org/http-proxy-middleware/-/http-proxy-middleware-2.0.7.tgz 136828ms (cache miss)
2337 http fetch GET 200 https://registry.npmjs.org/get-size/-/get-size-2.0.3.tgz 136817ms (cache miss)
2338 http fetch GET 200 https://registry.npmjs.org/has-values/-/has-values-1.0.0.tgz 136856ms (cache miss)
2339 http fetch GET 200 https://registry.npmjs.org/globals/-/globals-11.12.0.tgz 136910ms (cache miss)
2340 http fetch GET 200 https://registry.npmjs.org/glob/-/glob-8.1.0.tgz 136959ms (cache miss)
2341 warn deprecated glob@8.1.0: Glob versions prior to v9 are no longer supported
2342 http fetch GET 200 https://registry.npmjs.org/get-proto/-/get-proto-1.0.1.tgz 137208ms (cache miss)
2343 http fetch GET 200 https://registry.npmjs.org/get-caller-file/-/get-caller-file-2.0.5.tgz 137230ms (cache miss)
2344 http fetch GET 200 https://registry.npmjs.org/gensync/-/gensync-1.0.0-beta.2.tgz 137261ms (cache miss)
2345 http fetch GET 200 https://registry.npmjs.org/fs.realpath/-/fs.realpath-1.0.0.tgz 137249ms (cache miss)
2346 http fetch GET 200 https://registry.npmjs.org/gauge/-/gauge-4.0.4.tgz 137461ms (cache miss)
2347 warn deprecated gauge@4.0.4: This package is no longer supported.
2348 http fetch GET 200 https://registry.npmjs.org/function-bind/-/function-bind-1.1.2.tgz 137666ms (cache miss)
2349 http fetch GET 200 https://registry.npmjs.org/from2/-/from2-2.3.0.tgz 137698ms (cache miss)
2350 http fetch GET 200 https://registry.npmjs.org/get-intrinsic/-/get-intrinsic-1.2.7.tgz 137768ms (cache miss)
2351 http fetch GET 200 https://registry.npmjs.org/fs-monkey/-/fs-monkey-1.0.3.tgz 137748ms (cache miss)
2352 http fetch GET 200 https://registry.npmjs.org/fs-minipass/-/fs-minipass-3.0.1.tgz 137756ms (cache miss)
2353 http fetch GET 200 https://registry.npmjs.org/genfun/-/genfun-5.0.0.tgz 138009ms (cache miss)
2354 http fetch GET 200 https://registry.npmjs.org/forwarded/-/forwarded-0.2.0.tgz 138033ms (cache miss)
2355 http fetch GET 200 https://registry.npmjs.org/fragment-cache/-/fragment-cache-0.2.1.tgz 138097ms (cache miss)
2356 http fetch GET 200 https://registry.npmjs.org/fresh/-/fresh-0.5.2.tgz 138532ms (cache miss)
2357 http fetch GET 200 https://registry.npmjs.org/fs-write-stream-atomic/-/fs-write-stream-atomic-1.0.10.tgz 138623ms (cache miss)
2358 warn deprecated fs-write-stream-atomic@1.0.10: This package is no longer supported.
2359 http fetch GET 200 https://registry.npmjs.org/flush-write-stream/-/flush-write-stream-1.1.1.tgz 138961ms (cache miss)
2360 http fetch GET 200 https://registry.npmjs.org/forever-agent/-/forever-agent-0.6.1.tgz 139201ms (cache miss)
2361 http fetch GET 200 https://registry.npmjs.org/fraction.js/-/fraction.js-4.2.0.tgz 139320ms (cache miss)
2362 http fetch GET 200 https://registry.npmjs.org/fs-extra/-/fs-extra-8.1.0.tgz 139406ms (cache miss)
2363 http fetch GET 200 https://registry.npmjs.org/follow-redirects/-/follow-redirects-1.15.9.tgz 139548ms (cache miss)
2364 http fetch GET 200 https://registry.npmjs.org/fizzy-ui-utils/-/fizzy-ui-utils-2.0.7.tgz 139739ms (cache miss)
2365 http fetch GET 200 https://registry.npmjs.org/for-in/-/for-in-1.0.2.tgz 140038ms (cache miss)
2366 http fetch GET 200 https://registry.npmjs.org/flatted/-/flatted-3.2.7.tgz 140146ms (cache miss)
2367 http fetch GET 200 https://registry.npmjs.org/finalhandler/-/finalhandler-1.1.2.tgz 140588ms (cache miss)
2368 http fetch GET 200 https://registry.npmjs.org/foreground-child/-/foreground-child-3.3.0.tgz 140604ms (cache miss)
2369 http fetch GET 200 https://registry.npmjs.org/fill-range/-/fill-range-7.1.1.tgz 141002ms (cache miss)
2370 http fetch GET 200 https://registry.npmjs.org/file-saver/-/file-saver-2.0.5.tgz 141266ms (cache miss)
2371 http fetch GET 200 https://registry.npmjs.org/find-cache-dir/-/find-cache-dir-3.3.2.tgz 141295ms (cache miss)
2372 http fetch GET 200 https://registry.npmjs.org/figures/-/figures-3.2.0.tgz 141426ms (cache miss)
2373 http fetch GET 200 https://registry.npmjs.org/figgy-pudding/-/figgy-pudding-3.5.2.tgz 141756ms (cache miss)
2374 warn deprecated figgy-pudding@3.5.2: This module is no longer supported.
2375 http fetch GET 200 https://registry.npmjs.org/find-up/-/find-up-4.1.0.tgz 141771ms (cache miss)
2376 http fetch GET 200 https://registry.npmjs.org/fastparse/-/fastparse-1.1.2.tgz 142099ms (cache miss)
2377 http fetch GET 200 https://registry.npmjs.org/form-data/-/form-data-2.3.3.tgz 142337ms (cache miss)
2378 http fetch GET 200 https://registry.npmjs.org/fast-json-stable-stringify/-/fast-json-stable-stringify-2.1.0.tgz 142394ms (cache miss)
2379 http fetch GET 200 https://registry.npmjs.org/faye-websocket/-/faye-websocket-0.11.4.tgz 142607ms (cache miss)
2380 http fetch GET 200 https://registry.npmjs.org/hdr-histogram-js/-/hdr-histogram-js-2.0.3.tgz 142875ms (cache miss)
2381 http fetch GET 200 https://registry.npmjs.org/fastq/-/fastq-1.15.0.tgz 143073ms (cache miss)
2382 http fetch GET 200 https://registry.npmjs.org/fast-deep-equal/-/fast-deep-equal-3.1.3.tgz 143084ms (cache miss)
2383 http fetch GET 200 https://registry.npmjs.org/fast-glob/-/fast-glob-3.2.12.tgz 143089ms (cache miss)
2384 http fetch GET 200 https://registry.npmjs.org/file-uri-to-path/-/file-uri-to-path-1.0.0.tgz 143223ms (cache miss)
2385 http fetch GET 200 https://registry.npmjs.org/extend/-/extend-3.0.2.tgz 143596ms (cache miss)
2386 http fetch GET 200 https://registry.npmjs.org/extglob/-/extglob-2.0.4.tgz 143656ms (cache miss)
2387 http fetch GET 200 https://registry.npmjs.org/extsprintf/-/extsprintf-1.3.0.tgz 143692ms (cache miss)
2388 http fetch GET 200 https://registry.npmjs.org/extend-shallow/-/extend-shallow-2.0.1.tgz 143720ms (cache miss)
2389 http fetch GET 200 https://registry.npmjs.org/external-editor/-/external-editor-3.1.0.tgz 143875ms (cache miss)
2390 http fetch GET 200 https://registry.npmjs.org/expand-brackets/-/expand-brackets-2.1.4.tgz 143950ms (cache miss)
2391 http fetch GET 200 https://registry.npmjs.org/eventemitter-asyncresource/-/eventemitter-asyncresource-1.0.0.tgz 144212ms (cache miss)
2392 http fetch GET 200 https://registry.npmjs.org/moment/-/moment-2.29.4.tgz 144804ms (cache miss)
2393 http fetch GET 200 https://registry.npmjs.org/exponential-backoff/-/exponential-backoff-3.1.1.tgz 144281ms (cache miss)
2394 http fetch GET 200 https://registry.npmjs.org/eventemitter3/-/eventemitter3-4.0.7.tgz 144350ms (cache miss)
2395 http fetch GET 200 https://registry.npmjs.org/ev-emitter/-/ev-emitter-1.1.1.tgz 144448ms (cache miss)
2396 http fetch GET 200 https://registry.npmjs.org/exit/-/exit-0.1.2.tgz 144586ms (cache miss)
2397 http fetch GET 200 https://registry.npmjs.org/esrecurse/-/esrecurse-4.3.0.tgz 144668ms (cache miss)
2398 http fetch GET 200 https://registry.npmjs.org/estraverse/-/estraverse-4.3.0.tgz 144830ms (cache miss)
2399 http fetch GET 200 https://registry.npmjs.org/etag/-/etag-1.8.1.tgz 144938ms (cache miss)
2400 http fetch GET 200 https://registry.npmjs.org/escape-string-regexp/-/escape-string-regexp-1.0.5.tgz 145064ms (cache miss)
2401 http fetch GET 200 https://registry.npmjs.org/events/-/events-3.3.0.tgz 145136ms (cache miss)
2402 http fetch GET 200 https://registry.npmjs.org/escape-html/-/escape-html-1.0.3.tgz 145298ms (cache miss)
2403 http fetch GET 200 https://registry.npmjs.org/execa/-/execa-5.1.1.tgz 145360ms (cache miss)
2404 http fetch GET 200 https://registry.npmjs.org/escalade/-/escalade-3.1.1.tgz 145400ms (cache miss)
2405 http fetch GET 200 https://registry.npmjs.org/esutils/-/esutils-2.0.3.tgz 145565ms (cache miss)
2406 http fetch GET 200 https://registry.npmjs.org/eslint-scope/-/eslint-scope-5.1.1.tgz 145698ms (cache miss)
2407 http fetch GET 200 https://registry.npmjs.org/es6-promisify/-/es6-promisify-5.0.0.tgz 145780ms (cache miss)
2408 http fetch GET 200 https://registry.npmjs.org/es-object-atoms/-/es-object-atoms-1.1.1.tgz 146324ms (cache miss)
2409 http fetch GET 200 https://registry.npmjs.org/es-module-lexer/-/es-module-lexer-0.9.3.tgz 146472ms (cache miss)
2410 http fetch GET 200 https://registry.npmjs.org/express/-/express-4.21.2.tgz 146743ms (cache miss)
2411 http fetch GET 200 https://registry.npmjs.org/error-ex/-/error-ex-1.3.2.tgz 147060ms (cache miss)
2412 http fetch GET 200 https://registry.npmjs.org/errno/-/errno-0.1.8.tgz 147362ms (cache miss)
2413 http fetch GET 200 https://registry.npmjs.org/err-code/-/err-code-2.0.3.tgz 147647ms (cache miss)
2414 http fetch GET 200 https://registry.npmjs.org/env-paths/-/env-paths-2.2.1.tgz 148059ms (cache miss)
2415 http fetch GET 200 https://registry.npmjs.org/esprima/-/esprima-4.0.1.tgz 148559ms (cache miss)
2416 http fetch GET 200 https://registry.npmjs.org/es-errors/-/es-errors-1.3.0.tgz 148797ms (cache miss)
2417 http fetch GET 200 https://registry.npmjs.org/es-define-property/-/es-define-property-1.0.1.tgz 148958ms (cache miss)
2418 http fetch GET 200 https://registry.npmjs.org/entities/-/entities-2.2.0.tgz 149069ms (cache miss)
2419 http fetch GET 200 https://registry.npmjs.org/encoding/-/encoding-0.1.13.tgz 149436ms (cache miss)
2420 http fetch GET 200 https://registry.npmjs.org/end-of-stream/-/end-of-stream-1.4.4.tgz 149484ms (cache miss)
2421 http fetch GET 200 https://registry.npmjs.org/engine.io-parser/-/engine.io-parser-5.2.3.tgz 149826ms (cache miss)
2422 http fetch GET 200 https://registry.npmjs.org/es6-promise/-/es6-promise-4.2.8.tgz 150002ms (cache miss)
2423 http fetch GET 200 https://registry.npmjs.org/ent/-/ent-2.2.0.tgz 150015ms (cache miss)
2424 http fetch GET 200 https://registry.npmjs.org/esbuild/-/esbuild-0.17.8.tgz 150315ms (cache miss)
2425 http fetch GET 200 https://registry.npmjs.org/ee-first/-/ee-first-1.1.1.tgz 150629ms (cache miss)
2426 http fetch GET 200 https://registry.npmjs.org/emoji-regex/-/emoji-regex-8.0.0.tgz 151086ms (cache miss)
2427 http fetch GET 200 https://registry.npmjs.org/emojis-list/-/emojis-list-3.0.0.tgz 151097ms (cache miss)
2428 http fetch GET 200 https://registry.npmjs.org/encodeurl/-/encodeurl-1.0.2.tgz 151313ms (cache miss)
2429 http fetch GET 200 https://registry.npmjs.org/eastasianwidth/-/eastasianwidth-0.2.0.tgz 151319ms (cache miss)
2430 http fetch GET 200 https://registry.npmjs.org/ecc-jsbn/-/ecc-jsbn-0.1.2.tgz 151502ms (cache miss)
2431 http fetch GET 200 https://registry.npmjs.org/duplexify/-/duplexify-3.7.1.tgz 151719ms (cache miss)
2432 http fetch GET 200 https://registry.npmjs.org/electron-to-chromium/-/electron-to-chromium-1.4.284.tgz 152115ms (cache miss)
2433 http fetch GET 200 https://registry.npmjs.org/enhanced-resolve/-/enhanced-resolve-5.18.0.tgz 152163ms (cache miss)
2434 http fetch GET 200 https://registry.npmjs.org/dunder-proto/-/dunder-proto-1.0.1.tgz 152290ms (cache miss)
2435 http fetch GET 200 https://registry.npmjs.org/domutils/-/domutils-2.8.0.tgz 152298ms (cache miss)
2436 http fetch GET 200 https://registry.npmjs.org/dom-serialize/-/dom-serialize-2.2.1.tgz 152870ms (cache miss)
2437 http fetch GET 200 https://registry.npmjs.org/dom-serializer/-/dom-serializer-1.4.1.tgz 152888ms (cache miss)
2438 http fetch GET 200 https://registry.npmjs.org/domhandler/-/domhandler-4.3.1.tgz 152920ms (cache miss)
2439 http fetch GET 200 https://registry.npmjs.org/dns-equal/-/dns-equal-1.0.0.tgz 153092ms (cache miss)
2440 http fetch GET 200 https://registry.npmjs.org/dir-glob/-/dir-glob-3.0.1.tgz 153108ms (cache miss)
2441 http fetch GET 200 https://registry.npmjs.org/domelementtype/-/domelementtype-2.3.0.tgz 153130ms (cache miss)
2442 http fetch GET 200 https://registry.npmjs.org/dns-packet/-/dns-packet-5.4.0.tgz 153257ms (cache miss)
2443 http fetch GET 200 https://registry.npmjs.org/detect-passive-events/-/detect-passive-events-1.0.5.tgz 153297ms (cache miss)
2444 http fetch GET 200 https://registry.npmjs.org/detect-node/-/detect-node-2.1.0.tgz 153360ms (cache miss)
2445 http fetch GET 200 https://registry.npmjs.org/di/-/di-0.0.1.tgz 153365ms (cache miss)
2446 http fetch GET 200 https://registry.npmjs.org/engine.io/-/engine.io-6.6.2.tgz 153559ms (cache miss)
2447 http fetch GET 200 https://registry.npmjs.org/flatpickr/-/flatpickr-4.6.13.tgz 153853ms (cache miss)
2448 http fetch GET 200 https://registry.npmjs.org/desandro-matches-selector/-/desandro-matches-selector-2.0.2.tgz 153632ms (cache miss)
2449 http fetch GET 200 https://registry.npmjs.org/dependency-graph/-/dependency-graph-0.11.0.tgz 153811ms (cache miss)
2450 http fetch GET 200 https://registry.npmjs.org/delayed-stream/-/delayed-stream-1.0.0.tgz 154041ms (cache miss)
2451 http fetch GET 200 https://registry.npmjs.org/delegates/-/delegates-1.0.0.tgz 154054ms (cache miss)
2452 http fetch GET 200 https://registry.npmjs.org/destroy/-/destroy-1.2.0.tgz 154121ms (cache miss)
2453 http fetch GET 200 https://registry.npmjs.org/del/-/del-2.2.2.tgz 154210ms (cache miss)
2454 http fetch GET 200 https://registry.npmjs.org/depd/-/depd-2.0.0.tgz 154248ms (cache miss)
2455 http fetch GET 200 https://registry.npmjs.org/define-property/-/define-property-0.2.5.tgz 154508ms (cache miss)
2456 http fetch GET 200 https://registry.npmjs.org/define-lazy-prop/-/define-lazy-prop-2.0.0.tgz 154556ms (cache miss)
2457 http fetch GET 200 https://registry.npmjs.org/decode-uri-component/-/decode-uri-component-0.2.2.tgz 154564ms (cache miss)
2458 http fetch GET 200 https://registry.npmjs.org/default-gateway/-/default-gateway-6.0.3.tgz 154623ms (cache miss)
2459 http fetch GET 200 https://registry.npmjs.org/decamelize/-/decamelize-1.2.0.tgz 154763ms (cache miss)
2460 http fetch GET 200 https://registry.npmjs.org/defaults/-/defaults-1.0.4.tgz 154934ms (cache miss)
2461 http fetch GET 200 https://registry.npmjs.org/date-format/-/date-format-4.0.14.tgz 155298ms (cache miss)
2462 http fetch GET 200 https://registry.npmjs.org/damerau-levenshtein/-/damerau-levenshtein-1.0.8.tgz 155825ms (cache miss)
2463 http fetch GET 200 https://registry.npmjs.org/custom-event/-/custom-event-1.0.1.tgz 155821ms (cache miss)
2464 http fetch GET 200 https://registry.npmjs.org/cyclist/-/cyclist-1.0.2.tgz 156028ms (cache miss)
2465 http fetch GET 200 https://registry.npmjs.org/debug/-/debug-4.3.4.tgz 156070ms (cache miss)
2466 http fetch GET 200 https://registry.npmjs.org/dashdash/-/dashdash-1.14.1.tgz 156144ms (cache miss)
2467 http fetch GET 200 https://registry.npmjs.org/css-what/-/css-what-6.1.0.tgz 156609ms (cache miss)
2468 http fetch GET 200 https://registry.npmjs.org/cssauron/-/cssauron-1.4.0.tgz 156650ms (cache miss)
2469 http fetch GET 200 https://registry.npmjs.org/cssesc/-/cssesc-3.0.0.tgz 156667ms (cache miss)
2470 http fetch GET 200 https://registry.npmjs.org/cross-spawn/-/cross-spawn-7.0.6.tgz 157070ms (cache miss)
2471 http fetch GET 200 https://registry.npmjs.org/diff/-/diff-4.0.2.tgz 157160ms (cache miss)
2472 http fetch GET 200 https://registry.npmjs.org/css-select/-/css-select-4.3.0.tgz 157094ms (cache miss)
2473 http fetch GET 200 https://registry.npmjs.org/css-selector-tokenizer/-/css-selector-tokenizer-0.7.3.tgz 157239ms (cache miss)
2474 http fetch GET 200 https://registry.npmjs.org/create-require/-/create-require-1.1.1.tgz 157224ms (cache miss)
2475 http fetch GET 200 https://registry.npmjs.org/cors/-/cors-2.8.5.tgz 157589ms (cache miss)
2476 http fetch GET 200 https://registry.npmjs.org/cosmiconfig/-/cosmiconfig-7.1.0.tgz 157836ms (cache miss)
2477 http fetch GET 200 https://registry.npmjs.org/core-util-is/-/core-util-is-1.0.2.tgz 158394ms (cache miss)
2478 http fetch GET 200 https://registry.npmjs.org/copy-webpack-plugin/-/copy-webpack-plugin-11.0.0.tgz 158563ms (cache miss)
2479 http fetch GET 200 https://registry.npmjs.org/dropzone/-/dropzone-5.9.3.tgz 158734ms (cache miss)
2480 http fetch GET 200 https://registry.npmjs.org/copy-concurrently/-/copy-concurrently-1.0.5.tgz 158801ms (cache miss)
2481 warn deprecated copy-concurrently@1.0.5: This package is no longer supported.
2482 http fetch GET 200 https://registry.npmjs.org/copy-anything/-/copy-anything-2.0.6.tgz 158818ms (cache miss)
2483 http fetch GET 200 https://registry.npmjs.org/copy-descriptor/-/copy-descriptor-0.1.1.tgz 158900ms (cache miss)
2484 http fetch GET 200 https://registry.npmjs.org/critters/-/critters-0.0.16.tgz 158991ms (cache miss)
2485 http fetch GET 200 https://registry.npmjs.org/cookie-signature/-/cookie-signature-1.0.6.tgz 159157ms (cache miss)
2486 http fetch GET 200 https://registry.npmjs.org/cookie/-/cookie-0.7.2.tgz 159159ms (cache miss)
2487 http fetch GET 200 https://registry.npmjs.org/core-js-compat/-/core-js-compat-3.27.2.tgz 159388ms (cache miss)
2488 http fetch GET 200 https://registry.npmjs.org/content-type/-/content-type-1.0.5.tgz 159357ms (cache miss)
2489 http fetch GET 200 https://registry.npmjs.org/console-control-strings/-/console-control-strings-1.1.0.tgz 159373ms (cache miss)
2490 http fetch GET 200 https://registry.npmjs.org/convert-source-map/-/convert-source-map-1.9.0.tgz 159542ms (cache miss)
2491 http fetch GET 200 https://registry.npmjs.org/connect-history-api-fallback/-/connect-history-api-fallback-2.0.0.tgz 159634ms (cache miss)
2492 http fetch GET 200 https://registry.npmjs.org/content-disposition/-/content-disposition-0.5.4.tgz 159698ms (cache miss)
2493 http fetch GET 200 https://registry.npmjs.org/concat-stream/-/concat-stream-1.6.2.tgz 159723ms (cache miss)
2494 http fetch GET 200 https://registry.npmjs.org/concat-map/-/concat-map-0.0.1.tgz 159834ms (cache miss)
2495 http fetch GET 200 https://registry.npmjs.org/css-loader/-/css-loader-6.7.3.tgz 160142ms (cache miss)
2496 http fetch GET 200 https://registry.npmjs.org/component-emitter/-/component-emitter-1.3.1.tgz 160122ms (cache miss)
2497 http fetch GET 200 https://registry.npmjs.org/compression/-/compression-1.7.4.tgz 160129ms (cache miss)
2498 http fetch GET 200 https://registry.npmjs.org/connect/-/connect-3.7.0.tgz 160144ms (cache miss)
2499 http fetch GET 200 https://registry.npmjs.org/commondir/-/commondir-1.0.1.tgz 160138ms (cache miss)
2500 http fetch GET 200 https://registry.npmjs.org/combined-stream/-/combined-stream-1.0.8.tgz 160313ms (cache miss)
2501 http fetch GET 200 https://registry.npmjs.org/colorette/-/colorette-2.0.19.tgz 160454ms (cache miss)
2502 http fetch GET 200 https://registry.npmjs.org/colors/-/colors-1.4.0.tgz 160742ms (cache miss)
2503 http fetch GET 200 https://registry.npmjs.org/color-support/-/color-support-1.1.3.tgz 160814ms (cache miss)
2504 http fetch GET 200 https://registry.npmjs.org/collection-visit/-/collection-visit-1.0.0.tgz 160962ms (cache miss)
2505 http fetch GET 200 https://registry.npmjs.org/color-name/-/color-name-1.1.4.tgz 161023ms (cache miss)
2506 http fetch GET 200 https://registry.npmjs.org/color-convert/-/color-convert-1.9.3.tgz 161023ms (cache miss)
2507 http fetch GET 200 https://registry.npmjs.org/clone-deep/-/clone-deep-4.0.1.tgz 161191ms (cache miss)
2508 http fetch GET 200 https://registry.npmjs.org/compressible/-/compressible-2.0.18.tgz 161372ms (cache miss)
2509 http fetch GET 200 https://registry.npmjs.org/clone/-/clone-1.0.4.tgz 161399ms (cache miss)
2510 http fetch GET 200 https://registry.npmjs.org/code-point-at/-/code-point-at-1.1.0.tgz 161402ms (cache miss)
2511 http fetch GET 200 https://registry.npmjs.org/cli-spinners/-/cli-spinners-2.7.0.tgz 161656ms (cache miss)
2512 http fetch GET 200 https://registry.npmjs.org/cli-cursor/-/cli-cursor-3.1.0.tgz 161693ms (cache miss)
2513 http fetch GET 200 https://registry.npmjs.org/cli-width/-/cli-width-3.0.0.tgz 161833ms (cache miss)
2514 http fetch GET 200 https://registry.npmjs.org/clean-stack/-/clean-stack-2.2.0.tgz 161840ms (cache miss)
2515 http fetch GET 200 https://registry.npmjs.org/commander/-/commander-2.20.3.tgz 161973ms (cache miss)
2516 http fetch GET 200 https://registry.npmjs.org/cliui/-/cliui-8.0.1.tgz 162076ms (cache miss)
2517 http fetch GET 200 https://registry.npmjs.org/chownr/-/chownr-2.0.0.tgz 162063ms (cache miss)
2518 http fetch GET 200 https://registry.npmjs.org/class-utils/-/class-utils-0.3.6.tgz 162217ms (cache miss)
2519 http fetch GET 200 https://registry.npmjs.org/chartjs-color-string/-/chartjs-color-string-0.6.0.tgz 162348ms (cache miss)
2520 http fetch GET 200 https://registry.npmjs.org/chrome-trace-event/-/chrome-trace-event-1.0.4.tgz 162440ms (cache miss)
2521 http fetch GET 200 https://registry.npmjs.org/chokidar/-/chokidar-3.5.3.tgz 162828ms (cache miss)
2522 http fetch GET 200 https://registry.npmjs.org/chartjs-color/-/chartjs-color-2.4.1.tgz 162946ms (cache miss)
2523 http fetch GET 200 https://registry.npmjs.org/chardet/-/chardet-0.7.0.tgz 163575ms (cache miss)
2524 http fetch GET 200 https://registry.npmjs.org/chalk/-/chalk-4.1.2.tgz 163874ms (cache miss)
2525 http fetch GET 200 https://registry.npmjs.org/caseless/-/caseless-0.12.0.tgz 164396ms (cache miss)
2526 http fetch GET 200 https://registry.npmjs.org/can-use-dom/-/can-use-dom-0.1.0.tgz 164602ms (cache miss)
2527 http fetch GET 200 https://registry.npmjs.org/camelcase/-/camelcase-5.3.1.tgz 164976ms (cache miss)
2528 http fetch GET 200 https://registry.npmjs.org/chartist/-/chartist-0.11.4.tgz 165256ms (cache miss)
2529 http fetch GET 200 https://registry.npmjs.org/call-bound/-/call-bound-1.0.3.tgz 165681ms (cache miss)
2530 http fetch GET 200 https://registry.npmjs.org/core-js/-/core-js-3.27.2.tgz 165832ms (cache miss)
2531 http fetch GET 200 https://registry.npmjs.org/call-bind-apply-helpers/-/call-bind-apply-helpers-1.0.1.tgz 165978ms (cache miss)
2532 http fetch GET 200 https://registry.npmjs.org/callsites/-/callsites-3.1.0.tgz 166019ms (cache miss)
2533 http fetch GET 200 https://registry.npmjs.org/cache-base/-/cache-base-1.0.1.tgz 166489ms (cache miss)
2534 http fetch GET 200 https://registry.npmjs.org/builtins/-/builtins-1.0.3.tgz 166715ms (cache miss)
2535 http fetch GET 200 https://registry.npmjs.org/bytes/-/bytes-3.1.2.tgz 166720ms (cache miss)
2536 http fetch GET 200 https://registry.npmjs.org/cacache/-/cacache-17.0.4.tgz 166823ms (cache miss)
2537 http fetch GET 200 https://registry.npmjs.org/codelyzer/-/codelyzer-6.0.2.tgz 166967ms (cache miss)
2538 http fetch GET 200 https://registry.npmjs.org/buffer-from/-/buffer-from-1.1.2.tgz 167231ms (cache miss)
2539 http fetch GET 200 https://registry.npmjs.org/builtin-modules/-/builtin-modules-1.1.1.tgz 167437ms (cache miss)
2540 http fetch GET 200 https://registry.npmjs.org/browserstack/-/browserstack-1.6.1.tgz 167620ms (cache miss)
2541 http fetch GET 200 https://registry.npmjs.org/braces/-/braces-3.0.3.tgz 167845ms (cache miss)
2542 http fetch GET 200 https://registry.npmjs.org/brace-expansion/-/brace-expansion-2.0.1.tgz 168073ms (cache miss)
2543 http fetch GET 200 https://registry.npmjs.org/buffer/-/buffer-5.7.1.tgz 168368ms (cache miss)
2544 http fetch GET 200 https://registry.npmjs.org/boolbase/-/boolbase-1.0.0.tgz 168772ms (cache miss)
2545 http fetch GET 200 https://registry.npmjs.org/browserslist/-/browserslist-4.21.5.tgz 169046ms (cache miss)
2546 http fetch GET 200 https://registry.npmjs.org/body-parser/-/body-parser-1.20.3.tgz 169223ms (cache miss)
2547 http fetch GET 200 https://registry.npmjs.org/bonjour-service/-/bonjour-service-1.1.0.tgz 169524ms (cache miss)
2548 http fetch GET 200 https://registry.npmjs.org/blocking-proxy/-/blocking-proxy-1.0.1.tgz 169898ms (cache miss)
2549 http fetch GET 200 https://registry.npmjs.org/binary-extensions/-/binary-extensions-2.2.0.tgz 170925ms (cache miss)
2550 http fetch GET 200 https://registry.npmjs.org/bindings/-/bindings-1.5.0.tgz 171180ms (cache miss)
2551 http fetch GET 200 https://registry.npmjs.org/bl/-/bl-4.1.0.tgz 171730ms (cache miss)
2552 http fetch GET 200 https://registry.npmjs.org/big.js/-/big.js-5.2.2.tgz 171948ms (cache miss)
2553 http fetch GET 200 https://registry.npmjs.org/batch/-/batch-0.6.1.tgz 172188ms (cache miss)
2554 http fetch GET 200 https://registry.npmjs.org/base64id/-/base64id-2.0.0.tgz 172440ms (cache miss)
2555 http fetch GET 200 https://registry.npmjs.org/bcrypt-pbkdf/-/bcrypt-pbkdf-1.0.2.tgz 172550ms (cache miss)
2556 http fetch GET 200 https://registry.npmjs.org/base64-js/-/base64-js-1.5.1.tgz 172912ms (cache miss)
2557 http fetch GET 200 https://registry.npmjs.org/balanced-match/-/balanced-match-1.0.2.tgz 173401ms (cache miss)
2558 http fetch GET 200 https://registry.npmjs.org/base/-/base-0.11.2.tgz 173421ms (cache miss)
2559 http fetch GET 200 https://registry.npmjs.org/bluebird/-/bluebird-3.7.2.tgz 173528ms (cache miss)
2560 http fetch GET 200 https://registry.npmjs.org/babel-plugin-istanbul/-/babel-plugin-istanbul-6.1.1.tgz 173916ms (cache miss)
2561 http fetch GET 200 https://registry.npmjs.org/babel-plugin-polyfill-regenerator/-/babel-plugin-polyfill-regenerator-0.4.1.tgz 174214ms (cache miss)
2562 http fetch GET 200 https://registry.npmjs.org/babel-plugin-polyfill-corejs2/-/babel-plugin-polyfill-corejs2-0.3.3.tgz 174792ms (cache miss)
2563 http fetch GET 200 https://registry.npmjs.org/babel-plugin-polyfill-corejs3/-/babel-plugin-polyfill-corejs3-0.6.0.tgz 175945ms (cache miss)
2564 http fetch GET 200 https://registry.npmjs.org/axobject-query/-/axobject-query-2.0.2.tgz 176016ms (cache miss)
2565 http fetch GET 200 https://registry.npmjs.org/aws4/-/aws4-1.12.0.tgz 176264ms (cache miss)
2566 http fetch GET 200 https://registry.npmjs.org/aws-sign2/-/aws-sign2-0.7.0.tgz 176490ms (cache miss)
2567 http fetch GET 200 https://registry.npmjs.org/babel-loader/-/babel-loader-9.1.2.tgz 176621ms (cache miss)
2568 http fetch GET 200 https://registry.npmjs.org/atob/-/atob-2.1.2.tgz 177204ms (cache miss)
2569 http fetch GET 200 https://registry.npmjs.org/chart.js/-/chart.js-2.9.4.tgz 177457ms (cache miss)
2570 http fetch GET 200 https://registry.npmjs.org/async-each/-/async-each-1.0.6.tgz 177436ms (cache miss)
2571 http fetch GET 200 https://registry.npmjs.org/asynckit/-/asynckit-0.4.0.tgz 177641ms (cache miss)
2572 http fetch GET 200 https://registry.npmjs.org/assign-symbols/-/assign-symbols-1.0.0.tgz 177676ms (cache miss)
2573 http fetch GET 200 https://registry.npmjs.org/ast-types-flow/-/ast-types-flow-0.0.7.tgz 177775ms (cache miss)
2574 http fetch GET 200 https://registry.npmjs.org/autoprefixer/-/autoprefixer-10.4.13.tgz 177787ms (cache miss)
2575 http fetch GET 200 https://registry.npmjs.org/arrify/-/arrify-1.0.1.tgz 177941ms (cache miss)
2576 http fetch GET 200 https://registry.npmjs.org/array-unique/-/array-unique-0.3.2.tgz 177999ms (cache miss)
2577 http fetch GET 200 https://registry.npmjs.org/asn1/-/asn1-0.2.6.tgz 178116ms (cache miss)
2578 http fetch GET 200 https://registry.npmjs.org/array-union/-/array-union-1.0.2.tgz 178220ms (cache miss)
2579 http fetch GET 200 https://registry.npmjs.org/assert-plus/-/assert-plus-1.0.0.tgz 178232ms (cache miss)
2580 http fetch GET 200 https://registry.npmjs.org/array-uniq/-/array-uniq-1.0.3.tgz 178374ms (cache miss)
2581 http fetch GET 200 https://registry.npmjs.org/arr-union/-/arr-union-3.1.0.tgz 178549ms (cache miss)
2582 http fetch GET 200 https://registry.npmjs.org/arr-flatten/-/arr-flatten-1.1.0.tgz 178548ms (cache miss)
2583 http fetch GET 200 https://registry.npmjs.org/array-flatten/-/array-flatten-2.1.2.tgz 178552ms (cache miss)
2584 http fetch GET 200 https://registry.npmjs.org/ckeditor5/-/ckeditor5-35.4.0.tgz 178676ms (cache miss)
2585 http fetch GET 200 https://registry.npmjs.org/arr-diff/-/arr-diff-4.0.0.tgz 178589ms (cache miss)
2586 http fetch GET 200 https://registry.npmjs.org/aproba/-/aproba-2.0.0.tgz 178800ms (cache miss)
2587 http fetch GET 200 https://registry.npmjs.org/arg/-/arg-4.1.3.tgz 178983ms (cache miss)
2588 http fetch GET 200 https://registry.npmjs.org/are-we-there-yet/-/are-we-there-yet-3.0.1.tgz 179050ms (cache miss)
2589 warn deprecated are-we-there-yet@3.0.1: This package is no longer supported.
2590 http fetch GET 200 https://registry.npmjs.org/app-root-path/-/app-root-path-3.1.0.tgz 179288ms (cache miss)
2591 http fetch GET 200 https://registry.npmjs.org/anymatch/-/anymatch-3.1.3.tgz 179639ms (cache miss)
2592 http fetch GET 200 https://registry.npmjs.org/ansi-styles/-/ansi-styles-4.3.0.tgz 179701ms (cache miss)
2593 http fetch GET 200 https://registry.npmjs.org/ansi-regex/-/ansi-regex-5.0.1.tgz 180021ms (cache miss)
2594 http fetch GET 200 https://registry.npmjs.org/aria-query/-/aria-query-3.0.0.tgz 180127ms (cache miss)
2595 http fetch GET 200 https://registry.npmjs.org/argparse/-/argparse-1.0.10.tgz 180389ms (cache miss)
2596 http fetch GET 200 https://registry.npmjs.org/ansi-colors/-/ansi-colors-4.1.3.tgz 180516ms (cache miss)
2597 http fetch GET 200 https://registry.npmjs.org/ansi-html-community/-/ansi-html-community-0.0.8.tgz 180711ms (cache miss)
2598 http fetch GET 200 https://registry.npmjs.org/ansi-escapes/-/ansi-escapes-4.3.2.tgz 180786ms (cache miss)
2599 http fetch GET 200 https://registry.npmjs.org/less/-/less-4.1.3.tgz 183665ms (cache miss)
2600 http fetch GET 200 https://registry.npmjs.org/angularx-flatpickr/-/angularx-flatpickr-7.0.0.tgz 182707ms (cache miss)
2601 http fetch GET 200 https://registry.npmjs.org/ajv-formats/-/ajv-formats-2.1.1.tgz 183433ms (cache miss)
2602 http fetch GET 200 https://registry.npmjs.org/ajv-keywords/-/ajv-keywords-5.1.0.tgz 183663ms (cache miss)
2603 http fetch GET 200 https://registry.npmjs.org/aggregate-error/-/aggregate-error-3.1.0.tgz 183662ms (cache miss)
2604 http fetch GET 200 https://registry.npmjs.org/agent-base/-/agent-base-6.0.2.tgz 184087ms (cache miss)
2605 http fetch GET 200 https://registry.npmjs.org/agentkeepalive/-/agentkeepalive-4.6.0.tgz 184544ms (cache miss)
2606 http fetch GET 200 https://registry.npmjs.org/angular-archwizard/-/angular-archwizard-7.0.0.tgz 185525ms (cache miss)
2607 http fetch GET 200 https://registry.npmjs.org/adjust-sourcemap-loader/-/adjust-sourcemap-loader-4.0.0.tgz 185574ms (cache miss)
2608 http fetch GET 200 https://registry.npmjs.org/adm-zip/-/adm-zip-0.5.16.tgz 185674ms (cache miss)
2609 http fetch GET 200 https://registry.npmjs.org/acorn-import-assertions/-/acorn-import-assertions-1.9.0.tgz 186241ms (cache miss)
2610 warn deprecated acorn-import-assertions@1.9.0: package has been renamed to acorn-import-attributes
2611 http fetch GET 200 https://registry.npmjs.org/accepts/-/accepts-1.3.8.tgz 186616ms (cache miss)
2612 http fetch GET 200 https://registry.npmjs.org/acorn-walk/-/acorn-walk-8.2.0.tgz 186622ms (cache miss)
2613 http fetch GET 200 https://registry.npmjs.org/abab/-/abab-2.0.6.tgz 187288ms (cache miss)
2614 warn deprecated abab@2.0.6: Use your platform's native atob() and btoa() methods instead
2615 http fetch GET 200 https://registry.npmjs.org/ajv/-/ajv-8.12.0.tgz 191761ms (cache miss)
2616 http fetch GET 200 https://registry.npmjs.org/acorn/-/acorn-8.8.2.tgz 192554ms (cache miss)
2617 http fetch GET 200 https://registry.npmjs.org/abbrev/-/abbrev-1.1.1.tgz 192980ms (cache miss)
2618 http fetch GET 200 https://registry.npmjs.org/@xtuc/ieee754/-/ieee754-1.2.0.tgz 193123ms (cache miss)
2619 http fetch GET 200 https://registry.npmjs.org/@webassemblyjs/wast-printer/-/wast-printer-1.11.1.tgz 194337ms (cache miss)
2620 http fetch GET 200 https://registry.npmjs.org/@webassemblyjs/wasm-opt/-/wasm-opt-1.11.1.tgz 194747ms (cache miss)
2621 http fetch GET 200 https://registry.npmjs.org/@webassemblyjs/wasm-parser/-/wasm-parser-1.11.1.tgz 194820ms (cache miss)
2622 http fetch GET 200 https://registry.npmjs.org/@webassemblyjs/wasm-gen/-/wasm-gen-1.11.1.tgz 195192ms (cache miss)
2623 http fetch GET 200 https://registry.npmjs.org/@xtuc/long/-/long-4.2.2.tgz 196029ms (cache miss)
2624 http fetch GET 200 https://registry.npmjs.org/@webassemblyjs/wasm-edit/-/wasm-edit-1.11.1.tgz 196559ms (cache miss)
2625 http fetch GET 200 https://registry.npmjs.org/@webassemblyjs/utf8/-/utf8-1.11.1.tgz 196854ms (cache miss)
2626 http fetch GET 200 https://registry.npmjs.org/@webassemblyjs/leb128/-/leb128-1.11.1.tgz 196871ms (cache miss)
2627 http fetch GET 200 https://registry.npmjs.org/@webassemblyjs/ieee754/-/ieee754-1.11.1.tgz 197538ms (cache miss)
2628 http fetch GET 200 https://registry.npmjs.org/caniuse-lite/-/caniuse-lite-1.0.30001450.tgz 198047ms (cache miss)
2629 http fetch GET 200 https://registry.npmjs.org/@webassemblyjs/helper-wasm-bytecode/-/helper-wasm-bytecode-1.11.1.tgz 197856ms (cache miss)
2630 http fetch GET 200 https://registry.npmjs.org/@webassemblyjs/helper-wasm-section/-/helper-wasm-section-1.11.1.tgz 197939ms (cache miss)
2631 http fetch GET 200 https://registry.npmjs.org/@webassemblyjs/helper-api-error/-/helper-api-error-1.11.1.tgz 198130ms (cache miss)
2632 http fetch GET 200 https://registry.npmjs.org/@webassemblyjs/helper-numbers/-/helper-numbers-1.11.1.tgz 198238ms (cache miss)
2633 http fetch GET 200 https://registry.npmjs.org/@yarnpkg/lockfile/-/lockfile-1.1.0.tgz 198439ms (cache miss)
2634 http fetch GET 200 https://registry.npmjs.org/@types/ws/-/ws-8.5.4.tgz 198842ms (cache miss)
2635 http fetch GET 200 https://registry.npmjs.org/@types/youtube/-/youtube-0.0.47.tgz 198971ms (cache miss)
2636 http fetch GET 200 https://registry.npmjs.org/@webassemblyjs/floating-point-hex-parser/-/floating-point-hex-parser-1.11.1.tgz 199205ms (cache miss)
2637 http fetch GET 200 https://registry.npmjs.org/@types/sockjs/-/sockjs-0.3.33.tgz 199226ms (cache miss)
2638 http fetch GET 200 https://registry.npmjs.org/@webassemblyjs/helper-buffer/-/helper-buffer-1.11.1.tgz 199295ms (cache miss)
2639 http fetch GET 200 https://registry.npmjs.org/@types/serve-index/-/serve-index-1.9.1.tgz 199562ms (cache miss)
2640 http fetch GET 200 https://registry.npmjs.org/@types/serve-static/-/serve-static-1.15.0.tgz 199616ms (cache miss)
2641 http fetch GET 200 https://registry.npmjs.org/@types/range-parser/-/range-parser-1.2.4.tgz 199877ms (cache miss)
2642 http fetch GET 200 https://registry.npmjs.org/@types/retry/-/retry-0.12.0.tgz 200024ms (cache miss)
2643 http fetch GET 200 https://registry.npmjs.org/@types/qs/-/qs-6.9.7.tgz 200040ms (cache miss)
2644 http fetch GET 200 https://registry.npmjs.org/@types/q/-/q-0.0.32.tgz 200576ms (cache miss)
2645 http fetch GET 200 https://registry.npmjs.org/@types/parse-json/-/parse-json-4.0.0.tgz 200636ms (cache miss)
2646 http fetch GET 200 https://registry.npmjs.org/@types/mime/-/mime-3.0.1.tgz 201473ms (cache miss)
2647 http fetch GET 200 https://registry.npmjs.org/@webassemblyjs/ast/-/ast-1.11.1.tgz 201553ms (cache miss)
2648 http fetch GET 200 https://registry.npmjs.org/@types/long/-/long-4.0.2.tgz 201744ms (cache miss)
2649 http fetch GET 200 https://registry.npmjs.org/@types/jasminewd2/-/jasminewd2-2.0.10.tgz 202260ms (cache miss)
2650 http fetch GET 200 https://registry.npmjs.org/@types/selenium-webdriver/-/selenium-webdriver-3.0.20.tgz 202317ms (cache miss)
2651 http fetch GET 200 https://registry.npmjs.org/@types/http-proxy/-/http-proxy-1.17.9.tgz 202583ms (cache miss)
2652 http fetch GET 200 https://registry.npmjs.org/@types/json-schema/-/json-schema-7.0.11.tgz 202870ms (cache miss)
2653 http fetch GET 200 https://registry.npmjs.org/@types/grecaptcha/-/grecaptcha-3.0.9.tgz 202876ms (cache miss)
2654 http fetch GET 200 https://registry.npmjs.org/@types/geojson/-/geojson-7946.0.10.tgz 203238ms (cache miss)
2655 http fetch GET 200 https://registry.npmjs.org/@types/express-serve-static-core/-/express-serve-static-core-4.17.33.tgz 203450ms (cache miss)
2656 http fetch GET 200 https://registry.npmjs.org/@types/leaflet/-/leaflet-1.9.0.tgz 203492ms (cache miss)
2657 http fetch GET 200 https://registry.npmjs.org/@types/express/-/express-4.17.16.tgz 203563ms (cache miss)
2658 http fetch GET 200 https://registry.npmjs.org/@types/eslint-scope/-/eslint-scope-3.7.7.tgz 203783ms (cache miss)
2659 http fetch GET 200 https://registry.npmjs.org/@types/estree/-/estree-0.0.51.tgz 203849ms (cache miss)
2660 http fetch GET 200 https://registry.npmjs.org/@types/cors/-/cors-2.8.17.tgz 204076ms (cache miss)
2661 http fetch GET 200 https://registry.npmjs.org/@types/cookie/-/cookie-0.4.1.tgz 204138ms (cache miss)
2662 http fetch GET 200 https://registry.npmjs.org/@types/connect-history-api-fallback/-/connect-history-api-fallback-1.3.5.tgz 204361ms (cache miss)
2663 http fetch GET 200 https://registry.npmjs.org/@types/connect/-/connect-3.4.35.tgz 204417ms (cache miss)
2664 http fetch GET 200 https://registry.npmjs.org/@types/bonjour/-/bonjour-3.5.10.tgz 204800ms (cache miss)
2665 http fetch GET 200 https://registry.npmjs.org/@types/jasmine/-/jasmine-4.3.1.tgz 205063ms (cache miss)
2666 http fetch GET 200 https://registry.npmjs.org/@types/body-parser/-/body-parser-1.19.2.tgz 205170ms (cache miss)
2667 http fetch GET 200 https://registry.npmjs.org/@types/eslint/-/eslint-9.6.1.tgz 206117ms (cache miss)
2668 http fetch GET 200 https://registry.npmjs.org/@tufjs/canonical-json/-/canonical-json-1.0.0.tgz 206103ms (cache miss)
2669 http fetch GET 200 https://registry.npmjs.org/@tsconfig/node16/-/node16-1.0.3.tgz 206244ms (cache miss)
2670 http fetch GET 200 https://registry.npmjs.org/@tsconfig/node12/-/node12-1.0.11.tgz 206472ms (cache miss)
2671 http fetch GET 200 https://registry.npmjs.org/@tsconfig/node10/-/node10-1.0.9.tgz 206718ms (cache miss)
2672 http fetch GET 200 https://registry.npmjs.org/@tsconfig/node14/-/node14-1.0.3.tgz 206916ms (cache miss)
2673 http fetch GET 200 https://registry.npmjs.org/@tootallnate/once/-/once-2.0.0.tgz 207060ms (cache miss)
2674 http fetch GET 200 https://registry.npmjs.org/@socket.io/component-emitter/-/component-emitter-3.1.2.tgz 207434ms (cache miss)
2675 http fetch GET 200 https://registry.npmjs.org/@sigstore/tuf/-/tuf-1.0.3.tgz 208664ms (cache miss)
2676 http fetch GET 200 https://registry.npmjs.org/@tufjs/models/-/models-1.0.4.tgz 209100ms (cache miss)
2677 http fetch GET 200 https://registry.npmjs.org/@sigstore/sign/-/sign-1.0.0.tgz 210331ms (cache miss)
2678 http fetch GET 200 https://registry.npmjs.org/@types/chart.js/-/chart.js-2.9.37.tgz 211183ms (cache miss)
2679 http fetch GET 200 https://registry.npmjs.org/@sigstore/bundle/-/bundle-1.1.0.tgz 211580ms (cache miss)
2680 http fetch GET 200 https://registry.npmjs.org/@sigstore/protobuf-specs/-/protobuf-specs-0.2.1.tgz 212822ms (cache miss)
2681 http fetch GET 200 https://registry.npmjs.org/@protobufjs/pool/-/pool-1.1.0.tgz 213315ms (cache miss)
2682 http fetch GET 200 https://registry.npmjs.org/@protobufjs/path/-/path-1.1.2.tgz 213900ms (cache miss)
2683 http fetch GET 200 https://registry.npmjs.org/@protobufjs/utf8/-/utf8-1.1.0.tgz 214009ms (cache miss)
2684 http fetch GET 200 https://registry.npmjs.org/@protobufjs/inquire/-/inquire-1.1.0.tgz 214253ms (cache miss)
2685 http fetch GET 200 https://registry.npmjs.org/@protobufjs/fetch/-/fetch-1.1.0.tgz 214888ms (cache miss)
2686 http fetch GET 200 https://registry.npmjs.org/@schematics/update/-/update-0.8.9.tgz 215072ms (cache miss)
2687 warn deprecated @schematics/update@0.8.9: This was an internal-only Angular package up through Angular v11 which is no longer used or maintained. Upgrade Angular to v12+ to remove this dependency.
2688 http fetch GET 200 https://registry.npmjs.org/@protobufjs/eventemitter/-/eventemitter-1.1.0.tgz 215331ms (cache miss)
2689 http fetch GET 200 https://registry.npmjs.org/@protobufjs/float/-/float-1.0.2.tgz 215486ms (cache miss)
2690 http fetch GET 200 https://registry.npmjs.org/@protobufjs/codegen/-/codegen-2.0.4.tgz 216091ms (cache miss)
2691 http fetch GET 200 https://registry.npmjs.org/@protobufjs/aspromise/-/aspromise-1.1.2.tgz 218119ms (cache miss)
2692 http fetch GET 200 https://registry.npmjs.org/@protobufjs/base64/-/base64-1.1.2.tgz 218532ms (cache miss)
2693 http fetch GET 200 https://registry.npmjs.org/@npmcli/run-script/-/run-script-6.0.2.tgz 220295ms (cache miss)
2694 http fetch GET 200 https://registry.npmjs.org/@npmcli/promise-spawn/-/promise-spawn-6.0.2.tgz 221025ms (cache miss)
2695 http fetch GET 200 https://registry.npmjs.org/@npmcli/node-gyp/-/node-gyp-3.0.0.tgz 221217ms (cache miss)
2696 http fetch GET 200 https://registry.npmjs.org/@pkgjs/parseargs/-/parseargs-0.11.0.tgz 221852ms (cache miss)
2697 http fetch GET 200 https://registry.npmjs.org/@npmcli/move-file/-/move-file-2.0.1.tgz 222365ms (cache miss)
2698 warn deprecated @npmcli/move-file@2.0.1: This functionality has been moved to @npmcli/fs
2699 http fetch GET 200 https://registry.npmjs.org/@npmcli/installed-package-contents/-/installed-package-contents-2.1.0.tgz 223005ms (cache miss)
2700 http fetch GET 200 https://registry.npmjs.org/@npmcli/git/-/git-4.1.0.tgz 223264ms (cache miss)
2701 http fetch GET 200 https://registry.npmjs.org/@nodelib/fs.stat/-/fs.stat-2.0.5.tgz 223987ms (cache miss)
2702 http fetch GET 200 https://registry.npmjs.org/@nodelib/fs.walk/-/fs.walk-1.2.8.tgz 224118ms (cache miss)
2703 http fetch GET 200 https://registry.npmjs.org/@nodelib/fs.scandir/-/fs.scandir-2.1.5.tgz 224757ms (cache miss)
2704 http fetch GET 200 https://registry.npmjs.org/@ngx-translate/http-loader/-/http-loader-7.0.0.tgz 225748ms (cache miss)
2705 http fetch GET 200 https://registry.npmjs.org/@nicky-lenaers/ngx-scroll-to/-/ngx-scroll-to-14.0.0.tgz 234846ms (cache miss)
2706 http fetch GET 200 https://registry.npmjs.org/@ngx-translate/core/-/core-14.0.0.tgz 235677ms (cache miss)
2707 http fetch GET 200 https://registry.npmjs.org/@popperjs/core/-/core-2.11.6.tgz 245314ms (cache miss)
2708 http fetch GET 200 https://registry.npmjs.org/@ngrx/store-devtools/-/store-devtools-15.4.0.tgz 245567ms (cache miss)
2709 http fetch GET 200 https://registry.npmjs.org/@ngtools/webpack/-/webpack-15.2.11.tgz 246665ms (cache miss)
2710 http fetch GET 200 https://registry.npmjs.org/@ngrx/effects/-/effects-15.4.0.tgz 249755ms (cache miss)
2711 http fetch GET 200 https://registry.npmjs.org/apexcharts/-/apexcharts-3.36.3.tgz 250184ms (cache miss)
2712 http fetch GET 200 https://registry.npmjs.org/@material/typography/-/typography-15.0.0-canary.684e33d25.0.tgz 250200ms (cache miss)
2713 http fetch GET 200 https://registry.npmjs.org/@material/touch-target/-/touch-target-15.0.0-canary.684e33d25.0.tgz 250880ms (cache miss)
2714 http fetch GET 200 https://registry.npmjs.org/@ng-select/ng-select/-/ng-select-10.0.3.tgz 256800ms (cache miss)
2715 http fetch GET 200 https://registry.npmjs.org/@material/tokens/-/tokens-15.0.0-canary.684e33d25.0.tgz 259153ms (cache miss)
2716 http fetch GET 200 https://registry.npmjs.org/@material/theme/-/theme-15.0.0-canary.684e33d25.0.tgz 261157ms (cache miss)
2717 http fetch GET 200 https://registry.npmjs.org/bootstrap/-/bootstrap-5.2.3.tgz 265858ms (cache miss)
2718 http fetch GET 200 https://registry.npmjs.org/@material/textfield/-/textfield-15.0.0-canary.684e33d25.0.tgz 271750ms (cache miss)
2719 http fetch GET 200 https://registry.npmjs.org/ngx-bootstrap/-/ngx-bootstrap-10.2.0.tgz 273222ms (cache miss)
2720 http fetch GET 200 https://registry.npmjs.org/@ngrx/store/-/store-15.4.0.tgz 274759ms (cache miss)
2721 http fetch GET 200 https://registry.npmjs.org/@material/tab-scroller/-/tab-scroller-15.0.0-canary.684e33d25.0.tgz 276362ms (cache miss)
2722 http fetch GET 200 https://registry.npmjs.org/@material/tab-indicator/-/tab-indicator-15.0.0-canary.684e33d25.0.tgz 276881ms (cache miss)
2723 http fetch GET 200 https://registry.npmjs.org/@material/tooltip/-/tooltip-15.0.0-canary.684e33d25.0.tgz 282309ms (cache miss)
2724 http fetch GET 200 https://registry.npmjs.org/@material/tab-bar/-/tab-bar-15.0.0-canary.684e33d25.0.tgz 284365ms (cache miss)
2725 http fetch GET 200 https://registry.npmjs.org/@material/switch/-/switch-15.0.0-canary.684e33d25.0.tgz 284876ms (cache miss)
2726 http fetch GET 200 https://registry.npmjs.org/@material/shape/-/shape-15.0.0-canary.684e33d25.0.tgz 285238ms (cache miss)
2727 http fetch GET 200 https://registry.npmjs.org/@material/slider/-/slider-15.0.0-canary.684e33d25.0.tgz 290272ms (cache miss)
2728 http fetch GET 200 https://registry.npmjs.org/@material/rtl/-/rtl-15.0.0-canary.684e33d25.0.tgz 291710ms (cache miss)
2729 http fetch GET 200 https://registry.npmjs.org/@material/tab/-/tab-15.0.0-canary.684e33d25.0.tgz 292071ms (cache miss)
2730 http fetch GET 200 https://registry.npmjs.org/@material/ripple/-/ripple-15.0.0-canary.684e33d25.0.tgz 301029ms (cache miss)
2731 http fetch GET 200 https://registry.npmjs.org/@material/snackbar/-/snackbar-15.0.0-canary.684e33d25.0.tgz 301330ms (cache miss)
2732 http fetch GET 200 https://registry.npmjs.org/@material/select/-/select-15.0.0-canary.684e33d25.0.tgz 301464ms (cache miss)
2733 http fetch GET 200 https://registry.npmjs.org/@material/progress-indicator/-/progress-indicator-15.0.0-canary.684e33d25.0.tgz 302044ms (cache miss)
2734 http fetch GET 200 https://registry.npmjs.org/@schematics/angular/-/angular-15.2.11.tgz 303367ms (cache miss)
2735 http fetch GET 200 https://registry.npmjs.org/@material/segmented-button/-/segmented-button-15.0.0-canary.684e33d25.0.tgz 303294ms (cache miss)
2736 http fetch GET 200 https://registry.npmjs.org/jackspeak/-/jackspeak-3.4.3.tgz 307865ms (cache miss)
2737 http fetch GET 200 https://registry.npmjs.org/@material/radio/-/radio-15.0.0-canary.684e33d25.0.tgz 307137ms (cache miss)
2738 http fetch GET 200 https://registry.npmjs.org/@material/menu-surface/-/menu-surface-15.0.0-canary.684e33d25.0.tgz 308356ms (cache miss)
2739 http fetch GET 200 https://registry.npmjs.org/@material/layout-grid/-/layout-grid-15.0.0-canary.684e33d25.0.tgz 308800ms (cache miss)
2740 http fetch GET 200 https://registry.npmjs.org/@material/image-list/-/image-list-15.0.0-canary.684e33d25.0.tgz 309786ms (cache miss)
2741 http fetch GET 200 https://registry.npmjs.org/@material/form-field/-/form-field-15.0.0-canary.684e33d25.0.tgz 314867ms (cache miss)
2742 http fetch GET 200 https://registry.npmjs.org/@material/focus-ring/-/focus-ring-15.0.0-canary.684e33d25.0.tgz 315457ms (cache miss)
2743 http fetch GET 200 https://registry.npmjs.org/@material/notched-outline/-/notched-outline-15.0.0-canary.684e33d25.0.tgz 315567ms (cache miss)
2744 http fetch GET 200 https://registry.npmjs.org/@material/feature-targeting/-/feature-targeting-15.0.0-canary.684e33d25.0.tgz 316755ms (cache miss)
2745 http fetch GET 200 https://registry.npmjs.org/@material/list/-/list-15.0.0-canary.684e33d25.0.tgz 316872ms (cache miss)
2746 http fetch GET 200 https://registry.npmjs.org/@material/elevation/-/elevation-15.0.0-canary.684e33d25.0.tgz 318162ms (cache miss)
2747 http fetch GET 200 https://registry.npmjs.org/@material/icon-button/-/icon-button-15.0.0-canary.684e33d25.0.tgz 318883ms (cache miss)
2748 http fetch GET 200 https://registry.npmjs.org/@material/line-ripple/-/line-ripple-15.0.0-canary.684e33d25.0.tgz 319117ms (cache miss)
2749 http fetch GET 200 https://registry.npmjs.org/@material/menu/-/menu-15.0.0-canary.684e33d25.0.tgz 319723ms (cache miss)
2750 http fetch GET 200 https://registry.npmjs.org/@material/density/-/density-15.0.0-canary.684e33d25.0.tgz 321378ms (cache miss)
2751 http fetch GET 200 https://registry.npmjs.org/@material/floating-label/-/floating-label-15.0.0-canary.684e33d25.0.tgz 323533ms (cache miss)
2752 http fetch GET 200 https://registry.npmjs.org/@material/linear-progress/-/linear-progress-15.0.0-canary.684e33d25.0.tgz 323855ms (cache miss)
2753 http fetch GET 200 https://registry.npmjs.org/@material/top-app-bar/-/top-app-bar-15.0.0-canary.684e33d25.0.tgz 330318ms (cache miss)
2754 http fetch GET 200 https://registry.npmjs.org/@material/circular-progress/-/circular-progress-15.0.0-canary.684e33d25.0.tgz 330992ms (cache miss)
2755 http fetch GET 200 https://registry.npmjs.org/@material/dom/-/dom-15.0.0-canary.684e33d25.0.tgz 332568ms (cache miss)
2756 http fetch GET 200 https://registry.npmjs.org/@material/drawer/-/drawer-15.0.0-canary.684e33d25.0.tgz 336548ms (cache miss)
2757 http fetch GET 200 https://registry.npmjs.org/@material/card/-/card-15.0.0-canary.684e33d25.0.tgz 337872ms (cache miss)
2758 http fetch GET 200 https://registry.npmjs.org/@material/fab/-/fab-15.0.0-canary.684e33d25.0.tgz 338268ms (cache miss)
2759 http fetch GET 200 https://registry.npmjs.org/@material/auto-init/-/auto-init-15.0.0-canary.684e33d25.0.tgz 339225ms (cache miss)
2760 http fetch GET 200 https://registry.npmjs.org/@material/animation/-/animation-15.0.0-canary.684e33d25.0.tgz 340067ms (cache miss)
2761 http fetch GET 200 https://registry.npmjs.org/@material/base/-/base-15.0.0-canary.684e33d25.0.tgz 341727ms (cache miss)
2762 http fetch GET 200 https://registry.npmjs.org/@leichtgewicht/ip-codec/-/ip-codec-2.0.4.tgz 342315ms (cache miss)
2763 http fetch GET 200 https://registry.npmjs.org/@juggle/resize-observer/-/resize-observer-3.4.0.tgz 342511ms (cache miss)
2764 http fetch GET 200 https://registry.npmjs.org/@material/checkbox/-/checkbox-15.0.0-canary.684e33d25.0.tgz 343162ms (cache miss)
2765 http fetch GET 200 https://registry.npmjs.org/@jridgewell/sourcemap-codec/-/sourcemap-codec-1.4.14.tgz 343472ms (cache miss)
2766 http fetch GET 200 https://registry.npmjs.org/@types/node/-/node-18.11.18.tgz 343968ms (cache miss)
2767 http fetch GET 200 https://registry.npmjs.org/@material/button/-/button-15.0.0-canary.684e33d25.0.tgz 343963ms (cache miss)
2768 http fetch GET 200 https://registry.npmjs.org/@jridgewell/trace-mapping/-/trace-mapping-0.3.25.tgz 344036ms (cache miss)
2769 http fetch GET 200 https://registry.npmjs.org/@jridgewell/source-map/-/source-map-0.3.6.tgz 344309ms (cache miss)
2770 http fetch GET 200 https://registry.npmjs.org/@jridgewell/set-array/-/set-array-1.2.1.tgz 344503ms (cache miss)
2771 http fetch GET 200 https://registry.npmjs.org/@jridgewell/gen-mapping/-/gen-mapping-0.1.1.tgz 344599ms (cache miss)
2772 http fetch GET 200 https://registry.npmjs.org/@jridgewell/resolve-uri/-/resolve-uri-3.1.0.tgz 344974ms (cache miss)
2773 http fetch GET 200 https://registry.npmjs.org/@isaacs/cliui/-/cliui-8.0.2.tgz 344969ms (cache miss)
2774 http fetch GET 200 https://registry.npmjs.org/@istanbuljs/schema/-/schema-0.1.3.tgz 345088ms (cache miss)
2775 http fetch GET 200 https://registry.npmjs.org/@istanbuljs/load-nyc-config/-/load-nyc-config-1.1.0.tgz 345127ms (cache miss)
2776 http fetch GET 200 https://registry.npmjs.org/@gar/promisify/-/promisify-1.1.3.tgz 345233ms (cache miss)
2777 http fetch GET 200 https://registry.npmjs.org/@grpc/proto-loader/-/proto-loader-0.6.13.tgz 345654ms (cache miss)
2778 http fetch GET 200 https://registry.npmjs.org/@fullcalendar/list/-/list-6.1.1.tgz 347127ms (cache miss)
2779 http fetch GET 200 https://registry.npmjs.org/@fullcalendar/timegrid/-/timegrid-6.1.1.tgz 348079ms (cache miss)
2780 http fetch GET 200 https://registry.npmjs.org/@fullcalendar/daygrid/-/daygrid-6.1.1.tgz 349560ms (cache miss)
2781 http fetch GET 200 https://registry.npmjs.org/@fullcalendar/interaction/-/interaction-6.1.1.tgz 350268ms (cache miss)
2782 http fetch GET 200 https://registry.npmjs.org/@fullcalendar/angular/-/angular-6.1.1.tgz 350573ms (cache miss)
2783 http fetch GET 200 https://registry.npmjs.org/@firebase/storage-types/-/storage-types-0.8.0.tgz 351489ms (cache miss)
2784 http fetch GET 200 https://registry.npmjs.org/@firebase/storage-compat/-/storage-compat-0.3.2.tgz 353257ms (cache miss)
2785 http fetch GET 200 https://registry.npmjs.org/@firebase/remote-config-types/-/remote-config-types-0.3.0.tgz 356201ms (cache miss)
2786 http fetch GET 200 https://registry.npmjs.org/@firebase/remote-config-compat/-/remote-config-compat-0.2.4.tgz 356691ms (cache miss)
2787 http fetch GET 200 https://registry.npmjs.org/@material/banner/-/banner-15.0.0-canary.684e33d25.0.tgz 357469ms (cache miss)
2788 http fetch GET 200 https://registry.npmjs.org/firebase/-/firebase-9.23.0.tgz 358852ms (cache miss)
2789 http fetch GET 200 https://registry.npmjs.org/@firebase/performance-types/-/performance-types-0.2.0.tgz 357891ms (cache miss)
2790 http fetch GET 200 https://registry.npmjs.org/@firebase/performance-compat/-/performance-compat-0.2.4.tgz 358742ms (cache miss)
2791 http fetch GET 200 https://registry.npmjs.org/@firebase/util/-/util-1.9.3.tgz 359751ms (cache miss)
2792 http fetch GET 200 https://registry.npmjs.org/@fullcalendar/core/-/core-6.1.1.tgz 359759ms (cache miss)
2793 http fetch GET 200 https://registry.npmjs.org/@firebase/messaging-interop-types/-/messaging-interop-types-0.2.0.tgz 359964ms (cache miss)
2794 http fetch GET 200 https://registry.npmjs.org/@firebase/messaging-compat/-/messaging-compat-0.2.4.tgz 360892ms (cache miss)
2795 http fetch GET 200 https://registry.npmjs.org/@material/data-table/-/data-table-15.0.0-canary.684e33d25.0.tgz 361128ms (cache miss)
2796 http fetch GET 200 https://registry.npmjs.org/@firebase/remote-config/-/remote-config-0.4.4.tgz 361161ms (cache miss)
2797 http fetch GET 200 https://registry.npmjs.org/@firebase/installations-types/-/installations-types-0.5.0.tgz 361691ms (cache miss)
2798 http fetch GET 200 https://registry.npmjs.org/@firebase/installations-compat/-/installations-compat-0.2.4.tgz 362355ms (cache miss)
2799 http fetch GET 200 https://registry.npmjs.org/@firebase/logger/-/logger-0.4.0.tgz 362389ms (cache miss)
2800 http fetch GET 200 https://registry.npmjs.org/@firebase/functions-types/-/functions-types-0.6.0.tgz 363317ms (cache miss)
2801 http fetch GET 200 https://registry.npmjs.org/@firebase/functions-compat/-/functions-compat-0.3.5.tgz 364591ms (cache miss)
2802 http fetch GET 200 https://registry.npmjs.org/@firebase/firestore-types/-/firestore-types-2.5.1.tgz 365103ms (cache miss)
2803 http fetch GET 200 https://registry.npmjs.org/@firebase/installations/-/installations-0.6.4.tgz 365165ms (cache miss)
2804 http fetch GET 200 https://registry.npmjs.org/@grpc/grpc-js/-/grpc-js-1.7.3.tgz 365538ms (cache miss)
2805 http fetch GET 200 https://registry.npmjs.org/@firebase/database-types/-/database-types-0.10.4.tgz 365838ms (cache miss)
2806 http fetch GET 200 https://registry.npmjs.org/@firebase/functions/-/functions-0.10.0.tgz 366270ms (cache miss)
2807 http fetch GET 200 https://registry.npmjs.org/@firebase/messaging/-/messaging-0.12.4.tgz 367106ms (cache miss)
2808 http fetch GET 200 https://registry.npmjs.org/@firebase/component/-/component-0.6.4.tgz 368069ms (cache miss)
2809 http fetch GET 200 https://registry.npmjs.org/@firebase/performance/-/performance-0.6.4.tgz 368382ms (cache miss)
2810 http fetch GET 200 https://registry.npmjs.org/@firebase/auth-types/-/auth-types-0.12.0.tgz 368423ms (cache miss)
2811 http fetch GET 200 https://registry.npmjs.org/@firebase/auth-interop-types/-/auth-interop-types-0.2.1.tgz 368876ms (cache miss)
2812 http fetch GET 200 https://registry.npmjs.org/@material/chips/-/chips-15.0.0-canary.684e33d25.0.tgz 369075ms (cache miss)
2813 http fetch GET 200 https://registry.npmjs.org/@firebase/app-types/-/app-types-0.9.0.tgz 369774ms (cache miss)
2814 http fetch GET 200 https://registry.npmjs.org/@firebase/firestore-compat/-/firestore-compat-0.3.12.tgz 370890ms (cache miss)
2815 http fetch GET 200 https://registry.npmjs.org/@firebase/app-check-interop-types/-/app-check-interop-types-0.3.0.tgz 371088ms (cache miss)
2816 http fetch GET 200 https://registry.npmjs.org/@firebase/app-check-types/-/app-check-types-0.5.0.tgz 371396ms (cache miss)
2817 http fetch GET 200 https://registry.npmjs.org/@firebase/app-compat/-/app-compat-0.2.13.tgz 371924ms (cache miss)
2818 http fetch GET 200 https://registry.npmjs.org/@firebase/app-check-compat/-/app-check-compat-0.3.7.tgz 372592ms (cache miss)
2819 http fetch GET 200 https://registry.npmjs.org/@firebase/webchannel-wrapper/-/webchannel-wrapper-0.10.1.tgz 373314ms (cache miss)
2820 http fetch GET 200 https://registry.npmjs.org/@firebase/analytics-types/-/analytics-types-0.8.0.tgz 374451ms (cache miss)
2821 http fetch GET 200 https://registry.npmjs.org/@firebase/app-check/-/app-check-0.8.0.tgz 374708ms (cache miss)
2822 http fetch GET 200 https://registry.npmjs.org/@firebase/analytics-compat/-/analytics-compat-0.2.6.tgz 375064ms (cache miss)
2823 http fetch GET 200 https://registry.npmjs.org/ngx-lightbox/-/ngx-lightbox-3.0.0.tgz 379485ms (cache miss)
2824 http fetch GET 200 https://registry.npmjs.org/@firebase/analytics/-/analytics-0.10.0.tgz 378414ms (cache miss)
2825 http fetch GET 200 https://registry.npmjs.org/@firebase/auth-compat/-/auth-compat-0.4.2.tgz 378591ms (cache miss)
2826 http fetch GET 200 https://registry.npmjs.org/@firebase/app/-/app-0.9.13.tgz 378736ms (cache miss)
2827 http fetch GET 200 https://registry.npmjs.org/@discoveryjs/json-ext/-/json-ext-0.5.7.tgz 378838ms (cache miss)
2828 http fetch GET 200 https://registry.npmjs.org/@cspotcode/source-map-support/-/source-map-support-0.8.1.tgz 379508ms (cache miss)
2829 http fetch GET 200 https://registry.npmjs.org/@colors/colors/-/colors-1.5.0.tgz 379790ms (cache miss)
2830 http fetch GET 200 https://registry.npmjs.org/@ckeditor/ckeditor5-watchdog/-/ckeditor5-watchdog-34.2.0.tgz 380209ms (cache miss)
2831 http fetch GET 200 https://registry.npmjs.org/esbuild-wasm/-/esbuild-wasm-0.17.8.tgz 381413ms (cache miss)
2832 http fetch GET 200 https://registry.npmjs.org/@firebase/storage/-/storage-0.11.2.tgz 381019ms (cache miss)
2833 http fetch GET 200 https://registry.npmjs.org/@ckeditor/ckeditor5-upload/-/ckeditor5-upload-35.4.0.tgz 380976ms (cache miss)
2834 http fetch GET 200 https://registry.npmjs.org/@ckeditor/ckeditor5-widget/-/ckeditor5-widget-35.4.0.tgz 382114ms (cache miss)
2835 http fetch GET 200 https://registry.npmjs.org/@ckeditor/ckeditor5-typing/-/ckeditor5-typing-35.4.0.tgz 382243ms (cache miss)
2836 http fetch GET 200 https://registry.npmjs.org/@ckeditor/ckeditor5-undo/-/ckeditor5-undo-35.4.0.tgz 382386ms (cache miss)
2837 http fetch GET 200 https://registry.npmjs.org/@ckeditor/ckeditor5-paste-from-office/-/ckeditor5-paste-from-office-35.4.0.tgz 383368ms (cache miss)
2838 http fetch GET 200 https://registry.npmjs.org/@firebase/database-compat/-/database-compat-0.3.4.tgz 383903ms (cache miss)
2839 http fetch GET 200 https://registry.npmjs.org/@ckeditor/ckeditor5-paragraph/-/ckeditor5-paragraph-35.4.0.tgz 384542ms (cache miss)
2840 http fetch GET 200 https://registry.npmjs.org/@ckeditor/ckeditor5-select-all/-/ckeditor5-select-all-35.4.0.tgz 384565ms (cache miss)
2841 http fetch GET 200 https://registry.npmjs.org/@ckeditor/ckeditor5-utils/-/ckeditor5-utils-35.4.0.tgz 386039ms (cache miss)
2842 http fetch GET 200 https://registry.npmjs.org/@ckeditor/ckeditor5-media-embed/-/ckeditor5-media-embed-35.4.0.tgz 386454ms (cache miss)
2843 http fetch GET 200 https://registry.npmjs.org/@ckeditor/ckeditor5-ui/-/ckeditor5-ui-35.4.0.tgz 386689ms (cache miss)
2844 http fetch GET 200 https://registry.npmjs.org/@ckeditor/ckeditor5-list/-/ckeditor5-list-35.4.0.tgz 388351ms (cache miss)
2845 http fetch GET 200 https://registry.npmjs.org/@ckeditor/ckeditor5-indent/-/ckeditor5-indent-35.4.0.tgz 388383ms (cache miss)
2846 http fetch GET 200 https://registry.npmjs.org/@ckeditor/ckeditor5-heading/-/ckeditor5-heading-35.4.0.tgz 388860ms (cache miss)
2847 http fetch GET 200 https://registry.npmjs.org/@ckeditor/ckeditor5-link/-/ckeditor5-link-35.4.0.tgz 388948ms (cache miss)
2848 http fetch GET 200 https://registry.npmjs.org/@ckeditor/ckeditor5-essentials/-/ckeditor5-essentials-35.4.0.tgz 389220ms (cache miss)
2849 http fetch GET 200 https://registry.npmjs.org/@ckeditor/ckeditor5-enter/-/ckeditor5-enter-35.4.0.tgz 389518ms (cache miss)
2850 http fetch GET 200 https://registry.npmjs.org/@ckeditor/ckeditor5-easy-image/-/ckeditor5-easy-image-35.4.0.tgz 389828ms (cache miss)
2851 http fetch GET 200 https://registry.npmjs.org/@ckeditor/ckeditor5-editor-classic/-/ckeditor5-editor-classic-35.4.0.tgz 390616ms (cache miss)
2852 http fetch GET 200 https://registry.npmjs.org/@ckeditor/ckeditor5-cloud-services/-/ckeditor5-cloud-services-35.4.0.tgz 390705ms (cache miss)
2853 http fetch GET 200 https://registry.npmjs.org/@ckeditor/ckeditor5-image/-/ckeditor5-image-35.4.0.tgz 391363ms (cache miss)
2854 http fetch GET 200 https://registry.npmjs.org/@ckeditor/ckeditor5-clipboard/-/ckeditor5-clipboard-35.4.0.tgz 392019ms (cache miss)
2855 http fetch GET 200 https://registry.npmjs.org/@ckeditor/ckeditor5-ckfinder/-/ckeditor5-ckfinder-35.4.0.tgz 392457ms (cache miss)
2856 http fetch GET 200 https://registry.npmjs.org/@ckeditor/ckeditor5-core/-/ckeditor5-core-35.4.0.tgz 393939ms (cache miss)
2857 http fetch GET 200 https://registry.npmjs.org/@ckeditor/ckeditor5-ckbox/-/ckeditor5-ckbox-35.4.0.tgz 394292ms (cache miss)
2858 http fetch GET 200 https://registry.npmjs.org/@ckeditor/ckeditor5-block-quote/-/ckeditor5-block-quote-35.4.0.tgz 394336ms (cache miss)
2859 http fetch GET 200 https://registry.npmjs.org/@ckeditor/ckeditor5-autoformat/-/ckeditor5-autoformat-35.4.0.tgz 395550ms (cache miss)
2860 http fetch GET 200 https://registry.npmjs.org/@ckeditor/ckeditor5-angular/-/ckeditor5-angular-4.0.0.tgz 395794ms (cache miss)
2861 http fetch GET 200 https://registry.npmjs.org/@ckeditor/ckeditor5-table/-/ckeditor5-table-35.4.0.tgz 396017ms (cache miss)
2862 http fetch GET 200 https://registry.npmjs.org/@ctrl/ngx-emoji-mart/-/ngx-emoji-mart-7.1.0.tgz 396250ms (cache miss)
2863 http fetch GET 200 https://registry.npmjs.org/@ckeditor/ckeditor5-adapter-ckfinder/-/ckeditor5-adapter-ckfinder-35.4.0.tgz 396507ms (cache miss)
2864 http fetch GET 200 https://registry.npmjs.org/@babel/template/-/template-7.20.7.tgz 396947ms (cache miss)
2865 http fetch GET 200 https://registry.npmjs.org/@ckeditor/ckeditor5-basic-styles/-/ckeditor5-basic-styles-35.4.0.tgz 397107ms (cache miss)
2866 http fetch GET 200 https://registry.npmjs.org/@babel/runtime/-/runtime-7.20.13.tgz 398841ms (cache miss)
2867 http fetch GET 200 https://registry.npmjs.org/@babel/preset-modules/-/preset-modules-0.1.5.tgz 398853ms (cache miss)
2868 http fetch GET 200 https://registry.npmjs.org/@babel/plugin-transform-unicode-regex/-/plugin-transform-unicode-regex-7.18.6.tgz 398876ms (cache miss)
2869 http fetch GET 200 https://registry.npmjs.org/@babel/plugin-transform-typeof-symbol/-/plugin-transform-typeof-symbol-7.18.9.tgz 399121ms (cache miss)
2870 http fetch GET 200 https://registry.npmjs.org/@babel/plugin-transform-unicode-escapes/-/plugin-transform-unicode-escapes-7.18.10.tgz 399256ms (cache miss)
2871 http fetch GET 200 https://registry.npmjs.org/@babel/plugin-transform-template-literals/-/plugin-transform-template-literals-7.18.9.tgz 399345ms (cache miss)
2872 http fetch GET 200 https://registry.npmjs.org/@babel/plugin-transform-sticky-regex/-/plugin-transform-sticky-regex-7.18.6.tgz 399447ms (cache miss)
2873 http fetch GET 200 https://registry.npmjs.org/@babel/plugin-transform-spread/-/plugin-transform-spread-7.20.7.tgz 399650ms (cache miss)
2874 http fetch GET 200 https://registry.npmjs.org/@babel/preset-env/-/preset-env-7.20.2.tgz 400181ms (cache miss)
2875 http fetch GET 200 https://registry.npmjs.org/@babel/plugin-transform-reserved-words/-/plugin-transform-reserved-words-7.18.6.tgz 400494ms (cache miss)
2876 http fetch GET 200 https://registry.npmjs.org/@babel/types/-/types-7.26.5.tgz 400663ms (cache miss)
2877 http fetch GET 200 https://registry.npmjs.org/@babel/plugin-transform-runtime/-/plugin-transform-runtime-7.19.6.tgz 400747ms (cache miss)
2878 http fetch GET 200 https://registry.npmjs.org/@babel/plugin-transform-property-literals/-/plugin-transform-property-literals-7.18.6.tgz 400827ms (cache miss)
2879 http fetch GET 200 https://registry.npmjs.org/@babel/plugin-transform-regenerator/-/plugin-transform-regenerator-7.20.5.tgz 400898ms (cache miss)
2880 http fetch GET 200 https://registry.npmjs.org/@babel/plugin-transform-object-super/-/plugin-transform-object-super-7.18.6.tgz 401078ms (cache miss)
2881 http fetch GET 200 https://registry.npmjs.org/@babel/plugin-transform-shorthand-properties/-/plugin-transform-shorthand-properties-7.18.6.tgz 401103ms (cache miss)
2882 http fetch GET 200 https://registry.npmjs.org/@babel/plugin-transform-named-capturing-groups-regex/-/plugin-transform-named-capturing-groups-regex-7.20.5.tgz 401253ms (cache miss)
2883 http fetch GET 200 https://registry.npmjs.org/@babel/plugin-transform-new-target/-/plugin-transform-new-target-7.18.6.tgz 401274ms (cache miss)
2884 http fetch GET 200 https://registry.npmjs.org/@babel/plugin-transform-modules-umd/-/plugin-transform-modules-umd-7.18.6.tgz 401348ms (cache miss)
2885 http fetch GET 200 https://registry.npmjs.org/@babel/plugin-transform-parameters/-/plugin-transform-parameters-7.20.7.tgz 401399ms (cache miss)
2886 http fetch GET 200 https://registry.npmjs.org/@babel/plugin-transform-member-expression-literals/-/plugin-transform-member-expression-literals-7.18.6.tgz 401580ms (cache miss)
2887 http fetch GET 200 https://registry.npmjs.org/@babel/plugin-transform-modules-systemjs/-/plugin-transform-modules-systemjs-7.20.11.tgz 401741ms (cache miss)
2888 http fetch GET 200 https://registry.npmjs.org/@babel/plugin-transform-literals/-/plugin-transform-literals-7.18.9.tgz 401807ms (cache miss)
2889 http fetch GET 200 https://registry.npmjs.org/@babel/plugin-transform-function-name/-/plugin-transform-function-name-7.18.9.tgz 401986ms (cache miss)
2890 http fetch GET 200 https://registry.npmjs.org/@babel/plugin-transform-modules-amd/-/plugin-transform-modules-amd-7.20.11.tgz 402157ms (cache miss)
2891 http fetch GET 200 https://registry.npmjs.org/@babel/plugin-transform-exponentiation-operator/-/plugin-transform-exponentiation-operator-7.18.6.tgz 402170ms (cache miss)
2892 http fetch GET 200 https://registry.npmjs.org/@babel/plugin-transform-modules-commonjs/-/plugin-transform-modules-commonjs-7.20.11.tgz 402316ms (cache miss)
2893 http fetch GET 200 https://registry.npmjs.org/@babel/plugin-transform-for-of/-/plugin-transform-for-of-7.18.8.tgz 402366ms (cache miss)
2894 http fetch GET 200 https://registry.npmjs.org/@babel/plugin-transform-dotall-regex/-/plugin-transform-dotall-regex-7.18.6.tgz 402381ms (cache miss)
2895 http fetch GET 200 https://registry.npmjs.org/@babel/plugin-transform-duplicate-keys/-/plugin-transform-duplicate-keys-7.18.9.tgz 402650ms (cache miss)
2896 http fetch GET 200 https://registry.npmjs.org/@babel/plugin-transform-classes/-/plugin-transform-classes-7.20.7.tgz 403106ms (cache miss)
2897 http fetch GET 200 https://registry.npmjs.org/@babel/plugin-transform-block-scoped-functions/-/plugin-transform-block-scoped-functions-7.18.6.tgz 403279ms (cache miss)
2898 http fetch GET 200 https://registry.npmjs.org/@babel/plugin-transform-async-to-generator/-/plugin-transform-async-to-generator-7.20.7.tgz 403546ms (cache miss)
2899 http fetch GET 200 https://registry.npmjs.org/@babel/plugin-transform-arrow-functions/-/plugin-transform-arrow-functions-7.20.7.tgz 403756ms (cache miss)
2900 http fetch GET 200 https://registry.npmjs.org/@babel/plugin-transform-computed-properties/-/plugin-transform-computed-properties-7.20.7.tgz 403900ms (cache miss)
2901 http fetch GET 200 https://registry.npmjs.org/@babel/traverse/-/traverse-7.26.5.tgz 404112ms (cache miss)
2902 http fetch GET 200 https://registry.npmjs.org/@babel/plugin-transform-destructuring/-/plugin-transform-destructuring-7.20.7.tgz 404115ms (cache miss)
2903 http fetch GET 200 https://registry.npmjs.org/@babel/plugin-syntax-private-property-in-object/-/plugin-syntax-private-property-in-object-7.14.5.tgz 404095ms (cache miss)
2904 http fetch GET 200 https://registry.npmjs.org/@babel/plugin-syntax-optional-chaining/-/plugin-syntax-optional-chaining-7.8.3.tgz 404247ms (cache miss)
2905 http fetch GET 200 https://registry.npmjs.org/@babel/plugin-syntax-optional-catch-binding/-/plugin-syntax-optional-catch-binding-7.8.3.tgz 404289ms (cache miss)
2906 http fetch GET 200 https://registry.npmjs.org/@babel/plugin-syntax-object-rest-spread/-/plugin-syntax-object-rest-spread-7.8.3.tgz 404361ms (cache miss)
2907 http fetch GET 200 https://registry.npmjs.org/@babel/plugin-syntax-numeric-separator/-/plugin-syntax-numeric-separator-7.10.4.tgz 404418ms (cache miss)
2908 http fetch GET 200 https://registry.npmjs.org/@babel/plugin-syntax-nullish-coalescing-operator/-/plugin-syntax-nullish-coalescing-operator-7.8.3.tgz 404496ms (cache miss)
2909 http fetch GET 200 https://registry.npmjs.org/@babel/plugin-syntax-top-level-await/-/plugin-syntax-top-level-await-7.14.5.tgz 404509ms (cache miss)
2910 http fetch GET 200 https://registry.npmjs.org/@babel/plugin-syntax-logical-assignment-operators/-/plugin-syntax-logical-assignment-operators-7.10.4.tgz 404610ms (cache miss)
2911 http fetch GET 200 https://registry.npmjs.org/@babel/plugin-syntax-json-strings/-/plugin-syntax-json-strings-7.8.3.tgz 404608ms (cache miss)
2912 http fetch GET 200 https://registry.npmjs.org/@babel/plugin-syntax-dynamic-import/-/plugin-syntax-dynamic-import-7.8.3.tgz 404688ms (cache miss)
2913 http fetch GET 200 https://registry.npmjs.org/@babel/plugin-syntax-class-properties/-/plugin-syntax-class-properties-7.12.13.tgz 404793ms (cache miss)
2914 http fetch GET 200 https://registry.npmjs.org/@babel/plugin-syntax-import-assertions/-/plugin-syntax-import-assertions-7.20.0.tgz 404836ms (cache miss)
2915 http fetch GET 200 https://registry.npmjs.org/@babel/plugin-syntax-class-static-block/-/plugin-syntax-class-static-block-7.14.5.tgz 404834ms (cache miss)
2916 http fetch GET 200 https://registry.npmjs.org/@babel/plugin-syntax-async-generators/-/plugin-syntax-async-generators-7.8.4.tgz 404876ms (cache miss)
2917 http fetch GET 200 https://registry.npmjs.org/@babel/plugin-syntax-export-namespace-from/-/plugin-syntax-export-namespace-from-7.8.3.tgz 405005ms (cache miss)
2918 http fetch GET 200 https://registry.npmjs.org/@babel/plugin-proposal-unicode-property-regex/-/plugin-proposal-unicode-property-regex-7.18.6.tgz 405124ms (cache miss)
2919 warn deprecated @babel/plugin-proposal-unicode-property-regex@7.18.6: This proposal has been merged to the ECMAScript standard and thus this plugin is no longer maintained. Please use @babel/plugin-transform-unicode-property-regex instead.
2920 http fetch GET 200 https://registry.npmjs.org/@babel/plugin-proposal-optional-catch-binding/-/plugin-proposal-optional-catch-binding-7.18.6.tgz 405242ms (cache miss)
2921 warn deprecated @babel/plugin-proposal-optional-catch-binding@7.18.6: This proposal has been merged to the ECMAScript standard and thus this plugin is no longer maintained. Please use @babel/plugin-transform-optional-catch-binding instead.
2922 http fetch GET 200 https://registry.npmjs.org/@babel/plugin-proposal-optional-chaining/-/plugin-proposal-optional-chaining-7.20.7.tgz 405355ms (cache miss)
2923 warn deprecated @babel/plugin-proposal-optional-chaining@7.20.7: This proposal has been merged to the ECMAScript standard and thus this plugin is no longer maintained. Please use @babel/plugin-transform-optional-chaining instead.
2924 http fetch GET 200 https://registry.npmjs.org/@babel/plugin-proposal-private-methods/-/plugin-proposal-private-methods-7.18.6.tgz 405457ms (cache miss)
2925 warn deprecated @babel/plugin-proposal-private-methods@7.18.6: This proposal has been merged to the ECMAScript standard and thus this plugin is no longer maintained. Please use @babel/plugin-transform-private-methods instead.
2926 http fetch GET 200 https://registry.npmjs.org/@babel/plugin-transform-block-scoping/-/plugin-transform-block-scoping-7.20.14.tgz 405563ms (cache miss)
2927 http fetch GET 200 https://registry.npmjs.org/@babel/plugin-proposal-numeric-separator/-/plugin-proposal-numeric-separator-7.18.6.tgz 405578ms (cache miss)
2928 warn deprecated @babel/plugin-proposal-numeric-separator@7.18.6: This proposal has been merged to the ECMAScript standard and thus this plugin is no longer maintained. Please use @babel/plugin-transform-numeric-separator instead.
2929 http fetch GET 200 https://registry.npmjs.org/@babel/plugin-proposal-json-strings/-/plugin-proposal-json-strings-7.18.6.tgz 405776ms (cache miss)
2930 warn deprecated @babel/plugin-proposal-json-strings@7.18.6: This proposal has been merged to the ECMAScript standard and thus this plugin is no longer maintained. Please use @babel/plugin-transform-json-strings instead.
2931 http fetch GET 200 https://registry.npmjs.org/@babel/plugin-proposal-logical-assignment-operators/-/plugin-proposal-logical-assignment-operators-7.20.7.tgz 406011ms (cache miss)
2932 warn deprecated @babel/plugin-proposal-logical-assignment-operators@7.20.7: This proposal has been merged to the ECMAScript standard and thus this plugin is no longer maintained. Please use @babel/plugin-transform-logical-assignment-operators instead.
2933 http fetch GET 200 https://registry.npmjs.org/@babel/plugin-proposal-export-namespace-from/-/plugin-proposal-export-namespace-from-7.18.9.tgz 406002ms (cache miss)
2934 warn deprecated @babel/plugin-proposal-export-namespace-from@7.18.9: This proposal has been merged to the ECMAScript standard and thus this plugin is no longer maintained. Please use @babel/plugin-transform-export-namespace-from instead.
2935 http fetch GET 200 https://registry.npmjs.org/@babel/plugin-proposal-nullish-coalescing-operator/-/plugin-proposal-nullish-coalescing-operator-7.18.6.tgz 406236ms (cache miss)
2936 warn deprecated @babel/plugin-proposal-nullish-coalescing-operator@7.18.6: This proposal has been merged to the ECMAScript standard and thus this plugin is no longer maintained. Please use @babel/plugin-transform-nullish-coalescing-operator instead.
2937 http fetch GET 200 https://registry.npmjs.org/@babel/plugin-proposal-class-properties/-/plugin-proposal-class-properties-7.18.6.tgz 406488ms (cache miss)
2938 warn deprecated @babel/plugin-proposal-class-properties@7.18.6: This proposal has been merged to the ECMAScript standard and thus this plugin is no longer maintained. Please use @babel/plugin-transform-class-properties instead.
2939 http fetch GET 200 https://registry.npmjs.org/@babel/plugin-proposal-class-static-block/-/plugin-proposal-class-static-block-7.20.7.tgz 406491ms (cache miss)
2940 warn deprecated @babel/plugin-proposal-class-static-block@7.20.7: This proposal has been merged to the ECMAScript standard and thus this plugin is no longer maintained. Please use @babel/plugin-transform-class-static-block instead.
2941 http fetch GET 200 https://registry.npmjs.org/@babel/plugin-proposal-private-property-in-object/-/plugin-proposal-private-property-in-object-7.20.5.tgz 406529ms (cache miss)
2942 warn deprecated @babel/plugin-proposal-private-property-in-object@7.20.5: This proposal has been merged to the ECMAScript standard and thus this plugin is no longer maintained. Please use @babel/plugin-transform-private-property-in-object instead.
2943 http fetch GET 200 https://registry.npmjs.org/@babel/plugin-proposal-dynamic-import/-/plugin-proposal-dynamic-import-7.18.6.tgz 406514ms (cache miss)
2944 warn deprecated @babel/plugin-proposal-dynamic-import@7.18.6: This proposal has been merged to the ECMAScript standard and thus this plugin is no longer maintained. Please use @babel/plugin-transform-dynamic-import instead.
2945 http fetch GET 200 https://registry.npmjs.org/@babel/plugin-bugfix-v8-spread-parameters-in-optional-chaining/-/plugin-bugfix-v8-spread-parameters-in-optional-chaining-7.20.7.tgz 406583ms (cache miss)
2946 http fetch GET 200 https://registry.npmjs.org/@babel/plugin-proposal-async-generator-functions/-/plugin-proposal-async-generator-functions-7.20.7.tgz 406928ms (cache miss)
2947 warn deprecated @babel/plugin-proposal-async-generator-functions@7.20.7: This proposal has been merged to the ECMAScript standard and thus this plugin is no longer maintained. Please use @babel/plugin-transform-async-generator-functions instead.
2948 http fetch GET 200 https://registry.npmjs.org/@babel/helper-wrap-function/-/helper-wrap-function-7.20.5.tgz 406951ms (cache miss)
2949 http fetch GET 200 https://registry.npmjs.org/@ckeditor/ckeditor5-engine/-/ckeditor5-engine-35.4.0.tgz 407236ms (cache miss)
2950 http fetch GET 200 https://registry.npmjs.org/@babel/helper-validator-option/-/helper-validator-option-7.18.6.tgz 407259ms (cache miss)
2951 http fetch GET 200 https://registry.npmjs.org/@babel/helper-string-parser/-/helper-string-parser-7.25.9.tgz 407814ms (cache miss)
2952 http fetch GET 200 https://registry.npmjs.org/@babel/helper-split-export-declaration/-/helper-split-export-declaration-7.18.6.tgz 407813ms (cache miss)
2953 http fetch GET 200 https://registry.npmjs.org/@babel/plugin-proposal-object-rest-spread/-/plugin-proposal-object-rest-spread-7.20.7.tgz 407957ms (cache miss)
2954 warn deprecated @babel/plugin-proposal-object-rest-spread@7.20.7: This proposal has been merged to the ECMAScript standard and thus this plugin is no longer maintained. Please use @babel/plugin-transform-object-rest-spread instead.
2955 http fetch GET 200 https://registry.npmjs.org/@babel/helper-validator-identifier/-/helper-validator-identifier-7.25.9.tgz 408080ms (cache miss)
2956 http fetch GET 200 https://registry.npmjs.org/@babel/helper-remap-async-to-generator/-/helper-remap-async-to-generator-7.18.9.tgz 408490ms (cache miss)
2957 http fetch GET 200 https://registry.npmjs.org/@babel/helper-skip-transparent-expression-wrappers/-/helper-skip-transparent-expression-wrappers-7.20.0.tgz 408709ms (cache miss)
2958 http fetch GET 200 https://registry.npmjs.org/@babel/helper-replace-supers/-/helper-replace-supers-7.20.7.tgz 408712ms (cache miss)
2959 http fetch GET 200 https://registry.npmjs.org/@babel/helper-optimise-call-expression/-/helper-optimise-call-expression-7.18.6.tgz 408832ms (cache miss)
2960 http fetch GET 200 https://registry.npmjs.org/@babel/helper-simple-access/-/helper-simple-access-7.20.2.tgz 408921ms (cache miss)
2961 http fetch GET 200 https://registry.npmjs.org/@babel/helper-plugin-utils/-/helper-plugin-utils-7.20.2.tgz 408943ms (cache miss)
2962 http fetch GET 200 https://registry.npmjs.org/echarts/-/echarts-5.4.1.tgz 410272ms (cache miss)
2963 http fetch GET 200 https://registry.npmjs.org/@babel/helper-module-imports/-/helper-module-imports-7.18.6.tgz 409211ms (cache miss)
2964 http fetch GET 200 https://registry.npmjs.org/@babel/helper-hoist-variables/-/helper-hoist-variables-7.18.6.tgz 409213ms (cache miss)
2965 http fetch GET 200 https://registry.npmjs.org/@babel/helpers/-/helpers-7.20.13.tgz 409257ms (cache miss)
2966 http fetch GET 200 https://registry.npmjs.org/@babel/helper-explode-assignable-expression/-/helper-explode-assignable-expression-7.18.6.tgz 409370ms (cache miss)
2967 http fetch GET 200 https://registry.npmjs.org/@babel/helper-environment-visitor/-/helper-environment-visitor-7.18.9.tgz 409392ms (cache miss)
2968 http fetch GET 200 https://registry.npmjs.org/@babel/helper-function-name/-/helper-function-name-7.19.0.tgz 409412ms (cache miss)
2969 http fetch GET 200 https://registry.npmjs.org/@babel/helper-create-regexp-features-plugin/-/helper-create-regexp-features-plugin-7.20.5.tgz 409776ms (cache miss)
2970 http fetch GET 200 https://registry.npmjs.org/@babel/helper-member-expression-to-functions/-/helper-member-expression-to-functions-7.20.7.tgz 409903ms (cache miss)
2971 http fetch GET 200 https://registry.npmjs.org/@babel/helper-builder-binary-assignment-operator-visitor/-/helper-builder-binary-assignment-operator-visitor-7.18.9.tgz 409920ms (cache miss)
2972 http fetch GET 200 https://registry.npmjs.org/@babel/helper-annotate-as-pure/-/helper-annotate-as-pure-7.18.6.tgz 409914ms (cache miss)
2973 http fetch GET 200 https://registry.npmjs.org/@babel/helper-create-class-features-plugin/-/helper-create-class-features-plugin-7.20.12.tgz 411289ms (cache miss)
2974 http fetch GET 200 https://registry.npmjs.org/@material/dialog/-/dialog-15.0.0-canary.684e33d25.0.tgz 411676ms (cache miss)
2975 http fetch GET 200 https://registry.npmjs.org/@babel/helper-compilation-targets/-/helper-compilation-targets-7.20.7.tgz 411304ms (cache miss)
2976 http fetch GET 200 https://registry.npmjs.org/@babel/helper-module-transforms/-/helper-module-transforms-7.20.11.tgz 411400ms (cache miss)
2977 http fetch GET 200 https://registry.npmjs.org/@babel/code-frame/-/code-frame-7.26.2.tgz 411528ms (cache miss)
2978 http fetch GET 200 https://registry.npmjs.org/@babel/compat-data/-/compat-data-7.20.14.tgz 411696ms (cache miss)
2979 http fetch GET 200 https://registry.npmjs.org/@babel/core/-/core-7.20.12.tgz 412363ms (cache miss)
2980 http fetch GET 200 https://registry.npmjs.org/@babel/generator/-/generator-7.20.14.tgz 412413ms (cache miss)
2981 http fetch GET 200 https://registry.npmjs.org/@babel/helper-define-polyfill-provider/-/helper-define-polyfill-provider-0.3.3.tgz 412494ms (cache miss)
2982 http fetch GET 200 https://registry.npmjs.org/@assemblyscript/loader/-/loader-0.10.1.tgz 412571ms (cache miss)
2983 http fetch GET 200 https://registry.npmjs.org/@auth0/angular-jwt/-/angular-jwt-5.2.0.tgz 413690ms (cache miss)
2984 http fetch GET 200 https://registry.npmjs.org/@angular/platform-browser-dynamic/-/platform-browser-dynamic-15.1.2.tgz 413784ms (cache miss)
2985 http fetch GET 200 https://registry.npmjs.org/@asymmetrik/ngx-leaflet/-/ngx-leaflet-15.0.1.tgz 415602ms (cache miss)
2986 http fetch GET 200 https://registry.npmjs.org/@angular/platform-browser/-/platform-browser-15.1.2.tgz 420047ms (cache miss)
2987 http fetch GET 200 https://registry.npmjs.org/@angular/localize/-/localize-15.1.2.tgz 421134ms (cache miss)
2988 http fetch GET 200 https://registry.npmjs.org/@babel/parser/-/parser-7.26.5.tgz 422266ms (cache miss)
2989 http fetch GET 200 https://registry.npmjs.org/@angular/forms/-/forms-15.1.2.tgz 422385ms (cache miss)
2990 http fetch GET 200 https://registry.npmjs.org/@angular/router/-/router-15.1.2.tgz 426629ms (cache miss)
2991 http fetch GET 200 https://registry.npmjs.org/@angular/cli/-/cli-15.2.11.tgz 428150ms (cache miss)
2992 http fetch GET 200 https://registry.npmjs.org/@firebase/auth/-/auth-0.23.2.tgz 429898ms (cache miss)
2993 http fetch GET 200 https://registry.npmjs.org/@angular-devkit/schematics/-/schematics-15.2.11.tgz 437459ms (cache miss)
2994 http fetch GET 200 https://registry.npmjs.org/@angular/compiler-cli/-/compiler-cli-15.1.2.tgz 439019ms (cache miss)
2995 http fetch GET 200 https://registry.npmjs.org/@angular-devkit/build-webpack/-/build-webpack-0.1502.11.tgz 439883ms (cache miss)
2996 http fetch GET 200 https://registry.npmjs.org/@angular/animations/-/animations-15.1.2.tgz 442396ms (cache miss)
2997 http fetch GET 200 https://registry.npmjs.org/@angular-devkit/architect/-/architect-0.1502.11.tgz 446292ms (cache miss)
2998 http fetch GET 200 https://registry.npmjs.org/@angular-devkit/core/-/core-15.2.11.tgz 446504ms (cache miss)
2999 http fetch GET 200 https://registry.npmjs.org/@ampproject/remapping/-/remapping-2.2.0.tgz 446956ms (cache miss)
3000 http fetch GET 200 https://registry.npmjs.org/@npmcli/fs/-/fs-3.1.0.tgz 447315ms (cache miss)
3001 http fetch GET 200 https://registry.npmjs.org/glob-to-regexp/-/glob-to-regexp-0.4.1.tgz 447327ms (cache miss)
3002 http fetch GET 200 https://registry.npmjs.org/@babel/plugin-bugfix-safari-id-destructuring-collision-in-function-expression/-/plugin-bugfix-safari-id-destructuring-collision-in-function-expression-7.18.6.tgz 447719ms (cache miss)
3003 http fetch GET 200 https://registry.npmjs.org/tslib/-/tslib-2.3.0.tgz 448307ms (cache miss)
3004 http fetch GET 200 https://registry.npmjs.org/schema-utils/-/schema-utils-3.3.0.tgz 448354ms (cache miss)
3005 http fetch GET 200 https://registry.npmjs.org/json-schema-traverse/-/json-schema-traverse-0.4.1.tgz 448597ms (cache miss)
3006 http fetch GET 200 https://registry.npmjs.org/ajv-keywords/-/ajv-keywords-3.5.2.tgz 449403ms (cache miss)
3007 http fetch GET 200 https://registry.npmjs.org/semver/-/semver-5.7.2.tgz 450406ms (cache miss)
3008 http fetch GET 200 https://registry.npmjs.org/strip-ansi/-/strip-ansi-3.0.1.tgz 451272ms (cache miss)
3009 http fetch GET 200 https://registry.npmjs.org/webpack-dev-middleware/-/webpack-dev-middleware-5.3.4.tgz 452431ms (cache miss)
3010 http fetch GET 200 https://registry.npmjs.org/rimraf/-/rimraf-2.7.1.tgz 452851ms (cache miss)
3011 warn deprecated rimraf@2.7.1: Rimraf versions prior to v4 are no longer supported
3012 http fetch GET 200 https://registry.npmjs.org/supports-color/-/supports-color-2.0.0.tgz 453601ms (cache miss)
3013 http fetch GET 200 https://registry.npmjs.org/@angular/cdk/-/cdk-15.2.9.tgz 454549ms (cache miss)
3014 http fetch GET 200 https://registry.npmjs.org/glob/-/glob-7.2.3.tgz 454758ms (cache miss)
3015 warn deprecated glob@7.2.3: Glob versions prior to v9 are no longer supported
3016 http fetch GET 200 https://registry.npmjs.org/ini/-/ini-1.3.8.tgz 454843ms (cache miss)
3017 http fetch GET 200 https://registry.npmjs.org/chalk/-/chalk-1.1.3.tgz 455096ms (cache miss)
3018 http fetch GET 200 https://registry.npmjs.org/@firebase/database/-/database-0.14.4.tgz 455523ms (cache miss)
3019 http fetch GET 200 https://registry.npmjs.org/brace-expansion/-/brace-expansion-1.1.11.tgz 455299ms (cache miss)
3020 http fetch GET 200 https://registry.npmjs.org/ansi-styles/-/ansi-styles-2.2.1.tgz 455347ms (cache miss)
3021 http fetch GET 200 https://registry.npmjs.org/minimatch/-/minimatch-3.1.2.tgz 455422ms (cache miss)
3022 http fetch GET 200 https://registry.npmjs.org/ansi-regex/-/ansi-regex-2.1.1.tgz 455494ms (cache miss)
3023 http fetch GET 200 https://registry.npmjs.org/has-value/-/has-value-0.3.1.tgz 455651ms (cache miss)
3024 http fetch GET 200 https://registry.npmjs.org/has-values/-/has-values-0.1.4.tgz 455679ms (cache miss)
3025 http fetch GET 200 https://registry.npmjs.org/isobject/-/isobject-2.1.0.tgz 455678ms (cache miss)
3026 http fetch GET 200 https://registry.npmjs.org/minipass/-/minipass-5.0.0.tgz 455985ms (cache miss)
3027 http fetch GET 200 https://registry.npmjs.org/make-fetch-happen/-/make-fetch-happen-11.1.1.tgz 456304ms (cache miss)
3028 http fetch GET 200 https://registry.npmjs.org/minipass-fetch/-/minipass-fetch-3.0.5.tgz 456387ms (cache miss)
3029 http fetch GET 200 https://registry.npmjs.org/tslib/-/tslib-1.14.1.tgz 456823ms (cache miss)
3030 http fetch GET 200 https://registry.npmjs.org/lru-cache/-/lru-cache-7.18.3.tgz 457029ms (cache miss)
3031 http fetch GET 200 https://registry.npmjs.org/supports-color/-/supports-color-5.5.0.tgz 457196ms (cache miss)
3032 http fetch GET 200 https://registry.npmjs.org/ajv/-/ajv-6.12.6.tgz 457252ms (cache miss)
3033 http fetch GET 200 https://registry.npmjs.org/tslib/-/tslib-1.14.1.tgz 457227ms (cache miss)
3034 http fetch GET 200 https://registry.npmjs.org/has-flag/-/has-flag-3.0.0.tgz 457371ms (cache miss)
3035 http fetch GET 200 https://registry.npmjs.org/minimatch/-/minimatch-3.1.2.tgz 457701ms (cache miss)
3036 http fetch GET 200 https://registry.npmjs.org/glob/-/glob-7.2.3.tgz 457792ms (cache miss)
3037 warn deprecated glob@7.2.3: Glob versions prior to v9 are no longer supported
3038 http fetch GET 200 https://registry.npmjs.org/semver/-/semver-5.7.2.tgz 458061ms (cache miss)
3039 http fetch GET 200 https://registry.npmjs.org/brace-expansion/-/brace-expansion-1.1.11.tgz 458141ms (cache miss)
3040 http fetch GET 200 https://registry.npmjs.org/chalk/-/chalk-2.4.2.tgz 458186ms (cache miss)
3041 http fetch GET 200 https://registry.npmjs.org/ansi-styles/-/ansi-styles-3.2.1.tgz 458339ms (cache miss)
3042 http fetch GET 200 https://registry.npmjs.org/extend-shallow/-/extend-shallow-3.0.2.tgz 458473ms (cache miss)
3043 http fetch GET 200 https://registry.npmjs.org/minipass/-/minipass-7.1.2.tgz 458499ms (cache miss)
3044 http fetch GET 200 https://registry.npmjs.org/is-extendable/-/is-extendable-1.0.1.tgz 458514ms (cache miss)
3045 http fetch GET 200 https://registry.npmjs.org/define-property/-/define-property-2.0.2.tgz 458765ms (cache miss)
3046 http fetch GET 200 https://registry.npmjs.org/is-descriptor/-/is-descriptor-1.0.3.tgz 458778ms (cache miss)
3047 http fetch GET 200 https://registry.npmjs.org/kind-of/-/kind-of-3.2.2.tgz 458889ms (cache miss)
3048 http fetch GET 200 https://registry.npmjs.org/string_decoder/-/string_decoder-1.1.1.tgz 458889ms (cache miss)
3049 http fetch GET 200 https://registry.npmjs.org/@esbuild/linux-x64/-/linux-x64-0.17.8.tgz 459564ms (cache miss)
3050 http fetch GET 200 https://registry.npmjs.org/glob/-/glob-7.2.3.tgz 459263ms (cache miss)
3051 warn deprecated glob@7.2.3: Glob versions prior to v9 are no longer supported
3052 http fetch GET 200 https://registry.npmjs.org/minimatch/-/minimatch-3.1.2.tgz 459512ms (cache miss)
3053 http fetch GET 200 https://registry.npmjs.org/safe-buffer/-/safe-buffer-5.1.2.tgz 459517ms (cache miss)
3054 http fetch GET 200 https://registry.npmjs.org/brace-expansion/-/brace-expansion-1.1.11.tgz 460069ms (cache miss)
3055 http fetch GET 200 https://registry.npmjs.org/yallist/-/yallist-4.0.0.tgz 460082ms (cache miss)
3056 http fetch GET 200 https://registry.npmjs.org/fs-minipass/-/fs-minipass-2.1.0.tgz 460381ms (cache miss)
3057 http fetch GET 200 https://registry.npmjs.org/minipass/-/minipass-5.0.0.tgz 460645ms (cache miss)
3058 http fetch GET 200 https://registry.npmjs.org/readable-stream/-/readable-stream-2.3.7.tgz 460664ms (cache miss)
3059 http fetch GET 200 https://registry.npmjs.org/svg.select.js/-/svg.select.js-2.1.2.tgz 461172ms (cache miss)
3060 http fetch GET 200 https://registry.npmjs.org/mkdirp/-/mkdirp-1.0.4.tgz 461580ms (cache miss)
3061 http fetch GET 200 https://registry.npmjs.org/is-extendable/-/is-extendable-1.0.1.tgz 461619ms (cache miss)
3062 http fetch GET 200 https://registry.npmjs.org/jsbn/-/jsbn-0.1.1.tgz 461831ms (cache miss)
3063 http fetch GET 200 https://registry.npmjs.org/extend-shallow/-/extend-shallow-3.0.2.tgz 461915ms (cache miss)
3064 http fetch GET 200 https://registry.npmjs.org/minipass/-/minipass-3.3.6.tgz 462559ms (cache miss)
3065 http fetch GET 200 https://registry.npmjs.org/kind-of/-/kind-of-3.2.2.tgz 463014ms (cache miss)
3066 http fetch GET 200 https://registry.npmjs.org/uuid/-/uuid-8.3.2.tgz 463406ms (cache miss)
3067 http fetch GET 200 https://registry.npmjs.org/define-property/-/define-property-1.0.0.tgz 463685ms (cache miss)
3068 http fetch GET 200 https://registry.npmjs.org/is-descriptor/-/is-descriptor-1.0.3.tgz 463812ms (cache miss)
3069 http fetch GET 200 https://registry.npmjs.org/terser/-/terser-5.37.0.tgz 463901ms (cache miss)
3070 http fetch GET 200 https://registry.npmjs.org/ms/-/ms-2.0.0.tgz 464081ms (cache miss)
3071 http fetch GET 200 https://registry.npmjs.org/debug/-/debug-2.6.9.tgz 464511ms (cache miss)
3072 http fetch GET 200 https://registry.npmjs.org/minipass-fetch/-/minipass-fetch-3.0.5.tgz 464783ms (cache miss)
3073 http fetch GET 200 https://registry.npmjs.org/minipass/-/minipass-5.0.0.tgz 466187ms (cache miss)
3074 http fetch GET 200 https://registry.npmjs.org/make-fetch-happen/-/make-fetch-happen-11.1.1.tgz 466742ms (cache miss)
3075 http fetch GET 200 https://registry.npmjs.org/minipass/-/minipass-7.1.2.tgz 467952ms (cache miss)
3076 http fetch GET 200 https://registry.npmjs.org/encodeurl/-/encodeurl-2.0.0.tgz 468430ms (cache miss)
3077 http fetch GET 200 https://registry.npmjs.org/setprototypeof/-/setprototypeof-1.1.0.tgz 468718ms (cache miss)
3078 http fetch GET 200 https://registry.npmjs.org/ms/-/ms-2.0.0.tgz 468763ms (cache miss)
3079 http fetch GET 200 https://registry.npmjs.org/lru-cache/-/lru-cache-7.18.3.tgz 468784ms (cache miss)
3080 http fetch GET 200 https://registry.npmjs.org/source-map/-/source-map-0.6.1.tgz 468872ms (cache miss)
3081 http fetch GET 200 https://registry.npmjs.org/inherits/-/inherits-2.0.3.tgz 469050ms (cache miss)
3082 http fetch GET 200 https://registry.npmjs.org/http-errors/-/http-errors-1.6.3.tgz 469587ms (cache miss)
3083 http fetch GET 200 https://registry.npmjs.org/statuses/-/statuses-2.0.1.tgz 469819ms (cache miss)
3084 http fetch GET 200 https://registry.npmjs.org/debug/-/debug-2.6.9.tgz 470003ms (cache miss)
3085 http fetch GET 200 https://registry.npmjs.org/ms/-/ms-2.1.3.tgz 470178ms (cache miss)
3086 http fetch GET 200 https://registry.npmjs.org/depd/-/depd-1.1.2.tgz 470827ms (cache miss)
3087 http fetch GET 200 https://registry.npmjs.org/debug/-/debug-2.6.9.tgz 470894ms (cache miss)
3088 http fetch GET 200 https://registry.npmjs.org/mime/-/mime-1.6.0.tgz 470909ms (cache miss)
3089 http fetch GET 200 https://registry.npmjs.org/@ckeditor/ckeditor5-build-classic/-/ckeditor5-build-classic-35.4.0.tgz 471892ms (cache miss)
3090 http fetch GET 200 https://registry.npmjs.org/source-map/-/source-map-0.5.7.tgz 471461ms (cache miss)
3091 http fetch GET 200 https://registry.npmjs.org/ms/-/ms-2.0.0.tgz 471706ms (cache miss)
3092 http fetch GET 200 https://registry.npmjs.org/yallist/-/yallist-4.0.0.tgz 471751ms (cache miss)
3093 http fetch GET 200 https://registry.npmjs.org/iconv-lite/-/iconv-lite-0.6.3.tgz 471829ms (cache miss)
3094 http fetch GET 200 https://registry.npmjs.org/lru-cache/-/lru-cache-6.0.0.tgz 471906ms (cache miss)
3095 http fetch GET 200 https://registry.npmjs.org/semver/-/semver-5.7.2.tgz 472012ms (cache miss)
3096 http fetch GET 200 https://registry.npmjs.org/brace-expansion/-/brace-expansion-1.1.11.tgz 472368ms (cache miss)
3097 http fetch GET 200 https://registry.npmjs.org/semver/-/semver-5.7.2.tgz 472687ms (cache miss)
3098 http fetch GET 200 https://registry.npmjs.org/glob/-/glob-7.2.3.tgz 472682ms (cache miss)
3099 http fetch GET 200 https://registry.npmjs.org/rimraf/-/rimraf-2.7.1.tgz 472687ms (cache miss)
3100 warn deprecated rimraf@2.7.1: Rimraf versions prior to v4 are no longer supported
3101 warn deprecated glob@7.2.3: Glob versions prior to v9 are no longer supported
3102 http fetch GET 200 https://registry.npmjs.org/minimatch/-/minimatch-3.1.2.tgz 472815ms (cache miss)
3103 http fetch GET 200 https://registry.npmjs.org/tmp/-/tmp-0.0.30.tgz 472902ms (cache miss)
3104 http fetch GET 200 https://registry.npmjs.org/y18n/-/y18n-4.0.3.tgz 473079ms (cache miss)
3105 http fetch GET 200 https://registry.npmjs.org/https-proxy-agent/-/https-proxy-agent-2.2.4.tgz 473145ms (cache miss)
3106 http fetch GET 200 https://registry.npmjs.org/agent-base/-/agent-base-4.3.0.tgz 473181ms (cache miss)
3107 http fetch GET 200 https://registry.npmjs.org/wrap-ansi/-/wrap-ansi-6.2.0.tgz 473332ms (cache miss)
3108 http fetch GET 200 https://registry.npmjs.org/yargs-parser/-/yargs-parser-18.1.3.tgz 473411ms (cache miss)
3109 http fetch GET 200 https://registry.npmjs.org/color-convert/-/color-convert-2.0.1.tgz 473505ms (cache miss)
3110 http fetch GET 200 https://registry.npmjs.org/supports-color/-/supports-color-5.5.0.tgz 473675ms (cache miss)
3111 http fetch GET 200 https://registry.npmjs.org/ansi-styles/-/ansi-styles-4.3.0.tgz 473678ms (cache miss)
3112 http fetch GET 200 https://registry.npmjs.org/has-flag/-/has-flag-3.0.0.tgz 473685ms (cache miss)
3113 http fetch GET 200 https://registry.npmjs.org/debug/-/debug-3.2.7.tgz 473699ms (cache miss)
3114 http fetch GET 200 https://registry.npmjs.org/cliui/-/cliui-6.0.0.tgz 473808ms (cache miss)
3115 http fetch GET 200 https://registry.npmjs.org/ansi-styles/-/ansi-styles-3.2.1.tgz 473922ms (cache miss)
3116 http fetch GET 200 https://registry.npmjs.org/aproba/-/aproba-1.2.0.tgz 474139ms (cache miss)
3117 http fetch GET 200 https://registry.npmjs.org/chalk/-/chalk-2.4.2.tgz 474144ms (cache miss)
3118 http fetch GET 200 https://registry.npmjs.org/minimatch/-/minimatch-3.1.2.tgz 474221ms (cache miss)
3119 http fetch GET 200 https://registry.npmjs.org/brace-expansion/-/brace-expansion-1.1.11.tgz 474328ms (cache miss)
3120 http fetch GET 200 https://registry.npmjs.org/glob/-/glob-7.2.3.tgz 474344ms (cache miss)
3121 warn deprecated glob@7.2.3: Glob versions prior to v9 are no longer supported
3122 http fetch GET 200 https://registry.npmjs.org/is-extendable/-/is-extendable-1.0.1.tgz 474545ms (cache miss)
3123 http fetch GET 200 https://registry.npmjs.org/loader-utils/-/loader-utils-2.0.4.tgz 474841ms (cache miss)
3124 http fetch GET 200 https://registry.npmjs.org/extend-shallow/-/extend-shallow-3.0.2.tgz 474883ms (cache miss)
3125 http fetch GET 200 https://registry.npmjs.org/qs/-/qs-6.5.3.tgz 474993ms (cache miss)
3126 http fetch GET 200 https://registry.npmjs.org/jsesc/-/jsesc-0.5.0.tgz 475097ms (cache miss)
3127 http fetch GET 200 https://registry.npmjs.org/json-parse-even-better-errors/-/json-parse-even-better-errors-3.0.2.tgz 475094ms (cache miss)
3128 http fetch GET 200 https://registry.npmjs.org/json-parse-even-better-errors/-/json-parse-even-better-errors-3.0.2.tgz 475932ms (cache miss)
3129 http fetch GET 200 https://registry.npmjs.org/pump/-/pump-2.0.1.tgz 476149ms (cache miss)
3130 http fetch GET 200 https://registry.npmjs.org/@angular/common/-/common-15.1.2.tgz 476501ms (cache miss)
3131 http fetch GET 200 https://registry.npmjs.org/ipaddr.js/-/ipaddr.js-1.9.1.tgz 476565ms (cache miss)
3132 http fetch GET 200 https://registry.npmjs.org/yargs/-/yargs-15.4.1.tgz 477202ms (cache miss)
3133 http fetch GET 200 https://registry.npmjs.org/y18n/-/y18n-4.0.3.tgz 477711ms (cache miss)
3134 http fetch GET 200 https://registry.npmjs.org/minipass/-/minipass-7.1.2.tgz 478099ms (cache miss)
3135 http fetch GET 200 https://registry.npmjs.org/yargs/-/yargs-15.4.1.tgz 478971ms (cache miss)
3136 http fetch GET 200 https://registry.npmjs.org/minimatch/-/minimatch-9.0.5.tgz 479182ms (cache miss)
3137 http fetch GET 200 https://registry.npmjs.org/strip-ansi/-/strip-ansi-6.0.1.tgz 479503ms (cache miss)
3138 http fetch GET 200 https://registry.npmjs.org/ansi-styles/-/ansi-styles-4.3.0.tgz 479524ms (cache miss)
3139 http fetch GET 200 https://registry.npmjs.org/ansi-regex/-/ansi-regex-5.0.1.tgz 479525ms (cache miss)
3140 http fetch GET 200 https://registry.npmjs.org/glob/-/glob-10.4.5.tgz 479596ms (cache miss)
3141 http fetch GET 200 https://registry.npmjs.org/supports-color/-/supports-color-2.0.0.tgz 479630ms (cache miss)
3142 http fetch GET 200 https://registry.npmjs.org/strip-ansi/-/strip-ansi-3.0.1.tgz 479761ms (cache miss)
3143 http fetch GET 200 https://registry.npmjs.org/wrap-ansi/-/wrap-ansi-6.2.0.tgz 479772ms (cache miss)
3144 http fetch GET 200 https://registry.npmjs.org/yargs-parser/-/yargs-parser-18.1.3.tgz 479795ms (cache miss)
3145 http fetch GET 200 https://registry.npmjs.org/cliui/-/cliui-6.0.0.tgz 480374ms (cache miss)
3146 http fetch GET 200 https://registry.npmjs.org/strip-ansi/-/strip-ansi-6.0.1.tgz 480593ms (cache miss)
3147 http fetch GET 200 https://registry.npmjs.org/source-map-support/-/source-map-support-0.4.18.tgz 480988ms (cache miss)
3148 http fetch GET 200 https://registry.npmjs.org/ansi-regex/-/ansi-regex-5.0.1.tgz 481236ms (cache miss)
3149 http fetch GET 200 https://registry.npmjs.org/color-convert/-/color-convert-2.0.1.tgz 481341ms (cache miss)
3150 http fetch GET 200 https://registry.npmjs.org/minimatch/-/minimatch-3.1.2.tgz 481474ms (cache miss)
3151 http fetch GET 200 https://registry.npmjs.org/glob/-/glob-7.2.3.tgz 481674ms (cache miss)
3152 warn deprecated glob@7.2.3: Glob versions prior to v9 are no longer supported
3153 http fetch GET 200 https://registry.npmjs.org/ansi-styles/-/ansi-styles-2.2.1.tgz 481816ms (cache miss)
3154 http fetch GET 200 https://registry.npmjs.org/ansi-regex/-/ansi-regex-2.1.1.tgz 481830ms (cache miss)
3155 http fetch GET 200 https://registry.npmjs.org/@angular-devkit/build-angular/-/build-angular-15.2.11.tgz 482300ms (cache miss)
3156 http fetch GET 200 https://registry.npmjs.org/chalk/-/chalk-1.1.3.tgz 482060ms (cache miss)
3157 http fetch GET 200 https://registry.npmjs.org/brace-expansion/-/brace-expansion-1.1.11.tgz 484650ms (cache miss)
3158 http fetch GET 200 https://registry.npmjs.org/minipass/-/minipass-7.1.2.tgz 486928ms (cache miss)
3159 http fetch GET 200 https://registry.npmjs.org/string_decoder/-/string_decoder-1.1.1.tgz 487467ms (cache miss)
3160 http fetch GET 200 https://registry.npmjs.org/parse5/-/parse5-7.2.1.tgz 487896ms (cache miss)
3161 http fetch GET 200 https://registry.npmjs.org/safe-buffer/-/safe-buffer-5.1.2.tgz 488432ms (cache miss)
3162 http fetch GET 200 https://registry.npmjs.org/parse5/-/parse5-7.2.1.tgz 488595ms (cache miss)
3163 http fetch GET 200 https://registry.npmjs.org/is-wsl/-/is-wsl-1.1.0.tgz 489002ms (cache miss)
3164 http fetch GET 200 https://registry.npmjs.org/retry/-/retry-0.13.1.tgz 489264ms (cache miss)
3165 http fetch GET 200 https://registry.npmjs.org/kind-of/-/kind-of-3.2.2.tgz 489408ms (cache miss)
3166 http fetch GET 200 https://registry.npmjs.org/readable-stream/-/readable-stream-2.3.8.tgz 489947ms (cache miss)
3167 http fetch GET 200 https://registry.npmjs.org/entities/-/entities-4.5.0.tgz 490446ms (cache miss)
3168 http fetch GET 200 https://registry.npmjs.org/minipass-fetch/-/minipass-fetch-3.0.5.tgz 491212ms (cache miss)
3169 http fetch GET 200 https://registry.npmjs.org/entities/-/entities-4.5.0.tgz 492111ms (cache miss)
3170 http fetch GET 200 https://registry.npmjs.org/minipass/-/minipass-5.0.0.tgz 492112ms (cache miss)
3171 http fetch GET 200 https://registry.npmjs.org/source-map/-/source-map-0.6.1.tgz 492585ms (cache miss)
3172 http fetch GET 200 https://registry.npmjs.org/validate-npm-package-name/-/validate-npm-package-name-3.0.0.tgz 492689ms (cache miss)
3173 http fetch GET 200 https://registry.npmjs.org/strip-ansi/-/strip-ansi-3.0.1.tgz 492870ms (cache miss)
3174 http fetch GET 200 https://registry.npmjs.org/string_decoder/-/string_decoder-1.1.1.tgz 493135ms (cache miss)
3175 http fetch GET 200 https://registry.npmjs.org/make-fetch-happen/-/make-fetch-happen-11.1.1.tgz 493188ms (cache miss)
3176 http fetch GET 200 https://registry.npmjs.org/string-width/-/string-width-1.0.2.tgz 493302ms (cache miss)
3177 http fetch GET 200 https://registry.npmjs.org/ssri/-/ssri-5.3.0.tgz 494073ms (cache miss)
3178 http fetch GET 200 https://registry.npmjs.org/minipass/-/minipass-7.1.2.tgz 494082ms (cache miss)
3179 http fetch GET 200 https://registry.npmjs.org/npmlog/-/npmlog-4.1.2.tgz 494654ms (cache miss)
3180 warn deprecated npmlog@4.1.2: This package is no longer supported.
3181 http fetch GET 200 https://registry.npmjs.org/safe-buffer/-/safe-buffer-5.1.2.tgz 495039ms (cache miss)
3182 http fetch GET 200 https://registry.npmjs.org/npm-package-arg/-/npm-package-arg-6.1.1.tgz 495474ms (cache miss)
3183 http fetch GET 200 https://registry.npmjs.org/angular2/-/angular2-2.0.0-beta.16.tgz 496718ms (cache miss)
3184 http fetch GET 200 https://registry.npmjs.org/is-fullwidth-code-point/-/is-fullwidth-code-point-1.0.0.tgz 495741ms (cache miss)
3185 http fetch GET 200 https://registry.npmjs.org/semver/-/semver-5.7.2.tgz 496021ms (cache miss)
3186 http fetch GET 200 https://registry.npmjs.org/normalize-package-data/-/normalize-package-data-2.5.0.tgz 496129ms (cache miss)
3187 http fetch GET 200 https://registry.npmjs.org/source-map/-/source-map-0.5.7.tgz 496176ms (cache miss)
3188 http fetch GET 200 https://registry.npmjs.org/readable-stream/-/readable-stream-2.3.8.tgz 496350ms (cache miss)
3189 http fetch GET 200 https://registry.npmjs.org/hosted-git-info/-/hosted-git-info-2.8.9.tgz 496366ms (cache miss)
3190 http fetch GET 200 https://registry.npmjs.org/ansi-regex/-/ansi-regex-2.1.1.tgz 496437ms (cache miss)
3191 http fetch GET 200 https://registry.npmjs.org/lru-cache/-/lru-cache-7.18.3.tgz 496553ms (cache miss)
3192 http fetch GET 200 https://registry.npmjs.org/minimatch/-/minimatch-3.1.2.tgz 496939ms (cache miss)
3193 http fetch GET 200 https://registry.npmjs.org/retry/-/retry-0.10.1.tgz 496951ms (cache miss)
3194 http fetch GET 200 https://registry.npmjs.org/which/-/which-2.0.2.tgz 497055ms (cache miss)
3195 http fetch GET 200 https://registry.npmjs.org/brace-expansion/-/brace-expansion-1.1.11.tgz 497115ms (cache miss)
3196 http fetch GET 200 https://registry.npmjs.org/aproba/-/aproba-1.2.0.tgz 497221ms (cache miss)
3197 http fetch GET 200 https://registry.npmjs.org/y18n/-/y18n-4.0.3.tgz 497213ms (cache miss)
3198 http fetch GET 200 https://registry.npmjs.org/gauge/-/gauge-2.7.4.tgz 497312ms (cache miss)
3199 warn deprecated gauge@2.7.4: This package is no longer supported.
3200 http fetch GET 200 https://registry.npmjs.org/are-we-there-yet/-/are-we-there-yet-1.1.7.tgz 497428ms (cache miss)
3201 warn deprecated are-we-there-yet@1.1.7: This package is no longer supported.
3202 http fetch GET 200 https://registry.npmjs.org/glob/-/glob-7.2.3.tgz 497813ms (cache miss)
3203 warn deprecated glob@7.2.3: Glob versions prior to v9 are no longer supported
3204 http fetch GET 200 https://registry.npmjs.org/validate-npm-package-name/-/validate-npm-package-name-3.0.0.tgz 497840ms (cache miss)
3205 http fetch GET 200 https://registry.npmjs.org/unique-slug/-/unique-slug-2.0.2.tgz 498004ms (cache miss)
3206 http fetch GET 200 https://registry.npmjs.org/to-regex-range/-/to-regex-range-2.1.1.tgz 498529ms (cache miss)
3207 http fetch GET 200 https://registry.npmjs.org/unique-filename/-/unique-filename-1.1.1.tgz 498582ms (cache miss)
3208 http fetch GET 200 https://registry.npmjs.org/@types/youtube/-/youtube-0.0.46.tgz 499151ms (cache miss)
3209 http fetch GET 200 https://registry.npmjs.org/yargs-parser/-/yargs-parser-10.1.0.tgz 499157ms (cache miss)
3210 http fetch GET 200 https://registry.npmjs.org/symbol-observable/-/symbol-observable-1.2.0.tgz 499602ms (cache miss)
3211 http fetch GET 200 https://registry.npmjs.org/string_decoder/-/string_decoder-1.1.1.tgz 500619ms (cache miss)
3212 http fetch GET 200 https://registry.npmjs.org/tslib/-/tslib-1.14.1.tgz 500865ms (cache miss)
3213 http fetch GET 200 https://registry.npmjs.org/safe-buffer/-/safe-buffer-5.1.2.tgz 500866ms (cache miss)
3214 http fetch GET 200 https://registry.npmjs.org/ssri/-/ssri-6.0.2.tgz 500886ms (cache miss)
3215 http fetch GET 200 https://registry.npmjs.org/tar/-/tar-4.4.19.tgz 501265ms (cache miss)
3216 http fetch GET 200 https://registry.npmjs.org/agent-base/-/agent-base-4.2.1.tgz 502651ms (cache miss)
3217 http fetch GET 200 https://registry.npmjs.org/semver/-/semver-5.6.0.tgz 502983ms (cache miss)
3218 http fetch GET 200 https://registry.npmjs.org/lru-cache/-/lru-cache-10.4.3.tgz 503393ms (cache miss)
3219 http fetch GET 200 https://registry.npmjs.org/socks/-/socks-2.3.3.tgz 503485ms (cache miss)
3220 http fetch GET 200 https://registry.npmjs.org/rimraf/-/rimraf-2.7.1.tgz 503967ms (cache miss)
3221 warn deprecated rimraf@2.7.1: Rimraf versions prior to v4 are no longer supported
3222 http fetch GET 200 https://registry.npmjs.org/retry/-/retry-0.10.1.tgz 504591ms (cache miss)
3223 http fetch GET 200 https://registry.npmjs.org/readdirp/-/readdirp-2.2.1.tgz 504903ms (cache miss)
3224 http fetch GET 200 https://registry.npmjs.org/safe-buffer/-/safe-buffer-5.1.2.tgz 505268ms (cache miss)
3225 http fetch GET 200 https://registry.npmjs.org/promise-retry/-/promise-retry-1.1.1.tgz 505590ms (cache miss)
3226 http fetch GET 200 https://registry.npmjs.org/readable-stream/-/readable-stream-2.3.8.tgz 506532ms (cache miss)
3227 http fetch GET 200 https://registry.npmjs.org/yallist/-/yallist-2.1.2.tgz 506527ms (cache miss)
3228 http fetch GET 200 https://registry.npmjs.org/npm-registry-fetch/-/npm-registry-fetch-3.9.1.tgz 506852ms (cache miss)
3229 http fetch GET 200 https://registry.npmjs.org/lru-cache/-/lru-cache-4.1.5.tgz 506928ms (cache miss)
3230 http fetch GET 200 https://registry.npmjs.org/npm-pick-manifest/-/npm-pick-manifest-2.2.3.tgz 506972ms (cache miss)
3231 http fetch GET 200 https://registry.npmjs.org/socks-proxy-agent/-/socks-proxy-agent-4.0.2.tgz 507650ms (cache miss)
3232 http fetch GET 200 https://registry.npmjs.org/uri-js/-/uri-js-3.0.2.tgz 507672ms (cache miss)
3233 http fetch GET 200 https://registry.npmjs.org/npm-packlist/-/npm-packlist-1.4.8.tgz 507935ms (cache miss)
3234 http fetch GET 200 https://registry.npmjs.org/npm-package-arg/-/npm-package-arg-6.1.0.tgz 507958ms (cache miss)
3235 http fetch GET 200 https://registry.npmjs.org/ms/-/ms-2.0.0.tgz 508434ms (cache miss)
3236 http fetch GET 200 https://registry.npmjs.org/pacote/-/pacote-9.2.3.tgz 508888ms (cache miss)
3237 http fetch GET 200 https://registry.npmjs.org/normalize-path/-/normalize-path-2.1.1.tgz 509115ms (cache miss)
3238 http fetch GET 200 https://registry.npmjs.org/npm-bundled/-/npm-bundled-1.1.2.tgz 509246ms (cache miss)
3239 http fetch GET 200 https://registry.npmjs.org/minizlib/-/minizlib-1.3.3.tgz 509286ms (cache miss)
3240 http fetch GET 200 https://registry.npmjs.org/extend-shallow/-/extend-shallow-3.0.2.tgz 509672ms (cache miss)
3241 http fetch GET 200 https://registry.npmjs.org/normalize-package-data/-/normalize-package-data-2.5.0.tgz 509868ms (cache miss)
3242 http fetch GET 200 https://registry.npmjs.org/npm-normalize-package-bin/-/npm-normalize-package-bin-1.0.1.tgz 510184ms (cache miss)
3243 http fetch GET 200 https://registry.npmjs.org/minipass/-/minipass-2.9.0.tgz 510461ms (cache miss)
3244 http fetch GET 200 https://registry.npmjs.org/json-schema-traverse/-/json-schema-traverse-0.4.1.tgz 510575ms (cache miss)
3245 http fetch GET 200 https://registry.npmjs.org/is-number/-/is-number-3.0.0.tgz 510638ms (cache miss)
3246 http fetch GET 200 https://registry.npmjs.org/is-extendable/-/is-extendable-1.0.1.tgz 511080ms (cache miss)
3247 http fetch GET 200 https://registry.npmjs.org/kind-of/-/kind-of-3.2.2.tgz 511079ms (cache miss)
3248 http fetch GET 200 https://registry.npmjs.org/minimatch/-/minimatch-3.1.2.tgz 511369ms (cache miss)
3249 http fetch GET 200 https://registry.npmjs.org/is-binary-path/-/is-binary-path-1.0.1.tgz 511426ms (cache miss)
3250 http fetch GET 200 https://registry.npmjs.org/is-descriptor/-/is-descriptor-1.0.3.tgz 511678ms (cache miss)
3251 http fetch GET 200 https://registry.npmjs.org/make-fetch-happen/-/make-fetch-happen-4.0.2.tgz 511728ms (cache miss)
3252 http fetch GET 200 https://registry.npmjs.org/micromatch/-/micromatch-3.1.10.tgz 512012ms (cache miss)
3253 http fetch GET 200 https://registry.npmjs.org/source-map/-/source-map-0.5.7.tgz 512984ms (cache miss)
3254 http fetch GET 200 https://registry.npmjs.org/ini/-/ini-1.3.5.tgz 512968ms (cache miss)
3255 warn deprecated ini@1.3.5: Please update to ini >=1.3.6 to avoid a prototype pollution issue
3256 http fetch GET 200 https://registry.npmjs.org/http-cache-semantics/-/http-cache-semantics-3.8.1.tgz 513069ms (cache miss)
3257 http fetch GET 200 https://registry.npmjs.org/glob-parent/-/glob-parent-3.1.0.tgz 513321ms (cache miss)
3258 http fetch GET 200 https://registry.npmjs.org/hosted-git-info/-/hosted-git-info-2.8.9.tgz 513328ms (cache miss)
3259 http fetch GET 200 https://registry.npmjs.org/http-proxy-agent/-/http-proxy-agent-2.1.0.tgz 513418ms (cache miss)
3260 http fetch GET 200 https://registry.npmjs.org/https-proxy-agent/-/https-proxy-agent-2.2.4.tgz 513569ms (cache miss)
3261 http fetch GET 200 https://registry.npmjs.org/get-stream/-/get-stream-4.1.0.tgz 513616ms (cache miss)
3262 http fetch GET 200 https://registry.npmjs.org/is-glob/-/is-glob-3.1.0.tgz 513978ms (cache miss)
3263 http fetch GET 200 https://registry.npmjs.org/err-code/-/err-code-1.1.2.tgz 514000ms (cache miss)
3264 http fetch GET 200 https://registry.npmjs.org/fs-minipass/-/fs-minipass-1.2.7.tgz 514220ms (cache miss)
3265 http fetch GET 200 https://registry.npmjs.org/fast-deep-equal/-/fast-deep-equal-1.1.0.tgz 514292ms (cache miss)
3266 http fetch GET 200 https://registry.npmjs.org/define-property/-/define-property-2.0.2.tgz 514475ms (cache miss)
3267 http fetch GET 200 https://registry.npmjs.org/glob/-/glob-7.2.3.tgz 514637ms (cache miss)
3268 warn deprecated glob@7.2.3: Glob versions prior to v9 are no longer supported
3269 http fetch GET 200 https://registry.npmjs.org/chownr/-/chownr-1.1.4.tgz 514743ms (cache miss)
3270 http fetch GET 200 https://registry.npmjs.org/camelcase/-/camelcase-4.1.0.tgz 514765ms (cache miss)
3271 http fetch GET 200 https://registry.npmjs.org/ignore-walk/-/ignore-walk-3.0.4.tgz 515012ms (cache miss)
3272 http fetch GET 200 https://registry.npmjs.org/fill-range/-/fill-range-4.0.0.tgz 515089ms (cache miss)
3273 http fetch GET 200 https://registry.npmjs.org/debug/-/debug-3.1.0.tgz 515312ms (cache miss)
3274 http fetch GET 200 https://registry.npmjs.org/binary-extensions/-/binary-extensions-1.13.1.tgz 515380ms (cache miss)
3275 http fetch GET 200 https://registry.npmjs.org/anymatch/-/anymatch-2.0.0.tgz 515439ms (cache miss)
3276 http fetch GET 200 https://registry.npmjs.org/brace-expansion/-/brace-expansion-1.1.11.tgz 515741ms (cache miss)
3277 http fetch GET 200 https://registry.npmjs.org/chokidar/-/chokidar-2.0.4.tgz 515934ms (cache miss)
3278 http fetch GET 200 https://registry.npmjs.org/json-schema-traverse/-/json-schema-traverse-0.3.1.tgz 516159ms (cache miss)
3279 http fetch GET 200 https://registry.npmjs.org/agentkeepalive/-/agentkeepalive-3.5.3.tgz 516534ms (cache miss)
3280 http fetch GET 200 https://registry.npmjs.org/braces/-/braces-2.3.2.tgz 516553ms (cache miss)
3281 http fetch GET 200 https://registry.npmjs.org/agent-base/-/agent-base-4.3.0.tgz 516612ms (cache miss)
3282 http fetch GET 200 https://registry.npmjs.org/tslib/-/tslib-1.14.1.tgz 517252ms (cache miss)
3283 http fetch GET 200 https://registry.npmjs.org/cacache/-/cacache-11.3.3.tgz 517834ms (cache miss)
3284 http fetch GET 200 https://registry.npmjs.org/tslib/-/tslib-1.14.1.tgz 519105ms (cache miss)
3285 http fetch GET 200 https://registry.npmjs.org/@angular-devkit/architect/-/architect-0.8.9.tgz 520175ms (cache miss)
3286 http fetch GET 200 https://registry.npmjs.org/tslib/-/tslib-2.4.1.tgz 521091ms (cache miss)
3287 http fetch GET 200 https://registry.npmjs.org/@angular-devkit/schematics/-/schematics-0.8.9.tgz 528549ms (cache miss)
3288 http fetch GET 200 https://registry.npmjs.org/ajv/-/ajv-6.4.0.tgz 529026ms (cache miss)
3289 http fetch GET 200 https://registry.npmjs.org/is-extendable/-/is-extendable-1.0.1.tgz 529339ms (cache miss)
3290 http fetch GET 200 https://registry.npmjs.org/is-descriptor/-/is-descriptor-1.0.3.tgz 529933ms (cache miss)
3291 http fetch GET 200 https://registry.npmjs.org/debug/-/debug-3.2.7.tgz 530031ms (cache miss)
3292 http fetch GET 200 https://registry.npmjs.org/@angular-devkit/core/-/core-0.8.9.tgz 530238ms (cache miss)
3293 http fetch GET 200 https://registry.npmjs.org/@schematics/angular/-/angular-0.8.9.tgz 530321ms (cache miss)
3294 http fetch GET 200 https://registry.npmjs.org/define-property/-/define-property-2.0.2.tgz 530399ms (cache miss)
3295 http fetch GET 200 https://registry.npmjs.org/extend-shallow/-/extend-shallow-3.0.2.tgz 530554ms (cache miss)
3296 http fetch GET 200 https://registry.npmjs.org/rimraf/-/rimraf-2.7.1.tgz 530963ms (cache miss)
3297 warn deprecated rimraf@2.7.1: Rimraf versions prior to v4 are no longer supported
3298 http fetch GET 200 https://registry.npmjs.org/glob/-/glob-7.2.3.tgz 531335ms (cache miss)
3299 warn deprecated glob@7.2.3: Glob versions prior to v9 are no longer supported
3300 http fetch GET 200 https://registry.npmjs.org/brace-expansion/-/brace-expansion-1.1.11.tgz 531472ms (cache miss)
3301 http fetch GET 200 https://registry.npmjs.org/is-extendable/-/is-extendable-1.0.1.tgz 531626ms (cache miss)
3302 http fetch GET 200 https://registry.npmjs.org/aproba/-/aproba-1.2.0.tgz 531882ms (cache miss)
3303 http fetch GET 200 https://registry.npmjs.org/yallist/-/yallist-4.0.0.tgz 531935ms (cache miss)
3304 http fetch GET 200 https://registry.npmjs.org/minimatch/-/minimatch-3.1.2.tgz 532109ms (cache miss)
3305 http fetch GET 200 https://registry.npmjs.org/yallist/-/yallist-4.0.0.tgz 532531ms (cache miss)
3306 http fetch GET 200 https://registry.npmjs.org/yallist/-/yallist-4.0.0.tgz 532594ms (cache miss)
3307 http fetch GET 200 https://registry.npmjs.org/minipass/-/minipass-3.3.6.tgz 532596ms (cache miss)
3308 http fetch GET 200 https://registry.npmjs.org/@angular/cli/-/cli-6.2.9.tgz 532669ms (cache miss)
3309 http fetch GET 200 https://registry.npmjs.org/yallist/-/yallist-4.0.0.tgz 533052ms (cache miss)
3310 http fetch GET 200 https://registry.npmjs.org/yallist/-/yallist-4.0.0.tgz 533187ms (cache miss)
3311 http fetch GET 200 https://registry.npmjs.org/minipass/-/minipass-3.3.6.tgz 533461ms (cache miss)
3312 http fetch GET 200 https://registry.npmjs.org/minipass/-/minipass-3.3.6.tgz 533543ms (cache miss)
3313 http fetch GET 200 https://registry.npmjs.org/yallist/-/yallist-4.0.0.tgz 533737ms (cache miss)
3314 http fetch GET 200 https://registry.npmjs.org/minipass/-/minipass-3.3.6.tgz 534131ms (cache miss)
3315 http fetch GET 200 https://registry.npmjs.org/minipass/-/minipass-3.3.6.tgz 534628ms (cache miss)
3316 http fetch GET 200 https://registry.npmjs.org/minipass/-/minipass-3.3.6.tgz 534743ms (cache miss)
3317 http fetch GET 200 https://registry.npmjs.org/minipass/-/minipass-3.3.6.tgz 534784ms (cache miss)
3318 http fetch GET 200 https://registry.npmjs.org/yallist/-/yallist-4.0.0.tgz 534859ms (cache miss)
3319 http fetch GET 200 https://registry.npmjs.org/unique-filename/-/unique-filename-2.0.1.tgz 535305ms (cache miss)
3320 http fetch GET 200 https://registry.npmjs.org/unique-slug/-/unique-slug-3.0.0.tgz 535442ms (cache miss)
3321 http fetch GET 200 https://registry.npmjs.org/yallist/-/yallist-4.0.0.tgz 535465ms (cache miss)
3322 http fetch GET 200 https://registry.npmjs.org/ssri/-/ssri-9.0.1.tgz 535459ms (cache miss)
3323 http fetch GET 200 https://registry.npmjs.org/mkdirp/-/mkdirp-1.0.4.tgz 535502ms (cache miss)
3324 http fetch GET 200 https://registry.npmjs.org/fs-minipass/-/fs-minipass-2.1.0.tgz 535787ms (cache miss)
3325 http fetch GET 200 https://registry.npmjs.org/minipass/-/minipass-3.3.6.tgz 536371ms (cache miss)
3326 http fetch GET 200 https://registry.npmjs.org/@npmcli/fs/-/fs-2.1.2.tgz 536407ms (cache miss)
3327 http fetch GET 200 https://registry.npmjs.org/cacache/-/cacache-16.1.3.tgz 536597ms (cache miss)
3328 http fetch GET 200 https://registry.npmjs.org/semver/-/semver-6.3.1.tgz 536708ms (cache miss)
3329 http fetch GET 200 https://registry.npmjs.org/lru-cache/-/lru-cache-7.18.3.tgz 536760ms (cache miss)
3330 http fetch GET 200 https://registry.npmjs.org/pify/-/pify-4.0.1.tgz 536882ms (cache miss)
3331 http fetch GET 200 https://registry.npmjs.org/make-dir/-/make-dir-2.1.0.tgz 537047ms (cache miss)
3332 http fetch GET 200 https://registry.npmjs.org/brace-expansion/-/brace-expansion-1.1.11.tgz 537235ms (cache miss)
3333 http fetch GET 200 https://registry.npmjs.org/semver/-/semver-5.7.2.tgz 537451ms (cache miss)
3334 http fetch GET 200 https://registry.npmjs.org/minimatch/-/minimatch-3.1.2.tgz 538560ms (cache miss)
3335 http fetch GET 200 https://registry.npmjs.org/tmp/-/tmp-0.2.1.tgz 539331ms (cache miss)
3336 http fetch GET 200 https://registry.npmjs.org/yargs-parser/-/yargs-parser-20.2.9.tgz 539435ms (cache miss)
3337 http fetch GET 200 https://registry.npmjs.org/minimatch/-/minimatch-3.1.2.tgz 540429ms (cache miss)
3338 http fetch GET 200 https://registry.npmjs.org/rxjs/-/rxjs-6.2.2.tgz 540746ms (cache miss)
3339 http fetch GET 200 https://registry.npmjs.org/mime/-/mime-1.6.0.tgz 540874ms (cache miss)
3340 http fetch GET 200 https://registry.npmjs.org/glob/-/glob-7.2.3.tgz 541098ms (cache miss)
3341 warn deprecated glob@7.2.3: Glob versions prior to v9 are no longer supported
3342 http fetch GET 200 https://registry.npmjs.org/cliui/-/cliui-7.0.4.tgz 541191ms (cache miss)
3343 http fetch GET 200 https://registry.npmjs.org/iconv-lite/-/iconv-lite-0.6.3.tgz 541903ms (cache miss)
3344 http fetch GET 200 https://registry.npmjs.org/string_decoder/-/string_decoder-1.1.1.tgz 542036ms (cache miss)
3345 http fetch GET 200 https://registry.npmjs.org/safe-buffer/-/safe-buffer-5.1.2.tgz 542075ms (cache miss)
3346 http fetch GET 200 https://registry.npmjs.org/supports-color/-/supports-color-8.1.1.tgz 542413ms (cache miss)
3347 http fetch GET 200 https://registry.npmjs.org/yargs/-/yargs-16.2.0.tgz 542709ms (cache miss)
3348 http fetch GET 200 https://registry.npmjs.org/brace-expansion/-/brace-expansion-1.1.11.tgz 543525ms (cache miss)
3349 http fetch GET 200 https://registry.npmjs.org/glob/-/glob-7.2.3.tgz 544601ms (cache miss)
3350 warn deprecated glob@7.2.3: Glob versions prior to v9 are no longer supported
3351 http fetch GET 200 https://registry.npmjs.org/readable-stream/-/readable-stream-2.3.7.tgz 545020ms (cache miss)
3352 http fetch GET 200 https://registry.npmjs.org/minimatch/-/minimatch-3.1.2.tgz 545486ms (cache miss)
3353 http fetch GET 200 https://registry.npmjs.org/rimraf/-/rimraf-2.7.1.tgz 545929ms (cache miss)
3354 warn deprecated rimraf@2.7.1: Rimraf versions prior to v4 are no longer supported
3355 http fetch GET 200 https://registry.npmjs.org/jasmine-core/-/jasmine-core-2.8.0.tgz 546009ms (cache miss)
3356 http fetch GET 200 https://registry.npmjs.org/pify/-/pify-4.0.1.tgz 546300ms (cache miss)
3357 http fetch GET 200 https://registry.npmjs.org/semver/-/semver-5.7.2.tgz 546510ms (cache miss)
3358 http fetch GET 200 https://registry.npmjs.org/minimatch/-/minimatch-3.1.2.tgz 546573ms (cache miss)
3359 http fetch GET 200 https://registry.npmjs.org/brace-expansion/-/brace-expansion-1.1.11.tgz 546979ms (cache miss)
3360 http fetch GET 200 https://registry.npmjs.org/make-dir/-/make-dir-2.1.0.tgz 547131ms (cache miss)
3361 http fetch GET 200 https://registry.npmjs.org/brace-expansion/-/brace-expansion-1.1.11.tgz 547547ms (cache miss)
3362 http fetch GET 200 https://registry.npmjs.org/istanbul-lib-coverage/-/istanbul-lib-coverage-2.0.5.tgz 547700ms (cache miss)
3363 http fetch GET 200 https://registry.npmjs.org/glob/-/glob-7.2.3.tgz 548360ms (cache miss)
3364 warn deprecated glob@7.2.3: Glob versions prior to v9 are no longer supported
3365 http fetch GET 200 https://registry.npmjs.org/statuses/-/statuses-2.0.1.tgz 548634ms (cache miss)
3366 http fetch GET 200 https://registry.npmjs.org/string_decoder/-/string_decoder-1.1.1.tgz 548702ms (cache miss)
3367 http fetch GET 200 https://registry.npmjs.org/semver/-/semver-6.3.1.tgz 548739ms (cache miss)
3368 http fetch GET 200 https://registry.npmjs.org/safe-buffer/-/safe-buffer-5.1.2.tgz 549870ms (cache miss)
3369 http fetch GET 200 https://registry.npmjs.org/kind-of/-/kind-of-4.0.0.tgz 550634ms (cache miss)
3370 http fetch GET 200 https://registry.npmjs.org/is-number/-/is-number-3.0.0.tgz 550851ms (cache miss)
3371 http fetch GET 200 https://registry.npmjs.org/lru-cache/-/lru-cache-7.18.3.tgz 551254ms (cache miss)
3372 http fetch GET 200 https://registry.npmjs.org/kind-of/-/kind-of-3.2.2.tgz 551294ms (cache miss)
3373 http fetch GET 200 https://registry.npmjs.org/ansi-regex/-/ansi-regex-2.1.1.tgz 551547ms (cache miss)
3374 http fetch GET 200 https://registry.npmjs.org/json-schema-traverse/-/json-schema-traverse-0.4.1.tgz 551557ms (cache miss)
3375 http fetch GET 200 https://registry.npmjs.org/string_decoder/-/string_decoder-1.1.1.tgz 551899ms (cache miss)
3376 http fetch GET 200 https://registry.npmjs.org/readable-stream/-/readable-stream-2.3.7.tgz 552061ms (cache miss)
3377 http fetch GET 200 https://registry.npmjs.org/safe-buffer/-/safe-buffer-5.1.2.tgz 552413ms (cache miss)
3378 http fetch GET 200 https://registry.npmjs.org/source-map/-/source-map-0.6.1.tgz 552532ms (cache miss)
3379 http fetch GET 200 https://registry.npmjs.org/minimatch/-/minimatch-9.0.5.tgz 553464ms (cache miss)
3380 http fetch GET 200 https://registry.npmjs.org/string_decoder/-/string_decoder-1.1.1.tgz 554019ms (cache miss)
3381 http fetch GET 200 https://registry.npmjs.org/string_decoder/-/string_decoder-1.1.1.tgz 554405ms (cache miss)
3382 http fetch GET 200 https://registry.npmjs.org/resolve-from/-/resolve-from-4.0.0.tgz 554639ms (cache miss)
3383 http fetch GET 200 https://registry.npmjs.org/safe-buffer/-/safe-buffer-5.1.2.tgz 554679ms (cache miss)
3384 http fetch GET 200 https://registry.npmjs.org/signal-exit/-/signal-exit-4.1.0.tgz 554839ms (cache miss)
3385 http fetch GET 200 https://registry.npmjs.org/safe-buffer/-/safe-buffer-5.1.2.tgz 555107ms (cache miss)
3386 http fetch GET 200 https://registry.npmjs.org/readable-stream/-/readable-stream-2.3.8.tgz 555172ms (cache miss)
3387 http fetch GET 200 https://registry.npmjs.org/ms/-/ms-2.0.0.tgz 555453ms (cache miss)
3388 http fetch GET 200 https://registry.npmjs.org/on-finished/-/on-finished-2.3.0.tgz 555656ms (cache miss)
3389 http fetch GET 200 https://registry.npmjs.org/is-descriptor/-/is-descriptor-1.0.3.tgz 556026ms (cache miss)
3390 http fetch GET 200 https://registry.npmjs.org/readable-stream/-/readable-stream-2.3.8.tgz 556185ms (cache miss)
3391 http fetch GET 200 https://registry.npmjs.org/debug/-/debug-2.6.9.tgz 556303ms (cache miss)
3392 http fetch GET 200 https://registry.npmjs.org/define-property/-/define-property-1.0.0.tgz 556399ms (cache miss)
3393 http fetch GET 200 https://registry.npmjs.org/statuses/-/statuses-2.0.1.tgz 556505ms (cache miss)
3394 http fetch GET 200 https://registry.npmjs.org/ms/-/ms-2.0.0.tgz 556542ms (cache miss)
3395 http fetch GET 200 https://registry.npmjs.org/encodeurl/-/encodeurl-2.0.0.tgz 557008ms (cache miss)
3396 http fetch GET 200 https://registry.npmjs.org/finalhandler/-/finalhandler-1.3.1.tgz 557090ms (cache miss)
3397 http fetch GET 200 https://registry.npmjs.org/array-flatten/-/array-flatten-1.1.1.tgz 557144ms (cache miss)
3398 http fetch GET 200 https://registry.npmjs.org/readable-stream/-/readable-stream-2.3.8.tgz 557193ms (cache miss)
3399 http fetch GET 200 https://registry.npmjs.org/debug/-/debug-2.6.9.tgz 557274ms (cache miss)
3400 http fetch GET 200 https://registry.npmjs.org/cookie/-/cookie-0.7.1.tgz 557326ms (cache miss)
3401 http fetch GET 200 https://registry.npmjs.org/ms/-/ms-2.0.0.tgz 557324ms (cache miss)
3402 http fetch GET 200 https://registry.npmjs.org/estraverse/-/estraverse-5.3.0.tgz 557758ms (cache miss)
3403 http fetch GET 200 https://registry.npmjs.org/tslib/-/tslib-2.3.0.tgz 557815ms (cache miss)
3404 http fetch GET 200 https://registry.npmjs.org/ajv/-/ajv-6.12.6.tgz 557971ms (cache miss)
3405 http fetch GET 200 https://registry.npmjs.org/string_decoder/-/string_decoder-1.1.1.tgz 558151ms (cache miss)
3406 http fetch GET 200 https://registry.npmjs.org/safe-buffer/-/safe-buffer-5.1.2.tgz 558339ms (cache miss)
3407 http fetch GET 200 https://registry.npmjs.org/debug/-/debug-2.6.9.tgz 558452ms (cache miss)
3408 http fetch GET 200 https://registry.npmjs.org/jsbn/-/jsbn-0.1.1.tgz 558588ms (cache miss)
3409 http fetch GET 200 https://registry.npmjs.org/rimraf/-/rimraf-2.7.1.tgz 558657ms (cache miss)
3410 warn deprecated rimraf@2.7.1: Rimraf versions prior to v4 are no longer supported
3411 http fetch GET 200 https://registry.npmjs.org/globby/-/globby-5.0.0.tgz 559545ms (cache miss)
3412 http fetch GET 200 https://registry.npmjs.org/glob/-/glob-7.2.3.tgz 559591ms (cache miss)
3413 warn deprecated glob@7.2.3: Glob versions prior to v9 are no longer supported
3414 http fetch GET 200 https://registry.npmjs.org/which/-/which-2.0.2.tgz 560342ms (cache miss)
3415 http fetch GET 200 https://registry.npmjs.org/minimatch/-/minimatch-3.1.2.tgz 560374ms (cache miss)
3416 http fetch GET 200 https://registry.npmjs.org/rimraf/-/rimraf-2.7.1.tgz 560963ms (cache miss)
3417 warn deprecated rimraf@2.7.1: Rimraf versions prior to v4 are no longer supported
3418 http fetch GET 200 https://registry.npmjs.org/readable-stream/-/readable-stream-2.3.8.tgz 561025ms (cache miss)
3419 http fetch GET 200 https://registry.npmjs.org/glob-parent/-/glob-parent-6.0.2.tgz 561233ms (cache miss)
3420 http fetch GET 200 https://registry.npmjs.org/brace-expansion/-/brace-expansion-1.1.11.tgz 561637ms (cache miss)
3421 http fetch GET 200 https://registry.npmjs.org/brace-expansion/-/brace-expansion-1.1.11.tgz 561643ms (cache miss)
3422 http fetch GET 200 https://registry.npmjs.org/source-map/-/source-map-0.6.1.tgz 561785ms (cache miss)
3423 http fetch GET 200 https://registry.npmjs.org/minimatch/-/minimatch-3.1.2.tgz 561719ms (cache miss)
3424 http fetch GET 200 https://registry.npmjs.org/glob/-/glob-7.2.3.tgz 561745ms (cache miss)
3425 warn deprecated glob@7.2.3: Glob versions prior to v9 are no longer supported
3426 http fetch GET 200 https://registry.npmjs.org/aproba/-/aproba-1.2.0.tgz 561863ms (cache miss)
3427 http fetch GET 200 https://registry.npmjs.org/ms/-/ms-2.0.0.tgz 561867ms (cache miss)
3428 http fetch GET 200 https://registry.npmjs.org/safe-buffer/-/safe-buffer-5.1.2.tgz 562317ms (cache miss)
3429 http fetch GET 200 https://registry.npmjs.org/string_decoder/-/string_decoder-1.1.1.tgz 562323ms (cache miss)
3430 http fetch GET 200 https://registry.npmjs.org/safe-buffer/-/safe-buffer-5.1.2.tgz 562394ms (cache miss)
3431 http fetch GET 200 https://registry.npmjs.org/source-map/-/source-map-0.6.1.tgz 562519ms (cache miss)
3432 http fetch GET 200 https://registry.npmjs.org/ms/-/ms-2.0.0.tgz 562687ms (cache miss)
3433 http fetch GET 200 https://registry.npmjs.org/readable-stream/-/readable-stream-2.3.8.tgz 562783ms (cache miss)
3434 http fetch GET 200 https://registry.npmjs.org/color-name/-/color-name-1.1.3.tgz 562847ms (cache miss)
3435 http fetch GET 200 https://registry.npmjs.org/bytes/-/bytes-3.0.0.tgz 562851ms (cache miss)
3436 http fetch GET 200 https://registry.npmjs.org/debug/-/debug-2.6.9.tgz 562943ms (cache miss)
3437 http fetch GET 200 https://registry.npmjs.org/debug/-/debug-2.6.9.tgz 563367ms (cache miss)
3438 http fetch GET 200 https://registry.npmjs.org/iconv-lite/-/iconv-lite-0.6.3.tgz 564407ms (cache miss)
3439 http fetch GET 200 https://registry.npmjs.org/tslib/-/tslib-1.14.1.tgz 564660ms (cache miss)
3440 http fetch GET 200 https://registry.npmjs.org/lru-cache/-/lru-cache-7.18.3.tgz 566720ms (cache miss)
3441 http fetch GET 200 https://registry.npmjs.org/debug/-/debug-3.2.7.tgz 568434ms (cache miss)
3442 http fetch GET 200 https://registry.npmjs.org/agent-base/-/agent-base-4.3.0.tgz 569857ms (cache miss)
3443 http fetch GET 200 https://registry.npmjs.org/ms/-/ms-2.0.0.tgz 570066ms (cache miss)
3444 http fetch GET 200 https://registry.npmjs.org/https-proxy-agent/-/https-proxy-agent-2.2.4.tgz 570782ms (cache miss)
3445 http fetch GET 200 https://registry.npmjs.org/debug/-/debug-2.6.9.tgz 571180ms (cache miss)
3446 http fetch GET 200 https://registry.npmjs.org/define-property/-/define-property-1.0.0.tgz 571557ms (cache miss)
3447 http fetch GET 200 https://registry.npmjs.org/is-descriptor/-/is-descriptor-1.0.3.tgz 571739ms (cache miss)
3448 http fetch GET 200 https://registry.npmjs.org/sprintf-js/-/sprintf-js-1.0.3.tgz 572892ms (cache miss)
3449 http fetch GET 200 https://registry.npmjs.org/semver/-/semver-6.3.1.tgz 572904ms (cache miss)
3450 http fetch GET 200 https://registry.npmjs.org/color-convert/-/color-convert-2.0.1.tgz 573652ms (cache miss)
3451 http fetch GET 200 https://registry.npmjs.org/loader-utils/-/loader-utils-2.0.4.tgz 573832ms (cache miss)
3452 http fetch GET 200 https://registry.npmjs.org/minipass-fetch/-/minipass-fetch-3.0.5.tgz 575313ms (cache miss)
3453 http fetch GET 200 https://registry.npmjs.org/minipass/-/minipass-7.1.2.tgz 576700ms (cache miss)
3454 http fetch GET 200 https://registry.npmjs.org/source-map/-/source-map-0.5.7.tgz 576799ms (cache miss)
3455 http fetch GET 200 https://registry.npmjs.org/minipass/-/minipass-5.0.0.tgz 577572ms (cache miss)
3456 http fetch GET 200 https://registry.npmjs.org/minimatch/-/minimatch-9.0.5.tgz 578530ms (cache miss)
3457 http fetch GET 200 https://registry.npmjs.org/make-fetch-happen/-/make-fetch-happen-11.1.1.tgz 578772ms (cache miss)
3458 http fetch GET 200 https://registry.npmjs.org/lru-cache/-/lru-cache-7.18.3.tgz 578963ms (cache miss)
3459 http fetch GET 200 https://registry.npmjs.org/to-regex-range/-/to-regex-range-2.1.1.tgz 579208ms (cache miss)
3460 http fetch GET 200 https://registry.npmjs.org/string_decoder/-/string_decoder-1.1.1.tgz 579660ms (cache miss)
3461 http fetch GET 200 https://registry.npmjs.org/tslib/-/tslib-1.14.1.tgz 580161ms (cache miss)
3462 http fetch GET 200 https://registry.npmjs.org/safe-buffer/-/safe-buffer-5.1.2.tgz 581087ms (cache miss)
3463 http fetch GET 200 https://registry.npmjs.org/uri-js/-/uri-js-3.0.2.tgz 581514ms (cache miss)
3464 http fetch GET 200 https://registry.npmjs.org/semver/-/semver-5.6.0.tgz 582567ms (cache miss)
3465 http fetch GET 200 https://registry.npmjs.org/readdirp/-/readdirp-2.2.1.tgz 583165ms (cache miss)
3466 http fetch GET 200 https://registry.npmjs.org/source-map/-/source-map-0.5.7.tgz 584901ms (cache miss)
3467 http fetch GET 200 https://registry.npmjs.org/normalize-path/-/normalize-path-2.1.1.tgz 585092ms (cache miss)
3468 http fetch GET 200 https://registry.npmjs.org/readable-stream/-/readable-stream-2.3.8.tgz 585861ms (cache miss)
3469 http fetch GET 200 https://registry.npmjs.org/micromatch/-/micromatch-3.1.10.tgz 585990ms (cache miss)
3470 http fetch GET 200 https://registry.npmjs.org/json-schema-traverse/-/json-schema-traverse-0.3.1.tgz 586222ms (cache miss)
3471 http fetch GET 200 https://registry.npmjs.org/extend-shallow/-/extend-shallow-3.0.2.tgz 586228ms (cache miss)
3472 http fetch GET 200 https://registry.npmjs.org/is-number/-/is-number-3.0.0.tgz 586603ms (cache miss)
3473 http fetch GET 200 https://registry.npmjs.org/kind-of/-/kind-of-3.2.2.tgz 586761ms (cache miss)
3474 http fetch GET 200 https://registry.npmjs.org/is-extendable/-/is-extendable-1.0.1.tgz 586766ms (cache miss)
3475 http fetch GET 200 https://registry.npmjs.org/is-binary-path/-/is-binary-path-1.0.1.tgz 587189ms (cache miss)
3476 http fetch GET 200 https://registry.npmjs.org/is-descriptor/-/is-descriptor-1.0.3.tgz 587480ms (cache miss)
3477 http fetch GET 200 https://registry.npmjs.org/glob-parent/-/glob-parent-3.1.0.tgz 587597ms (cache miss)
3478 http fetch GET 200 https://registry.npmjs.org/is-glob/-/is-glob-3.1.0.tgz 587834ms (cache miss)
3479 http fetch GET 200 https://registry.npmjs.org/fill-range/-/fill-range-4.0.0.tgz 588018ms (cache miss)
3480 http fetch GET 200 https://registry.npmjs.org/fast-deep-equal/-/fast-deep-equal-1.1.0.tgz 588079ms (cache miss)
3481 http fetch GET 200 https://registry.npmjs.org/define-property/-/define-property-2.0.2.tgz 588343ms (cache miss)
3482 http fetch GET 200 https://registry.npmjs.org/binary-extensions/-/binary-extensions-1.13.1.tgz 588519ms (cache miss)
3483 http fetch GET 200 https://registry.npmjs.org/braces/-/braces-2.3.2.tgz 589257ms (cache miss)
3484 http fetch GET 200 https://registry.npmjs.org/@angular/material/-/material-15.2.9.tgz 590180ms (cache miss)
3485 http fetch GET 200 https://registry.npmjs.org/anymatch/-/anymatch-2.0.0.tgz 589476ms (cache miss)
3486 http fetch GET 200 https://registry.npmjs.org/chokidar/-/chokidar-2.0.4.tgz 590011ms (cache miss)
3487 http fetch GET 200 https://registry.npmjs.org/which/-/which-3.0.1.tgz 592832ms (cache miss)
3488 http fetch GET 200 https://registry.npmjs.org/ajv/-/ajv-6.4.0.tgz 592858ms (cache miss)
3489 http fetch GET 200 https://registry.npmjs.org/which/-/which-3.0.1.tgz 593161ms (cache miss)
3490 http fetch GET 200 https://registry.npmjs.org/mkdirp/-/mkdirp-1.0.4.tgz 593642ms (cache miss)
3491 http fetch GET 200 https://registry.npmjs.org/which/-/which-3.0.1.tgz 593916ms (cache miss)
3492 http fetch GET 200 https://registry.npmjs.org/@angular-devkit/schematics/-/schematics-0.8.9.tgz 596110ms (cache miss)
3493 http fetch GET 200 https://registry.npmjs.org/lru-cache/-/lru-cache-7.18.3.tgz 596567ms (cache miss)
3494 http fetch GET 200 https://registry.npmjs.org/wrap-ansi/-/wrap-ansi-8.1.0.tgz 596918ms (cache miss)
3495 http fetch GET 200 https://registry.npmjs.org/strip-ansi/-/strip-ansi-7.1.0.tgz 597318ms (cache miss)
3496 http fetch GET 200 https://registry.npmjs.org/@jridgewell/gen-mapping/-/gen-mapping-0.3.8.tgz 597393ms (cache miss)
3497 http fetch GET 200 https://registry.npmjs.org/string-width/-/string-width-5.1.2.tgz 597505ms (cache miss)
3498 http fetch GET 200 https://registry.npmjs.org/ansi-styles/-/ansi-styles-6.2.1.tgz 597808ms (cache miss)
3499 http fetch GET 200 https://registry.npmjs.org/ansi-regex/-/ansi-regex-6.1.0.tgz 598190ms (cache miss)
3500 http fetch GET 200 https://registry.npmjs.org/emoji-regex/-/emoji-regex-9.2.2.tgz 598279ms (cache miss)
3501 http fetch GET 200 https://registry.npmjs.org/yargs-parser/-/yargs-parser-20.2.9.tgz 598554ms (cache miss)
3502 http fetch GET 200 https://registry.npmjs.org/cliui/-/cliui-7.0.4.tgz 598796ms (cache miss)
3503 http fetch GET 200 https://registry.npmjs.org/yargs/-/yargs-17.7.2.tgz 600932ms (cache miss)
3504 http fetch GET 200 https://registry.npmjs.org/yargs/-/yargs-16.2.0.tgz 601126ms (cache miss)
3505 http fetch GET 200 https://registry.npmjs.org/@angular-devkit/core/-/core-0.8.9.tgz 601531ms (cache miss)
3506 http fetch GET 200 https://registry.npmjs.org/rxjs/-/rxjs-6.2.2.tgz 601971ms (cache miss)
3507 http fetch GET 200 https://registry.npmjs.org/long/-/long-5.2.4.tgz 602240ms (cache miss)
3508 http fetch GET 200 https://registry.npmjs.org/@grpc/proto-loader/-/proto-loader-0.7.13.tgz 602624ms (cache miss)
3509 http fetch GET 200 https://registry.npmjs.org/symbol-observable/-/symbol-observable-1.0.1.tgz 602722ms (cache miss)
3510 http fetch GET 200 https://registry.npmjs.org/idb/-/idb-7.0.1.tgz 602959ms (cache miss)
3511 http fetch GET 200 https://registry.npmjs.org/idb/-/idb-7.0.1.tgz 603190ms (cache miss)
3512 http fetch GET 200 https://registry.npmjs.org/@babel/template/-/template-7.25.9.tgz 604026ms (cache miss)
3513 http fetch GET 200 https://registry.npmjs.org/@jridgewell/trace-mapping/-/trace-mapping-0.3.9.tgz 604979ms (cache miss)
3514 http fetch GET 200 https://registry.npmjs.org/@jridgewell/gen-mapping/-/gen-mapping-0.3.8.tgz 606032ms (cache miss)
3515 http fetch GET 200 https://registry.npmjs.org/semver/-/semver-6.3.1.tgz 607764ms (cache miss)
3516 http fetch GET 200 https://registry.npmjs.org/jsesc/-/jsesc-3.1.0.tgz 608620ms (cache miss)
3517 http fetch GET 200 https://registry.npmjs.org/semver/-/semver-6.3.1.tgz 610199ms (cache miss)
3518 http fetch GET 200 https://registry.npmjs.org/@babel/generator/-/generator-7.26.5.tgz 611280ms (cache miss)
3519 http fetch GET 200 https://registry.npmjs.org/semver/-/semver-6.3.1.tgz 611346ms (cache miss)
3520 http fetch GET 200 https://registry.npmjs.org/@jridgewell/gen-mapping/-/gen-mapping-0.3.2.tgz 612848ms (cache miss)
3521 http fetch GET 200 https://registry.npmjs.org/semver/-/semver-6.3.1.tgz 613993ms (cache miss)
3522 http fetch GET 200 https://registry.npmjs.org/semver/-/semver-6.3.1.tgz 614251ms (cache miss)
3523 http fetch GET 200 https://registry.npmjs.org/semver/-/semver-6.3.1.tgz 614714ms (cache miss)
3524 http fetch GET 200 https://registry.npmjs.org/protobufjs/-/protobufjs-7.4.0.tgz 615028ms (cache miss)
3525 http fetch GET 200 https://registry.npmjs.org/@angular/core/-/core-15.1.2.tgz 617309ms (cache miss)
3526 http fetch GET 200 https://registry.npmjs.org/parse5/-/parse5-7.3.0.tgz 616783ms (cache miss)
3527 http fetch GET 200 https://registry.npmjs.org/semver/-/semver-6.3.1.tgz 617304ms (cache miss)
3528 http fetch GET 200 https://registry.npmjs.org/@firebase/firestore/-/firestore-3.13.0.tgz 618554ms (cache miss)
3529 http fetch GET 200 https://registry.npmjs.org/tslib/-/tslib-1.14.1.tgz 617626ms (cache miss)
3530 http fetch GET 200 https://registry.npmjs.org/tslib/-/tslib-1.14.1.tgz 618379ms (cache miss)
3531 http fetch GET 200 https://registry.npmjs.org/magic-string/-/magic-string-0.27.0.tgz 624399ms (cache miss)
3532 http fetch GET 200 https://registry.npmjs.org/entities/-/entities-6.0.1.tgz 624538ms (cache miss)
3533 http fetch GET 200 https://registry.npmjs.org/tslib/-/tslib-1.14.1.tgz 625288ms (cache miss)
3534 http fetch GET 200 https://registry.npmjs.org/@babel/core/-/core-7.19.3.tgz 627624ms (cache miss)
3535 http fetch GET 200 https://registry.npmjs.org/tslib/-/tslib-1.14.1.tgz 628253ms (cache miss)
3536 http fetch GET 200 https://registry.npmjs.org/rxjs/-/rxjs-6.6.7.tgz 628465ms (cache miss)
3537 http fetch GET 200 https://registry.npmjs.org/tslib/-/tslib-1.14.1.tgz 628820ms (cache miss)
3538 http fetch GET 200 https://registry.npmjs.org/@babel/core/-/core-7.19.3.tgz 630180ms (cache miss)
3539 http fetch GET 200 https://registry.npmjs.org/semver 628234ms (cache miss)
3540 silly packumentCache corgi:https://registry.npmjs.org/semver set size:undefined disposed:false
3541 http fetch GET 200 https://registry.npmjs.org/@angular/compiler/-/compiler-15.1.2.tgz 639508ms (cache miss)
3542 http fetch GET 200 https://registry.npmjs.org/@babel%2fhelpers 636037ms (cache miss)
3543 silly packumentCache corgi:https://registry.npmjs.org/@babel%2fhelpers set size:undefined disposed:false
3544 http fetch GET 200 https://registry.npmjs.org/rxjs/-/rxjs-5.5.12.tgz 641910ms (cache miss)
3545 http fetch GET 200 https://registry.npmjs.org/yargs-parser 639519ms (cache miss)
3546 silly packumentCache corgi:https://registry.npmjs.org/yargs-parser set size:undefined disposed:false
3547 http fetch GET 200 https://registry.npmjs.org/@angular%2fcore 640787ms (cache miss)
3548 silly packumentCache corgi:https://registry.npmjs.org/@angular%2fcore set size:undefined disposed:false
3549 http fetch GET 200 https://registry.npmjs.org/braces 642096ms (cache miss)
3550 silly packumentCache corgi:https://registry.npmjs.org/braces set size:undefined disposed:false
3551 http fetch GET 200 https://registry.npmjs.org/@babel%2fruntime 642584ms (cache miss)
3552 silly packumentCache corgi:https://registry.npmjs.org/@babel%2fruntime set size:undefined disposed:false
3553 http fetch GET 200 https://registry.npmjs.org/micromatch 642633ms (cache miss)
3554 silly packumentCache corgi:https://registry.npmjs.org/micromatch set size:undefined disposed:false
3555 http fetch GET 200 https://registry.npmjs.org/@grpc%2fgrpc-js 642664ms (cache miss)
3556 silly packumentCache corgi:https://registry.npmjs.org/@grpc%2fgrpc-js set size:undefined disposed:false
3557 http fetch GET 200 https://registry.npmjs.org/brace-expansion 643024ms (cache miss)
3558 silly packumentCache corgi:https://registry.npmjs.org/brace-expansion set size:undefined disposed:false
3559 http fetch GET 200 https://registry.npmjs.org/form-data 644110ms (cache miss)
3560 silly packumentCache corgi:https://registry.npmjs.org/form-data set size:undefined disposed:false
3561 http fetch GET 200 https://registry.npmjs.org/rxjs/-/rxjs-6.6.7.tgz 648966ms (cache miss)
3562 http fetch GET 200 https://registry.npmjs.org/ajv 645061ms (cache miss)
3563 silly packumentCache corgi:https://registry.npmjs.org/ajv set size:undefined disposed:false
3564 http fetch GET 200 https://registry.npmjs.org/ini 645949ms (cache miss)
3565 silly packumentCache corgi:https://registry.npmjs.org/ini set size:undefined disposed:false
3566 http fetch GET 200 https://registry.npmjs.org/http-cache-semantics 646017ms (cache miss)
3567 silly packumentCache corgi:https://registry.npmjs.org/http-cache-semantics set size:undefined disposed:false
3568 http fetch GET 200 https://registry.npmjs.org/http-proxy-middleware 646399ms (cache miss)
3569 silly packumentCache corgi:https://registry.npmjs.org/http-proxy-middleware set size:undefined disposed:false
3570 http fetch GET 200 https://registry.npmjs.org/ip 646552ms (cache miss)
3571 silly packumentCache corgi:https://registry.npmjs.org/ip set size:undefined disposed:false
3572 http fetch GET 200 https://registry.npmjs.org/tmp 646766ms (cache miss)
3573 silly packumentCache corgi:https://registry.npmjs.org/tmp set size:undefined disposed:false
3574 http fetch GET 200 https://registry.npmjs.org/@angular/language-service/-/language-service-15.1.2.tgz 652336ms (cache miss)
3575 http fetch GET 200 https://registry.npmjs.org/on-headers 647348ms (cache miss)
3576 silly packumentCache corgi:https://registry.npmjs.org/on-headers set size:undefined disposed:false
3577 http fetch GET 200 https://registry.npmjs.org/zone.js/-/zone.js-0.10.3.tgz 652990ms (cache miss)
3578 http fetch GET 200 https://registry.npmjs.org/request 649351ms (cache miss)
3579 silly packumentCache corgi:https://registry.npmjs.org/request set size:undefined disposed:false
3580 http fetch GET 200 https://registry.npmjs.org/ssri 649852ms (cache miss)
3581 silly packumentCache corgi:https://registry.npmjs.org/ssri set size:undefined disposed:false
3582 http fetch GET 200 https://registry.npmjs.org/tar 649856ms (cache miss)
3583 silly packumentCache corgi:https://registry.npmjs.org/tar set size:undefined disposed:false
3584 http fetch GET 200 https://registry.npmjs.org/esbuild 650052ms (cache miss)
3585 silly packumentCache corgi:https://registry.npmjs.org/esbuild set size:undefined disposed:false
3586 http fetch GET 200 https://registry.npmjs.org/npm-registry-fetch 650467ms (cache miss)
3587 silly packumentCache corgi:https://registry.npmjs.org/npm-registry-fetch set size:undefined disposed:false
3588 http fetch GET 200 https://registry.npmjs.org/xml2js 650569ms (cache miss)
3589 silly packumentCache corgi:https://registry.npmjs.org/xml2js set size:undefined disposed:false
3590 http fetch GET 200 https://registry.npmjs.org/tough-cookie 650807ms (cache miss)
3591 silly packumentCache corgi:https://registry.npmjs.org/tough-cookie set size:undefined disposed:false
3592 http fetch GET 200 https://registry.npmjs.org/webpack-dev-server 653230ms (cache miss)
3593 silly packumentCache corgi:https://registry.npmjs.org/webpack-dev-server set size:undefined disposed:false
3594 http fetch GET 200 https://registry.npmjs.org/rxjs/-/rxjs-6.6.7.tgz 660642ms (cache miss)
3595 http fetch GET 200 https://registry.npmjs.org/rxjs/-/rxjs-6.6.7.tgz 666716ms (cache miss)
3596 http fetch GET 200 https://registry.npmjs.org/sweetalert2 662959ms (cache miss)
3597 silly packumentCache corgi:https://registry.npmjs.org/sweetalert2 set size:undefined disposed:false
3598 http fetch GET 200 https://registry.npmjs.org/webpack 663802ms (cache miss)
3599 silly packumentCache corgi:https://registry.npmjs.org/webpack set size:undefined disposed:false
3600 http fetch GET 200 https://registry.npmjs.org/rxjs/-/rxjs-6.6.7.tgz 674450ms (cache miss)
3601 http fetch GET 200 https://registry.npmjs.org/rxjs/-/rxjs-6.6.7.tgz 674461ms (cache miss)
3602 http fetch GET 200 https://registry.npmjs.org/typescript/-/typescript-2.9.2.tgz 708008ms (cache miss)
3603 http fetch GET 200 https://registry.npmjs.org/typescript/-/typescript-4.9.5.tgz 734746ms (cache miss)
3604 http fetch GET 200 https://registry.npmjs.org/@angular/core/-/core-9.0.0.tgz 740762ms (cache miss)
3605 http fetch GET 200 https://registry.npmjs.org/@angular/compiler/-/compiler-9.0.0.tgz 756873ms (cache miss)
3606 verbose type system
3607 verbose stack FetchError: request to https://codeload.github.com/angular/router/tar.gz/HEAD failed, reason: 
3607 verbose stack     at ClientRequest.<anonymous> (/usr/lib/node_modules/npm/node_modules/minipass-fetch/lib/index.js:130:14)
3607 verbose stack     at ClientRequest.emit (node:events:524:28)
3607 verbose stack     at emitErrorEvent (node:_http_client:101:11)
3607 verbose stack     at _destroy (node:_http_client:884:9)
3607 verbose stack     at onSocketNT (node:_http_client:904:5)
3607 verbose stack     at process.processTicksAndRejections (node:internal/process/task_queues:83:21)
3608 error code ETIMEDOUT
3609 error errno ETIMEDOUT
3610 error network request to https://codeload.github.com/angular/router/tar.gz/HEAD failed, reason: 
3611 error network This is a problem related to network connectivity.
3611 error network In most cases you are behind a proxy or have bad network settings.
3611 error network
3611 error network If you are behind a proxy, please make sure that the
3611 error network 'proxy' config is set properly.  See: 'npm help config'
3612 silly unfinished npm timer reify 1762960441871
3613 silly unfinished npm timer reify:audit 1762960444983
3614 silly unfinished npm timer reify:unpack 1762960445029
3615 silly unfinished npm timer reifyNode:node_modules/angular-new-router 1762960445061
3616 silly unfinished npm timer auditReport:init 1762960454597
3617 silly unfinished npm timer metavuln:calculate:security-advisory:firebase:1100557 1762960454613
3618 silly unfinished npm timer metavuln:packument:firebase 1762960454613
3619 verbose cwd /home/david/Documents/M-Fix-back-office
3620 verbose os Linux 6.14.0-33-generic
3621 verbose node v20.19.5
3622 verbose npm  v10.8.2
3623 notice
3623 notice New [31mmajor[39m version of npm available! [31m10.8.2[39m -> [34m11.6.2[39m
3623 notice Changelog: [34mhttps://github.com/npm/cli/releases/tag/v11.6.2[39m
3623 notice To update run: [4mnpm install -g npm@11.6.2[24m
3623 notice  { force: true, [Symbol(proc-log.meta)]: true }
3624 verbose exit 1
3625 verbose code 1
3626 error A complete log of this run can be found in: /home/david/Documents/M-Fix-back-office/.npm-cache/_logs/2025-11-12T15_14_01_422Z-debug-0.log
